sku_id,product_id,shade_name,list_price,sale_price,size,oz_value,g_value,ml_value,fl_oz_value,badge,in_stock,image_url,price_per_oz,price_per_g
2998102,P517483,Teacup,25.0,,,,,,,Clean at Sephora,False,https://www.sephora.com/productimages/sku/s2998102-main-zoom.jpg?pb=clean-at-sephora,,
2896181,P517483,Piggy - baby pink,25.0,,,,,,,Clean at Sephora,False,https://www.sephora.com/productimages/sku/s2896181-main-zoom.jpg?pb=clean-at-sephora,,
2896033,P517483,Sprinkle - warm pearly pink,25.0,,,,,,,Clean at Sephora,False,https://www.sephora.com/productimages/sku/s2896033-main-zoom.jpg?pb=clean-at-sephora,,
2895779,P517483,Juice Box - hot pink,25.0,,,,,,,Clean at Sephora,False,https://www.sephora.com/productimages/sku/s2895779-main-zoom.jpg?pb=clean-at-sephora,,
2895860,P517483,Spicy Marg - bright coral,25.0,,,,,,,Clean at Sephora,False,https://www.sephora.com/productimages/sku/s2895860-main-zoom.jpg?pb=clean-at-sephora,,
2896124,P517483,Freckle - neutral peach,25.0,,,,,,,Clean at Sephora,False,https://www.sephora.com/productimages/sku/s2896124-main-zoom.jpg?pb=clean-at-sephora,,
2916823,P517483,Tan Line - pinky tan,25.0,,,,,,,Clean at Sephora,False,https://www.sephora.com/productimages/sku/s2916823-main-zoom.jpg?pb=clean-at-sephora,,
2895845,P517483,Sleepy Girl - soft mauve,25.0,,,,,,,Clean at Sephora,False,https://www.sephora.com/productimages/sku/s2895845-main-zoom.jpg?pb=clean-at-sephora,,
2895969,P517483,Toasted Teddy - bronze terracotta,25.0,,,,,,,Clean at Sephora,False,https://www.sephora.com/productimages/sku/s2895969-main-zoom.jpg?pb=clean-at-sephora,,
2916815,P517483,Sun Soak - spiced orange,25.0,,,,,,,Clean at Sephora,False,https://www.sephora.com/productimages/sku/s2916815-main-zoom.jpg?pb=clean-at-sephora,,
2896116,P517483,Date Cake - warm red berry,25.0,,,,,,,Clean at Sephora,False,https://www.sephora.com/productimages/sku/s2896116-main-zoom.jpg?pb=clean-at-sephora,,
2998110,P517483,Candy Apple,25.0,,,,,,,Clean at Sephora,False,https://www.sephora.com/productimages/sku/s2998110-main-zoom.jpg?pb=clean-at-sephora,,
2849768,P458747,She Goes To The Gym,40.0,,,,,,,,False,https://www.sephora.com/productimages/sku/s2849768-main-zoom.jpg,,
2742492,P458747,Just Enough,40.0,,,,,,,,False,https://www.sephora.com/productimages/sku/s2742492-main-zoom.jpg,,
2742500,P458747,Not Too Much,40.0,,,,,,,,False,https://www.sephora.com/productimages/sku/s2742500-main-zoom.jpg,,
2555894,P458747,She's Vibrant,40.0,,,,,,,,False,https://www.sephora.com/productimages/sku/s2555894-main-zoom.jpg,,
2555886,P458747,She's a Doll,40.0,,,,,,,,False,https://www.sephora.com/productimages/sku/s2555886-main-zoom.jpg,,
2363844,P458747,She's That Girl,40.0,,,,,,,,False,https://www.sephora.com/productimages/sku/s2363844-main-zoom.jpg,,
2699379,P458747,She's Flushed,40.0,,,,,,,,False,https://www.sephora.com/productimages/sku/s2699379-main-zoom.jpg,,
2568665,P458747,She's Blushing,40.0,,,,,,,,False,https://www.sephora.com/productimages/sku/s2568665-main-zoom.jpg,,
2699361,P458747,She's Wanted,40.0,,,,,,,,False,https://www.sephora.com/productimages/sku/s2699361-main-zoom.jpg,,
2364289,P458747,She's So LA,40.0,,,,,,,,False,https://www.sephora.com/productimages/sku/s2364289-main-zoom.jpg,,
2906113,P458747,She's That Girl,25.0,,,,,,,,False,https://www.sephora.com/productimages/sku/s2906113-main-zoom.jpg,,
2926020,P458747,She Goes To The Gym,25.0,,,,,,,,False,https://www.sephora.com/productimages/sku/s2926020-main-zoom.jpg,,
2925998,P458747,She's Seductive,25.0,,,,,,,,False,https://www.sephora.com/productimages/sku/s2925998-main-zoom.jpg,,
2926004,P458747,She Left Me On Red,25.0,,,,,,,,False,https://www.sephora.com/productimages/sku/s2926004-main-zoom.jpg,,
2925980,P458747,Soft Launch,40.0,,,,,,,,False,https://www.sephora.com/productimages/sku/s2925980-main-zoom.jpg,,
2849784,P458747,She's Seductive,40.0,,,,,,,,False,https://www.sephora.com/productimages/sku/s2849784-main-zoom.jpg,,
2849776,P458747,She Left Me On Red,40.0,,,,,,,,False,https://www.sephora.com/productimages/sku/s2849776-main-zoom.jpg,,
2849750,P458747,She Knows Who She Is,40.0,,,,,,,,False,https://www.sephora.com/productimages/sku/s2849750-main-zoom.jpg,,
2926012,P458747,Thank Me Later,40.0,,,,,,,,False,https://www.sephora.com/productimages/sku/s2926012-main-zoom.jpg,,
2911741,P97989778,Adore,25.0,,,,,,,allure 2022 Best of Beauty Award Winner,False,https://www.sephora.com/productimages/sku/s2911741-main-zoom.jpg?pb=allure-2022-bestofbeauty-badge,,
2518959,P97989778,Believe,25.0,,,,,,,allure 2022 Best of Beauty Award Winner,False,https://www.sephora.com/productimages/sku/s2518959-main-zoom.jpg?pb=allure-2022-bestofbeauty-badge,,
2518983,P97989778,Hope,25.0,,,,,,,allure 2022 Best of Beauty Award Winner,False,https://www.sephora.com/productimages/sku/s2518983-main-zoom.jpg?pb=allure-2022-bestofbeauty-badge,,
2518991,P97989778,Encourage,25.0,,,,,,,allure 2022 Best of Beauty Award Winner,False,https://www.sephora.com/productimages/sku/s2518991-main-zoom.jpg?pb=allure-2022-bestofbeauty-badge,,
2362085,P97989778,Happy,25.0,,,,,,,allure 2022 Best of Beauty Award Winner,False,https://www.sephora.com/productimages/sku/s2362085-main-zoom.jpg?pb=allure-2022-bestofbeauty-badge,,
2354140,P97989778,Joy,25.0,,,,,,,allure 2022 Best of Beauty Award Winner,False,https://www.sephora.com/productimages/sku/s2354140-main-zoom.jpg?pb=allure-2022-bestofbeauty-badge,,
2362101,P97989778,Grateful,25.0,,,,,,,allure 2022 Best of Beauty Award Winner,False,https://www.sephora.com/productimages/sku/s2362101-main-zoom.jpg?pb=allure-2022-bestofbeauty-badge,,
2362127,P97989778,Bliss,25.0,,,,,,,allure 2022 Best of Beauty Award Winner,False,https://www.sephora.com/productimages/sku/s2362127-main-zoom.jpg?pb=allure-2022-bestofbeauty-badge,,
2362143,P97989778,Love,25.0,,,,,,,allure 2022 Best of Beauty Award Winner,False,https://www.sephora.com/productimages/sku/s2362143-main-zoom.jpg?pb=allure-2022-bestofbeauty-badge,,
2362119,P97989778,Grace,25.0,,,,,,,allure 2022 Best of Beauty Award Winner,False,https://www.sephora.com/productimages/sku/s2362119-main-zoom.jpg?pb=allure-2022-bestofbeauty-badge,,
2640241,P97989778,Worth,25.0,,,,,,,allure 2022 Best of Beauty Award Winner,False,https://www.sephora.com/productimages/sku/s2640241-main-zoom.jpg?pb=allure-2022-bestofbeauty-badge,,
2640258,P97989778,Virtue,25.0,,,,,,,allure 2022 Best of Beauty Award Winner,False,https://www.sephora.com/productimages/sku/s2640258-main-zoom.jpg?pb=allure-2022-bestofbeauty-badge,,
2911691,P97989778,Spirited,25.0,,,,,,,allure 2022 Best of Beauty Award Winner,False,https://www.sephora.com/productimages/sku/s2911691-main-zoom.jpg?pb=allure-2022-bestofbeauty-badge,,
2911675,P97989778,Resilience,25.0,,,,,,,allure 2022 Best of Beauty Award Winner,False,https://www.sephora.com/productimages/sku/s2911675-main-zoom.jpg?pb=allure-2022-bestofbeauty-badge,,
2712867,P97989778,Hope,16.0,,,,,,,allure 2022 Best of Beauty Award Winner,False,https://www.sephora.com/productimages/sku/s2712867-main-zoom.jpg?pb=allure-2022-bestofbeauty-badge,,
2761971,P97989778,Happy,16.0,,,,,,,allure 2022 Best of Beauty Award Winner,False,https://www.sephora.com/productimages/sku/s2761971-main-zoom.jpg?pb=allure-2022-bestofbeauty-badge,,
2893329,P97989778,Charm,16.0,,,,,,,allure 2022 Best of Beauty Award Winner,False,https://www.sephora.com/productimages/sku/s2893329-main-zoom.jpg?pb=allure-2022-bestofbeauty-badge,,
2762029,P97989778,Grateful,16.0,,,,,,,allure 2022 Best of Beauty Award Winner,False,https://www.sephora.com/productimages/sku/s2762029-main-zoom.jpg?pb=allure-2022-bestofbeauty-badge,,
2893360,P97989778,Faith,16.0,,,,,,,allure 2022 Best of Beauty Award Winner,False,https://www.sephora.com/productimages/sku/s2893360-main-zoom.jpg?pb=allure-2022-bestofbeauty-badge,,
2893345,P97989778,Spirited,16.0,,,,,,,allure 2022 Best of Beauty Award Winner,False,https://www.sephora.com/productimages/sku/s2893345-main-zoom.jpg?pb=allure-2022-bestofbeauty-badge,,
2893410,P97989778,Wonder,16.0,,,,,,,allure 2022 Best of Beauty Award Winner,False,https://www.sephora.com/productimages/sku/s2893410-main-zoom.jpg?pb=allure-2022-bestofbeauty-badge,,
2954675,P510756,Strawberry Latte,25.0,,,,,,,,False,https://www.sephora.com/productimages/sku/s2954675-main-zoom.jpg,,
2837169,P510756,Bubblegum,25.0,,,,,,,,False,https://www.sephora.com/productimages/sku/s2837169-main-zoom.jpg,,
2828911,P510756,Ube Cream,25.0,,,,,,,,False,https://www.sephora.com/productimages/sku/s2828911-main-zoom.jpg,,
2767309,P510756,Cotton Candy,25.0,,,,,,,,False,https://www.sephora.com/productimages/sku/s2767309-main-zoom.jpg,,
2837144,P510756,Sunset Lychee,25.0,,,,,,,,False,https://www.sephora.com/productimages/sku/s2837144-main-zoom.jpg,,
2767317,P510756,Strawberry Cream,25.0,,,,,,,,False,https://www.sephora.com/productimages/sku/s2767317-main-zoom.jpg,,
2814366,P510756,Latte,25.0,,,,,,,,False,https://www.sephora.com/productimages/sku/s2814366-main-zoom.jpg,,
2934255,P510756,Ube Berry,25.0,,,,,,,,False,https://www.sephora.com/productimages/sku/s2934255-main-zoom.jpg,,
2837151,P510756,Intense Guava,25.0,,,,,,,,False,https://www.sephora.com/productimages/sku/s2837151-main-zoom.jpg,,
2954659,P510756,Berry Fever,25.0,,,,,,,,False,https://www.sephora.com/productimages/sku/s2954659-main-zoom.jpg,,
2767283,P510756,Black Cherry,25.0,,,,,,,,False,https://www.sephora.com/productimages/sku/s2767283-main-zoom.jpg,,
2817930,P510756,Coco-Loco,25.0,,,,,,,,False,https://www.sephora.com/productimages/sku/s2817930-main-zoom.jpg,,
2935195,P514568,12 Honeymoon,46.0,,,,,,,,False,https://www.sephora.com/productimages/sku/s2935195-main-zoom.jpg,,
2830230,P514568,6 Rose Haze,46.0,,,,,,,,False,https://www.sephora.com/productimages/sku/s2830230-main-zoom.jpg,,
2830180,P514568,37 Peachy Nude,46.0,,,,,,,,False,https://www.sephora.com/productimages/sku/s2830180-main-zoom.jpg,,
2830198,P514568,42 Babydoll Pink,46.0,,,,,,,,False,https://www.sephora.com/productimages/sku/s2830198-main-zoom.jpg,,
2830206,P514568,44 Nude Lavalliere,46.0,,,,,,,,False,https://www.sephora.com/productimages/sku/s2830206-main-zoom.jpg,,
2830214,P514568,54 Berry Bang,46.0,,,,,,,,False,https://www.sephora.com/productimages/sku/s2830214-main-zoom.jpg,,
2830248,P514568,87 Pink Voltage,46.0,,,,,,,,False,https://www.sephora.com/productimages/sku/s2830248-main-zoom.jpg,,
2830255,P514568,93 Restless Rose,46.0,,,,,,,,False,https://www.sephora.com/productimages/sku/s2830255-main-zoom.jpg,,
2851509,P514568,83 Spicy Berry,46.0,,,,,,,,False,https://www.sephora.com/productimages/sku/s2851509-main-zoom.jpg,,
2884930,P514568,15 Chili Crush,46.0,,,,,,,,False,https://www.sephora.com/productimages/sku/s2884930-main-zoom.jpg,,
2885309,P514568,23 Hot Mauve,46.0,,,,,,,,False,https://www.sephora.com/productimages/sku/s2885309-main-zoom.jpg,,
2880862,P514568,03 Mischievous Magenta,46.0,,,,,,,,False,https://www.sephora.com/productimages/sku/s2880862-main-zoom.jpg,,
2933356,P514568,66 Fuchsia Fizz,46.0,,,,,,,,False,https://www.sephora.com/productimages/sku/s2933356-main-zoom.jpg,,
2975878,P515061,Ma Donna,28.0,,,,,,,Clean plus Planet Aware,False,https://www.sephora.com/productimages/sku/s2975878-main-zoom.jpg?pb=clean-planet-aware,,
2849156,P515061,Stella,28.0,,,,,,,Clean plus Planet Aware,False,https://www.sephora.com/productimages/sku/s2849156-main-zoom.jpg?pb=clean-planet-aware,,
2975969,P515061,Fruitti,28.0,,,,,,,Clean plus Planet Aware,False,https://www.sephora.com/productimages/sku/s2975969-main-zoom.jpg?pb=clean-planet-aware,,
2849164,P515061,Grazie,28.0,,,,,,,Clean plus Planet Aware,False,https://www.sephora.com/productimages/sku/s2849164-main-zoom.jpg?pb=clean-planet-aware,,
2975845,P515061,Vino,28.0,,,,,,,Clean plus Planet Aware,False,https://www.sephora.com/productimages/sku/s2975845-main-zoom.jpg?pb=clean-planet-aware,,
2849149,P515061,Ciao,28.0,,,,,,,Clean plus Planet Aware,False,https://www.sephora.com/productimages/sku/s2849149-main-zoom.jpg?pb=clean-planet-aware,,
2849123,P515061,Mia,28.0,,,,,,,Clean plus Planet Aware,False,https://www.sephora.com/productimages/sku/s2849123-main-zoom.jpg?pb=clean-planet-aware,,
2842870,P468693,Le BonBon,30.0,,,,,,,allure 2024 Best of Beauty Award Winner,False,https://www.sephora.com/productimages/sku/s2842870-main-zoom.jpg?pb=allure-2024-bestofbeauty,,
2743995,P468693,Cheeky,30.0,,,,,,,allure 2024 Best of Beauty Award Winner,False,https://www.sephora.com/productimages/sku/s2743995-main-zoom.jpg?pb=allure-2024-bestofbeauty,,
2743763,P468693,Beverly Hills,30.0,,,,,,,allure 2024 Best of Beauty Award Winner,False,https://www.sephora.com/productimages/sku/s2743763-main-zoom.jpg?pb=allure-2024-bestofbeauty,,
2744035,P468693,Persimmon,30.0,,,,,,,allure 2024 Best of Beauty Award Winner,False,https://www.sephora.com/productimages/sku/s2744035-main-zoom.jpg?pb=allure-2024-bestofbeauty,,
2744027,P468693,Stockholm,30.0,,,,,,,allure 2024 Best of Beauty Award Winner,False,https://www.sephora.com/productimages/sku/s2744027-main-zoom.jpg?pb=allure-2024-bestofbeauty,,
2744019,P468693,Fox,30.0,,,,,,,allure 2024 Best of Beauty Award Winner,False,https://www.sephora.com/productimages/sku/s2744019-main-zoom.jpg?pb=allure-2024-bestofbeauty,,
2743771,P468693,Apres,30.0,,,,,,,allure 2024 Best of Beauty Award Winner,False,https://www.sephora.com/productimages/sku/s2743771-main-zoom.jpg?pb=allure-2024-bestofbeauty,,
2743755,P468693,Rouge,30.0,,,,,,,allure 2024 Best of Beauty Award Winner,False,https://www.sephora.com/productimages/sku/s2743755-main-zoom.jpg?pb=allure-2024-bestofbeauty,,
2848794,P468693,Lusitano,30.0,,,,,,,allure 2024 Best of Beauty Award Winner,False,https://www.sephora.com/productimages/sku/s2848794-main-zoom.jpg?pb=allure-2024-bestofbeauty,,
2842854,P468693,Archival,30.0,,,,,,,allure 2024 Best of Beauty Award Winner,False,https://www.sephora.com/productimages/sku/s2842854-main-zoom.jpg?pb=allure-2024-bestofbeauty,,
2842888,P468693,Postmodern,30.0,,,,,,,allure 2024 Best of Beauty Award Winner,False,https://www.sephora.com/productimages/sku/s2842888-main-zoom.jpg?pb=allure-2024-bestofbeauty,,
2842862,P468693,Bespoke,30.0,,,,,,,allure 2024 Best of Beauty Award Winner,False,https://www.sephora.com/productimages/sku/s2842862-main-zoom.jpg?pb=allure-2024-bestofbeauty,,
2872448,P469825,Flirty,26.0,,,,,,,Clean plus Planet Aware,False,https://www.sephora.com/productimages/sku/s2872448-main-zoom.jpg?pb=clean-planet-aware,,
2872422,P469825,Lady,26.0,,,,,,,Clean plus Planet Aware,False,https://www.sephora.com/productimages/sku/s2872422-main-zoom.jpg?pb=clean-planet-aware,,
2872430,P469825,Hottie,26.0,,,,,,,Clean plus Planet Aware,False,https://www.sephora.com/productimages/sku/s2872430-main-zoom.jpg?pb=clean-planet-aware,,
2437788,P469825,Rosy,26.0,,,,,,,Clean plus Planet Aware,False,https://www.sephora.com/productimages/sku/s2437788-main-zoom.jpg?pb=clean-planet-aware,,
2742971,P469825,Sweetie,26.0,,,,,,,Clean plus Planet Aware,False,https://www.sephora.com/productimages/sku/s2742971-main-zoom.jpg?pb=clean-planet-aware,,
2564722,P469825,Chilly,26.0,,,,,,,Clean plus Planet Aware,False,https://www.sephora.com/productimages/sku/s2564722-main-zoom.jpg?pb=clean-planet-aware,,
2437804,P469825,Dreamy,26.0,,,,,,,Clean plus Planet Aware,False,https://www.sephora.com/productimages/sku/s2437804-main-zoom.jpg?pb=clean-planet-aware,,
2564730,P469825,Spicy,26.0,,,,,,,Clean plus Planet Aware,False,https://www.sephora.com/productimages/sku/s2564730-main-zoom.jpg?pb=clean-planet-aware,,
2437796,P469825,Poppy,26.0,,,,,,,Clean plus Planet Aware,False,https://www.sephora.com/productimages/sku/s2437796-main-zoom.jpg?pb=clean-planet-aware,,
2742963,P469825,Cutie,26.0,,,,,,,Clean plus Planet Aware,False,https://www.sephora.com/productimages/sku/s2742963-main-zoom.jpg?pb=clean-planet-aware,,
2742989,P469825,Baby,26.0,,,,,,,Clean plus Planet Aware,False,https://www.sephora.com/productimages/sku/s2742989-main-zoom.jpg?pb=clean-planet-aware,,
2938538,P469825,Baby,17.0,,,,,,,Clean plus Planet Aware,False,https://www.sephora.com/productimages/sku/s2938538-main-zoom.jpg?pb=clean-planet-aware,,
2938223,P469825,Sweetie,17.0,,,,,,,Clean plus Planet Aware,False,https://www.sephora.com/productimages/sku/s2938223-main-zoom.jpg?pb=clean-planet-aware,,
2938744,P469825,Chilly,17.0,,,,,,,Clean plus Planet Aware,False,https://www.sephora.com/productimages/sku/s2938744-main-zoom.jpg?pb=clean-planet-aware,,
2938405,P469825,Lady,17.0,,,,,,,Clean plus Planet Aware,False,https://www.sephora.com/productimages/sku/s2938405-main-zoom.jpg?pb=clean-planet-aware,,
2938538,P520666,Baby,17.0,,,,,,,Clean plus Planet Aware,False,https://www.sephora.com/productimages/sku/s2938538-main-zoom.jpg?pb=clean-planet-aware,,
2938223,P520666,Sweetie,17.0,,,,,,,Clean plus Planet Aware,False,https://www.sephora.com/productimages/sku/s2938223-main-zoom.jpg?pb=clean-planet-aware,,
2938405,P520666,Lady,17.0,,,,,,,Clean plus Planet Aware,False,https://www.sephora.com/productimages/sku/s2938405-main-zoom.jpg?pb=clean-planet-aware,,
2938744,P520666,Chilly,17.0,,,,,,,Clean plus Planet Aware,False,https://www.sephora.com/productimages/sku/s2938744-main-zoom.jpg?pb=clean-planet-aware,,
2926020,P518438,She Goes To The Gym,25.0,,,,,,,,False,https://www.sephora.com/productimages/sku/s2926020-main-zoom.jpg,,
2906113,P518438,She's That Girl,25.0,,,,,,,,False,https://www.sephora.com/productimages/sku/s2906113-main-zoom.jpg,,
2925998,P518438,She's Seductive,25.0,,,,,,,,False,https://www.sephora.com/productimages/sku/s2925998-main-zoom.jpg,,
2926004,P518438,She Left Me On Red,25.0,,,,,,,,False,https://www.sephora.com/productimages/sku/s2926004-main-zoom.jpg,,
2962264,P454762,107 Dragonfruit,42.0,,,,,,,,False,https://www.sephora.com/productimages/sku/s2962264-main-zoom.jpg,,
2864700,P454762,001 Pink,42.0,,,,,,,,False,https://www.sephora.com/productimages/sku/s2864700-main-zoom.jpg,,
2864692,P454762,006 Berry,42.0,,,,,,,,False,https://www.sephora.com/productimages/sku/s2864692-main-zoom.jpg,,
2864734,P454762,012 Rosewood,42.0,,,,,,,,False,https://www.sephora.com/productimages/sku/s2864734-main-zoom.jpg,,
2864783,P454762,015 Cherry,42.0,,,,,,,,False,https://www.sephora.com/productimages/sku/s2864783-main-zoom.jpg,,
2864759,P454762,063 Pink lilac,42.0,,,,,,,,False,https://www.sephora.com/productimages/sku/s2864759-main-zoom.jpg,,
2864817,P454762,077 Candy,42.0,,,,,,,,False,https://www.sephora.com/productimages/sku/s2864817-main-zoom.jpg,,
2864676,P454762,103 Toffee,42.0,,,,,,,,False,https://www.sephora.com/productimages/sku/s2864676-main-zoom.jpg,,
2962561,P454762,106 Pomelo,42.0,,,,,,,,False,https://www.sephora.com/productimages/sku/s2962561-main-zoom.jpg,,
2962363,P454762,109 Goji,42.0,,,,,,,,False,https://www.sephora.com/productimages/sku/s2962363-main-zoom.jpg,,
2962595,P454762,108 Guava,42.0,,,,,,,,False,https://www.sephora.com/productimages/sku/s2962595-main-zoom.jpg,,
2656296,P482709,Attention Seeker,38.0,,,,,,,allure 2022 Best of Beauty Award Winner,False,https://www.sephora.com/productimages/sku/s2656296-main-zoom.jpg?pb=allure-2022-bestofbeauty-badge,,
2548006,P482709,Phat Ass,38.0,,,,,,,allure 2022 Best of Beauty Award Winner,False,https://www.sephora.com/productimages/sku/s2548006-main-zoom.jpg?pb=allure-2022-bestofbeauty-badge,,
2547982,P482709,Very That,38.0,,,,,,,allure 2022 Best of Beauty Award Winner,False,https://www.sephora.com/productimages/sku/s2547982-main-zoom.jpg?pb=allure-2022-bestofbeauty-badge,,
2548014,P482709,Rich Betch,38.0,,,,,,,allure 2022 Best of Beauty Award Winner,False,https://www.sephora.com/productimages/sku/s2548014-main-zoom.jpg?pb=allure-2022-bestofbeauty-badge,,
2547990,P482709,Freaky Peach,38.0,,,,,,,allure 2022 Best of Beauty Award Winner,False,https://www.sephora.com/productimages/sku/s2547990-main-zoom.jpg?pb=allure-2022-bestofbeauty-badge,,
2738680,P482709,Gworly Pop,38.0,,,,,,,allure 2022 Best of Beauty Award Winner,False,https://www.sephora.com/productimages/sku/s2738680-main-zoom.jpg?pb=allure-2022-bestofbeauty-badge,,
2968238,P522502,Orgasm Fantasy,36.0,,,,,,,,False,https://www.sephora.com/productimages/sku/s2968238-main-zoom.jpg,,
2968170,P522502,Lose Control,36.0,,,,,,,,False,https://www.sephora.com/productimages/sku/s2968170-main-zoom.jpg,,
2968253,P522502,Double Dare,36.0,,,,,,,,False,https://www.sephora.com/productimages/sku/s2968253-main-zoom.jpg,,
2968220,P522502,All Access,36.0,,,,,,,,False,https://www.sephora.com/productimages/sku/s2968220-main-zoom.jpg,,
2968162,P522502,Orgasm,36.0,,,,,,,,False,https://www.sephora.com/productimages/sku/s2968162-main-zoom.jpg,,
2968196,P522502,Fast Ride,36.0,,,,,,,,False,https://www.sephora.com/productimages/sku/s2968196-main-zoom.jpg,,
2968212,P522502,Girl Happy,36.0,,,,,,,,False,https://www.sephora.com/productimages/sku/s2968212-main-zoom.jpg,,
2968246,P522502,Itsy Bitsy,36.0,,,,,,,,False,https://www.sephora.com/productimages/sku/s2968246-main-zoom.jpg,,
2968188,P522502,Qué Calor,36.0,,,,,,,,False,https://www.sephora.com/productimages/sku/s2968188-main-zoom.jpg,,
2987105,P522502,Exhibit A,36.0,,,,,,,,False,https://www.sephora.com/productimages/sku/s2987105-main-zoom.jpg,,
2968204,P522502,Brash,36.0,,,,,,,,False,https://www.sephora.com/productimages/sku/s2968204-main-zoom.jpg,,
2965259,P522379,Nuance,34.0,,,,,,,Clean at Sephora,False,https://www.sephora.com/productimages/sku/s2965259-main-zoom.jpg?pb=clean-at-sephora,,
2965242,P522379,Surreal,34.0,,,,,,,Clean at Sephora,False,https://www.sephora.com/productimages/sku/s2965242-main-zoom.jpg?pb=clean-at-sephora,,
2965283,P522379,Intuition,34.0,,,,,,,Clean at Sephora,False,https://www.sephora.com/productimages/sku/s2965283-main-zoom.jpg?pb=clean-at-sephora,,
2965226,P522379,Vibration,34.0,,,,,,,Clean at Sephora,False,https://www.sephora.com/productimages/sku/s2965226-main-zoom.jpg?pb=clean-at-sephora,,
2965234,P522379,Vital,34.0,,,,,,,Clean at Sephora,False,https://www.sephora.com/productimages/sku/s2965234-main-zoom.jpg?pb=clean-at-sephora,,
2965275,P522379,Muse,34.0,,,,,,,Clean at Sephora,False,https://www.sephora.com/productimages/sku/s2965275-main-zoom.jpg?pb=clean-at-sephora,,
2965267,P522379,Ripe,34.0,,,,,,,Clean at Sephora,False,https://www.sephora.com/productimages/sku/s2965267-main-zoom.jpg?pb=clean-at-sephora,,
2942829,P2855,Catch Me,36.0,,,,,,,allure 2024 Best of Beauty Award Winner,False,https://www.sephora.com/productimages/sku/s2942829-main-zoom.jpg?pb=allure-2024-bestofbeauty,,
2756419,P2855,Orgasm X – 776,36.0,,,,,,,allure 2024 Best of Beauty Award Winner,False,https://www.sephora.com/productimages/sku/s2756419-main-zoom.jpg?pb=allure-2024-bestofbeauty,,
2756310,P2855,Orgasm Rush – 775,36.0,,,,,,,allure 2024 Best of Beauty Award Winner,False,https://www.sephora.com/productimages/sku/s2756310-main-zoom.jpg?pb=allure-2024-bestofbeauty,,
2756385,P2855,Deep Throat – 237,36.0,,,,,,,allure 2024 Best of Beauty Award Winner,False,https://www.sephora.com/productimages/sku/s2756385-main-zoom.jpg?pb=allure-2024-bestofbeauty,,
2756070,P2855,Orgasm Edge – 778,18.0,,,,,,,allure 2024 Best of Beauty Award Winner,False,https://www.sephora.com/productimages/sku/s2756070-main-zoom.jpg?pb=allure-2024-bestofbeauty,,
2756062,P2855,Orgasm – 777,18.0,,,,,,,allure 2024 Best of Beauty Award Winner,False,https://www.sephora.com/productimages/sku/s2756062-main-zoom.jpg?pb=allure-2024-bestofbeauty,,
2756146,P2855,Sex Appeal – 920,25.0,,,,,,,allure 2024 Best of Beauty Award Winner,False,https://www.sephora.com/productimages/sku/s2756146-main-zoom.jpg?pb=allure-2024-bestofbeauty,,
2756336,P2855,Dolce Vita – 888,36.0,,,,,,,allure 2024 Best of Beauty Award Winner,False,https://www.sephora.com/productimages/sku/s2756336-main-zoom.jpg?pb=allure-2024-bestofbeauty,,
2756401,P2855,Amour – 901,36.0,,,,,,,allure 2024 Best of Beauty Award Winner,False,https://www.sephora.com/productimages/sku/s2756401-main-zoom.jpg?pb=allure-2024-bestofbeauty,,
2756328,P2855,Behave – 900,36.0,,,,,,,allure 2024 Best of Beauty Award Winner,False,https://www.sephora.com/productimages/sku/s2756328-main-zoom.jpg?pb=allure-2024-bestofbeauty,,
2756294,P2855,Thrill – 950,36.0,,,,,,,allure 2024 Best of Beauty Award Winner,False,https://www.sephora.com/productimages/sku/s2756294-main-zoom.jpg?pb=allure-2024-bestofbeauty,,
2756393,P2855,Dominant – 951,36.0,,,,,,,allure 2024 Best of Beauty Award Winner,False,https://www.sephora.com/productimages/sku/s2756393-main-zoom.jpg?pb=allure-2024-bestofbeauty,,
2756369,P2855,Exhibit A – 953,36.0,,,,,,,allure 2024 Best of Beauty Award Winner,False,https://www.sephora.com/productimages/sku/s2756369-main-zoom.jpg?pb=allure-2024-bestofbeauty,,
2756344,P2855,Sex Appeal – 920,36.0,,,,,,,allure 2024 Best of Beauty Award Winner,False,https://www.sephora.com/productimages/sku/s2756344-main-zoom.jpg?pb=allure-2024-bestofbeauty,,
2756351,P2855,Orgasm – 777,36.0,,,,,,,allure 2024 Best of Beauty Award Winner,False,https://www.sephora.com/productimages/sku/s2756351-main-zoom.jpg?pb=allure-2024-bestofbeauty,,
2756286,P2855,Orgasm Edge – 778,36.0,,,,,,,allure 2024 Best of Beauty Award Winner,False,https://www.sephora.com/productimages/sku/s2756286-main-zoom.jpg?pb=allure-2024-bestofbeauty,,
2827327,P2855,Teased,36.0,,,,,,,allure 2024 Best of Beauty Award Winner,False,https://www.sephora.com/productimages/sku/s2827327-main-zoom.jpg?pb=allure-2024-bestofbeauty,,
2790277,P2855,Impassioned - 903,36.0,,,,,,,allure 2024 Best of Beauty Award Winner,False,https://www.sephora.com/productimages/sku/s2790277-main-zoom.jpg?pb=allure-2024-bestofbeauty,,
2942605,P2855,Never Enough,36.0,,,,,,,allure 2024 Best of Beauty Award Winner,False,https://www.sephora.com/productimages/sku/s2942605-main-zoom.jpg?pb=allure-2024-bestofbeauty,,
2952257,P2855,Mad Love,36.0,,,,,,,allure 2024 Best of Beauty Award Winner,False,https://www.sephora.com/productimages/sku/s2952257-main-zoom.jpg?pb=allure-2024-bestofbeauty,,
2811750,P449342,Finest Hour,20.0,,,,,,,Clean at Sephora,False,https://www.sephora.com/productimages/sku/s2811750-main-zoom.jpg?pb=clean-at-sephora,,
2284883,P449342,Golden Hour,20.0,,,,,,,2021 Allure Best of Beauty Award Winner,False,https://www.sephora.com/productimages/sku/s2284883-main-zoom.jpg?pb=allure-best-2021-badge,,
2436681,P449342,After Hours,20.0,,,,,,,2021 Allure Best of Beauty Award Winner,False,https://www.sephora.com/productimages/sku/s2436681-main-zoom.jpg?pb=allure-best-2021-badge,,
2284891,P449342,Happy Hour,20.0,,,,,,,2021 Allure Best of Beauty Award Winner,False,https://www.sephora.com/productimages/sku/s2284891-main-zoom.jpg?pb=allure-best-2021-badge,,
2436673,P449342,Power Hour,20.0,,,,,,,2021 Allure Best of Beauty Award Winner,False,https://www.sephora.com/productimages/sku/s2436673-main-zoom.jpg?pb=allure-best-2021-badge,,
2436665,P449342,Rush Hour,20.0,,,,,,,2021 Allure Best of Beauty Award Winner,False,https://www.sephora.com/productimages/sku/s2436665-main-zoom.jpg?pb=allure-best-2021-badge,,
2593804,P449342,Office Hours,20.0,,,,,,,2021 Allure Best of Beauty Award Winner,False,https://www.sephora.com/productimages/sku/s2593804-main-zoom.jpg?pb=allure-best-2021-badge,,
2284875,P449342,Magic Hour,20.0,,,,,,,2021 Allure Best of Beauty Award Winner,False,https://www.sephora.com/productimages/sku/s2284875-main-zoom.jpg?pb=allure-best-2021-badge,,
2686186,P449342,Party Hour,20.0,,,,,,,2021 Allure Best of Beauty Award Winner,False,https://www.sephora.com/productimages/sku/s2686186-main-zoom.jpg?pb=allure-best-2021-badge,,
2711646,P449342,Dream Hour,20.0,,,,,,,2021 Allure Best of Beauty Award Winner,False,https://www.sephora.com/productimages/sku/s2711646-main-zoom.jpg?pb=allure-best-2021-badge,,
2785673,P510360,Duchess,29.0,,,,,,,Clean at Sephora,False,https://www.sephora.com/productimages/sku/s2785673-main-zoom.jpg?pb=clean-at-sephora,,
2787836,P510360,Cheeky,29.0,,,,,,,Clean at Sephora,False,https://www.sephora.com/productimages/sku/s2787836-main-zoom.jpg?pb=clean-at-sephora,,
2753697,P510360,Gumdrop,29.0,,,,,,,Clean at Sephora,False,https://www.sephora.com/productimages/sku/s2753697-main-zoom.jpg?pb=clean-at-sephora,,
2753671,P510360,Angel,29.0,,,,,,,Clean at Sephora,False,https://www.sephora.com/productimages/sku/s2753671-main-zoom.jpg?pb=clean-at-sephora,,
2753721,P510360,Rosebud,29.0,,,,,,,Clean at Sephora,False,https://www.sephora.com/productimages/sku/s2753721-main-zoom.jpg?pb=clean-at-sephora,,
2871713,P510885,Heartbeat,29.0,,,,,,,Clean at Sephora,False,https://www.sephora.com/productimages/sku/s2871713-main-zoom.jpg?pb=clean-at-sephora,,
2871721,P510885,Wavelength,29.0,,,,,,,Clean at Sephora,False,https://www.sephora.com/productimages/sku/s2871721-main-zoom.jpg?pb=clean-at-sephora,,
2871705,P510885,Chills,29.0,,,,,,,Clean at Sephora,False,https://www.sephora.com/productimages/sku/s2871705-main-zoom.jpg?pb=clean-at-sephora,,
2767473,P510885,Blissed,29.0,,,,,,,Clean at Sephora,False,https://www.sephora.com/productimages/sku/s2767473-main-zoom.jpg?pb=clean-at-sephora,,
2767507,P510885,Hype,29.0,,,,,,,Clean at Sephora,False,https://www.sephora.com/productimages/sku/s2767507-main-zoom.jpg?pb=clean-at-sephora,,
2767465,P510885,Butterflies,29.0,,,,,,,Clean at Sephora,False,https://www.sephora.com/productimages/sku/s2767465-main-zoom.jpg?pb=clean-at-sephora,,
2767531,P510885,Adrenaline,29.0,,,,,,,Clean at Sephora,False,https://www.sephora.com/productimages/sku/s2767531-main-zoom.jpg?pb=clean-at-sephora,,
2767523,P510885,Thrill,29.0,,,,,,,Clean at Sephora,False,https://www.sephora.com/productimages/sku/s2767523-main-zoom.jpg?pb=clean-at-sephora,,
2767499,P510885,Dreamland,29.0,,,,,,,Clean at Sephora,False,https://www.sephora.com/productimages/sku/s2767499-main-zoom.jpg?pb=clean-at-sephora,,
2767515,P510885,Swoon,29.0,,,,,,,Clean at Sephora,False,https://www.sephora.com/productimages/sku/s2767515-main-zoom.jpg?pb=clean-at-sephora,,
2767481,P510885,Euphoria,29.0,,,,,,,Clean at Sephora,False,https://www.sephora.com/productimages/sku/s2767481-main-zoom.jpg?pb=clean-at-sephora,,
2870897,P516069,01 Candy Lover,18.0,,,,,,,Sephora Quality Great Value,False,https://www.sephora.com/productimages/sku/s2870897-main-zoom.jpg?pb=2023-03-sephora-value-2023,,
2870871,P516069,02 Sunset Chaser,18.0,,,,,,,Sephora Quality Great Value,False,https://www.sephora.com/productimages/sku/s2870871-main-zoom.jpg?pb=2023-03-sephora-value-2023,,
2870913,P516069,04 Heart Breaker,18.0,,,,,,,Sephora Quality Great Value,False,https://www.sephora.com/productimages/sku/s2870913-main-zoom.jpg?pb=2023-03-sephora-value-2023,,
2975290,P522555,Rose Fumé,34.0,,,,,,,Clean at Sephora,False,https://www.sephora.com/productimages/sku/s2975290-main-zoom.jpg?pb=clean-at-sephora,,
2975266,P522555,Latte Praline,34.0,,,,,,,Clean at Sephora,False,https://www.sephora.com/productimages/sku/s2975266-main-zoom.jpg?pb=clean-at-sephora,,
2975258,P522555,En Feu,34.0,,,,,,,Clean at Sephora,False,https://www.sephora.com/productimages/sku/s2975258-main-zoom.jpg?pb=clean-at-sephora,,
2975183,P522555,Souvenir de Volubilis,34.0,,,,,,,Clean at Sephora,False,https://www.sephora.com/productimages/sku/s2975183-main-zoom.jpg?pb=clean-at-sephora,,
2975282,P522555,Ambre Rouge Fumé,34.0,,,,,,,Clean at Sephora,False,https://www.sephora.com/productimages/sku/s2975282-main-zoom.jpg?pb=clean-at-sephora,,
2994564,P524934,111 Self Centered,35.0,,,,,,,,False,https://www.sephora.com/productimages/sku/s2994564-main-zoom.jpg,,
2994317,P524934,110 Hot Flush,35.0,,,,,,,,False,https://www.sephora.com/productimages/sku/s2994317-main-zoom.jpg,,
2994713,P524934,112 Shady Business,35.0,,,,,,,,False,https://www.sephora.com/productimages/sku/s2994713-main-zoom.jpg,,
2994648,P524934,113 Twin Cheeks,35.0,,,,,,,,False,https://www.sephora.com/productimages/sku/s2994648-main-zoom.jpg,,
2994432,P524934,511 Pink Kink,35.0,,,,,,,,False,https://www.sephora.com/productimages/sku/s2994432-main-zoom.jpg,,
2994358,P524934,210 Papa Don’t Peach,35.0,,,,,,,,False,https://www.sephora.com/productimages/sku/s2994358-main-zoom.jpg,,
2994424,P524934,"211 Attention, Please",35.0,,,,,,,,False,https://www.sephora.com/productimages/sku/s2994424-main-zoom.jpg,,
2994366,P524934,310 Cherry Tease,35.0,,,,,,,,False,https://www.sephora.com/productimages/sku/s2994366-main-zoom.jpg,,
2994325,P524934,510 Last Word,35.0,,,,,,,,False,https://www.sephora.com/productimages/sku/s2994325-main-zoom.jpg,,
2994812,P524934,410 Freaks & Cheeks,35.0,,,,,,,,False,https://www.sephora.com/productimages/sku/s2994812-main-zoom.jpg,,
2870178,P510741,Glassy Cayenne,34.0,,,,,,,Clean at Sephora,False,https://www.sephora.com/productimages/sku/s2870178-main-zoom.jpg?pb=clean-at-sephora,,
2870202,P510741,Glassy Ginger,34.0,,,,,,,Clean at Sephora,False,https://www.sephora.com/productimages/sku/s2870202-main-zoom.jpg?pb=clean-at-sephora,,
2870194,P510741,Glassy Cinnamon,34.0,,,,,,,Clean at Sephora,False,https://www.sephora.com/productimages/sku/s2870194-main-zoom.jpg?pb=clean-at-sephora,,
2870186,P510741,Glassy Clove,34.0,,,,,,,Clean at Sephora,False,https://www.sephora.com/productimages/sku/s2870186-main-zoom.jpg?pb=clean-at-sephora,,
2767572,P510741,Glassy Hibiscus,34.0,,,,,,,Clean at Sephora,False,https://www.sephora.com/productimages/sku/s2767572-main-zoom.jpg?pb=clean-at-sephora,,
2767549,P510741,Glassy Rosette,34.0,,,,,,,Clean at Sephora,False,https://www.sephora.com/productimages/sku/s2767549-main-zoom.jpg?pb=clean-at-sephora,,
2767606,P510741,Glassy Pomelo,34.0,,,,,,,Clean at Sephora,False,https://www.sephora.com/productimages/sku/s2767606-main-zoom.jpg?pb=clean-at-sephora,,
2767564,P510741,Glassy Pitaya,34.0,,,,,,,Clean at Sephora,False,https://www.sephora.com/productimages/sku/s2767564-main-zoom.jpg?pb=clean-at-sephora,,
2767556,P510741,Glassy Lilac,34.0,,,,,,,Clean at Sephora,False,https://www.sephora.com/productimages/sku/s2767556-main-zoom.jpg?pb=clean-at-sephora,,
2767580,P510741,Glassy Watermelon,34.0,,,,,,,Clean at Sephora,False,https://www.sephora.com/productimages/sku/s2767580-main-zoom.jpg?pb=clean-at-sephora,,
2767598,P510741,Glassy Acai,34.0,,,,,,,Clean at Sephora,False,https://www.sephora.com/productimages/sku/s2767598-main-zoom.jpg?pb=clean-at-sephora,,
2976264,P522484,Shy At First,30.0,,,,,,,,False,https://www.sephora.com/productimages/sku/s2976264-main-zoom.jpg,,
2976256,P522484,All Or Nothing,30.0,,,,,,,,False,https://www.sephora.com/productimages/sku/s2976256-main-zoom.jpg,,
2976272,P522484,Quite Confident,30.0,,,,,,,,False,https://www.sephora.com/productimages/sku/s2976272-main-zoom.jpg,,
2976280,P522484,Did You Notice,30.0,,,,,,,,False,https://www.sephora.com/productimages/sku/s2976280-main-zoom.jpg,,
2978575,P522484,Between Us,30.0,,,,,,,,False,https://www.sephora.com/productimages/sku/s2978575-main-zoom.jpg,,
2748333,P509960,Cheer (Selena's custom shade),27.0,,,,,,,,False,https://www.sephora.com/productimages/sku/s2748333-main-zoom.jpg,,
2748325,P509960,Hope,27.0,,,,,,,,False,https://www.sephora.com/productimages/sku/s2748325-main-zoom.jpg,,
2748275,P509960,Happy,27.0,,,,,,,,False,https://www.sephora.com/productimages/sku/s2748275-main-zoom.jpg,,
2748309,P509960,Truth,27.0,,,,,,,,False,https://www.sephora.com/productimages/sku/s2748309-main-zoom.jpg,,
2748291,P509960,Love,27.0,,,,,,,,False,https://www.sephora.com/productimages/sku/s2748291-main-zoom.jpg,,
2748317,P509960,Joy,27.0,,,,,,,,False,https://www.sephora.com/productimages/sku/s2748317-main-zoom.jpg,,
2962389,P516168,107 Dragonfruit,44.0,,,,,,,,False,https://www.sephora.com/productimages/sku/s2962389-main-zoom.jpg,,
2864718,P516168,001 Pink,44.0,,,,,,,,False,https://www.sephora.com/productimages/sku/s2864718-main-zoom.jpg,,
2864833,P516168,006 Berry,44.0,,,,,,,,False,https://www.sephora.com/productimages/sku/s2864833-main-zoom.jpg,,
2864775,P516168,012 Rosewood,44.0,,,,,,,,False,https://www.sephora.com/productimages/sku/s2864775-main-zoom.jpg,,
2864684,P516168,015 Cherry,44.0,,,,,,,,False,https://www.sephora.com/productimages/sku/s2864684-main-zoom.jpg,,
2864668,P516168,063 Pink Lilac,44.0,,,,,,,,False,https://www.sephora.com/productimages/sku/s2864668-main-zoom.jpg,,
2864825,P516168,077 Candy,44.0,,,,,,,,False,https://www.sephora.com/productimages/sku/s2864825-main-zoom.jpg,,
2864767,P516168,103 Toffee,44.0,,,,,,,,False,https://www.sephora.com/productimages/sku/s2864767-main-zoom.jpg,,
2962454,P516168,109 Goji,44.0,,,,,,,,False,https://www.sephora.com/productimages/sku/s2962454-main-zoom.jpg,,
2962330,P516168,106 Pomelo,44.0,,,,,,,,False,https://www.sephora.com/productimages/sku/s2962330-main-zoom.jpg,,
2962587,P516168,108 Guava,44.0,,,,,,,,False,https://www.sephora.com/productimages/sku/s2962587-main-zoom.jpg,,
2869519,P1272,Dark Cherry,28.0,,,,,,,,False,https://www.sephora.com/productimages/sku/s2869519-main-zoom.jpg,,
2264638,P1272,Benetint,28.0,,,,,,,,False,https://www.sephora.com/productimages/sku/s2264638-main-zoom.jpg,,
2869501,P1272,Raspberry,28.0,,,,,,,,False,https://www.sephora.com/productimages/sku/s2869501-main-zoom.jpg,,
2465128,P1272,Playtint,28.0,,,,,,,,False,https://www.sephora.com/productimages/sku/s2465128-main-zoom.jpg,,
2313344,P1272,ChaChatint,28.0,,,,,,,,False,https://www.sephora.com/productimages/sku/s2313344-main-zoom.jpg,,
2313336,P1272,Gogotint,28.0,,,,,,,,False,https://www.sephora.com/productimages/sku/s2313336-main-zoom.jpg,,
108779,P1272,Benetint,36.0,,,,,,,,False,https://www.sephora.com/productimages/sku/s108779-main-zoom.jpg,,
2264653,P1272,Lovetint,28.0,,,,,,,,False,https://www.sephora.com/productimages/sku/s2264653-main-zoom.jpg,,
2520245,P1272,Floratint,28.0,,,,,,,,False,https://www.sephora.com/productimages/sku/s2520245-main-zoom.jpg,,
2760908,P504025,Hibiscus Haze,32.0,,,,,,,Clean at Sephora,False,https://www.sephora.com/productimages/sku/s2760908-main-zoom.jpg?pb=clean-at-sephora,,
2760916,P504025,Dragon Fruit Daze,32.0,,,,,,,Clean at Sephora,False,https://www.sephora.com/productimages/sku/s2760916-main-zoom.jpg?pb=clean-at-sephora,,
2760924,P504025,Watermelon Bliss,32.0,,,,,,,Clean at Sephora,False,https://www.sephora.com/productimages/sku/s2760924-main-zoom.jpg?pb=clean-at-sephora,,
2760932,P504025,Pomelo Peach,32.0,,,,,,,Clean at Sephora,False,https://www.sephora.com/productimages/sku/s2760932-main-zoom.jpg?pb=clean-at-sephora,,
2760940,P504025,French Rosette,32.0,,,,,,,Clean at Sephora,False,https://www.sephora.com/productimages/sku/s2760940-main-zoom.jpg?pb=clean-at-sephora,,
2760957,P504025,Fire Moon,32.0,,,,,,,Clean at Sephora,False,https://www.sephora.com/productimages/sku/s2760957-main-zoom.jpg?pb=clean-at-sephora,,
2969715,P524689,Lychee,24.0,,,,,,,,False,https://www.sephora.com/productimages/sku/s2969715-main-zoom.jpg,,
2969749,P524689,Apricot,24.0,,,,,,,,False,https://www.sephora.com/productimages/sku/s2969749-main-zoom.jpg,,
2969681,P524689,Acai,24.0,,,,,,,,False,https://www.sephora.com/productimages/sku/s2969681-main-zoom.jpg,,
2843084,P514892,Feliz Fresca,22.0,,,,,,,allure 2025 Best of Beauty Award Winner,False,https://www.sephora.com/productimages/sku/s2843084-main-zoom.jpg?pb=allure-2025-best-of-beauty-award-winner,,
2876183,P514892,Sunset Shirley x Toni Bravo,22.0,,,,,,,allure 2025 Best of Beauty Award Winner,False,https://www.sephora.com/productimages/sku/s2876183-main-zoom.jpg?pb=allure-2025-best-of-beauty-award-winner,,
2876191,P514892,Downtown Daiquiri x Toni Bravo,22.0,,,,,,,allure 2025 Best of Beauty Award Winner,False,https://www.sephora.com/productimages/sku/s2876191-main-zoom.jpg?pb=allure-2025-best-of-beauty-award-winner,,
2843027,P514892,Long Beach Iced Tea,22.0,,,,,,,allure 2025 Best of Beauty Award Winner,False,https://www.sephora.com/productimages/sku/s2843027-main-zoom.jpg?pb=allure-2025-best-of-beauty-award-winner,,
2843035,P514892,Sawtelle Slushie,22.0,,,,,,,allure 2025 Best of Beauty Award Winner,False,https://www.sephora.com/productimages/sku/s2843035-main-zoom.jpg?pb=allure-2025-best-of-beauty-award-winner,,
2843043,P514892,Culver Crush,22.0,,,,,,,allure 2025 Best of Beauty Award Winner,False,https://www.sephora.com/productimages/sku/s2843043-main-zoom.jpg?pb=allure-2025-best-of-beauty-award-winner,,
2843019,P514892,Malibu Cooler,22.0,,,,,,,allure 2025 Best of Beauty Award Winner,False,https://www.sephora.com/productimages/sku/s2843019-main-zoom.jpg?pb=allure-2025-best-of-beauty-award-winner,,
2843001,P514892,Samo Spritzer,22.0,,,,,,,allure 2025 Best of Beauty Award Winner,False,https://www.sephora.com/productimages/sku/s2843001-main-zoom.jpg?pb=allure-2025-best-of-beauty-award-winner,,
2862746,P514892,Pali Punch,22.0,,,,,,,allure 2025 Best of Beauty Award Winner,False,https://www.sephora.com/productimages/sku/s2862746-main-zoom.jpg?pb=allure-2025-best-of-beauty-award-winner,,
2893329,P508264,Charm,16.0,,,,,,,allure 2022 Best of Beauty Award Winner,False,https://www.sephora.com/productimages/sku/s2893329-main-zoom.jpg?pb=allure-2022-bestofbeauty-badge,,
2712867,P508264,Hope,16.0,,,,,,,allure 2022 Best of Beauty Award Winner,False,https://www.sephora.com/productimages/sku/s2712867-main-zoom.jpg?pb=allure-2022-bestofbeauty-badge,,
2761971,P508264,Happy,16.0,,,,,,,allure 2022 Best of Beauty Award Winner,False,https://www.sephora.com/productimages/sku/s2761971-main-zoom.jpg?pb=allure-2022-bestofbeauty-badge,,
2762029,P508264,Grateful,16.0,,,,,,,allure 2022 Best of Beauty Award Winner,False,https://www.sephora.com/productimages/sku/s2762029-main-zoom.jpg?pb=allure-2022-bestofbeauty-badge,,
2893360,P508264,Faith,16.0,,,,,,,allure 2022 Best of Beauty Award Winner,False,https://www.sephora.com/productimages/sku/s2893360-main-zoom.jpg?pb=allure-2022-bestofbeauty-badge,,
2893410,P508264,Wonder,16.0,,,,,,,allure 2022 Best of Beauty Award Winner,False,https://www.sephora.com/productimages/sku/s2893410-main-zoom.jpg?pb=allure-2022-bestofbeauty-badge,,
2893345,P508264,Spirited,16.0,,,,,,,allure 2022 Best of Beauty Award Winner,False,https://www.sephora.com/productimages/sku/s2893345-main-zoom.jpg?pb=allure-2022-bestofbeauty-badge,,
2872166,P500253,Blossy,34.0,,,,,,,,False,https://www.sephora.com/productimages/sku/s2872166-main-zoom.jpg,,
2520047,P500253,Shellie,34.0,,,,,,,,False,https://www.sephora.com/productimages/sku/s2520047-main-zoom.jpg,,
2520096,P500253,Crystah,34.0,,,,,,,,False,https://www.sephora.com/productimages/sku/s2520096-main-zoom.jpg,,
2520062,P500253,Willa,34.0,,,,,,,,False,https://www.sephora.com/productimages/sku/s2520062-main-zoom.jpg,,
2520146,P500253,Java,34.0,,,,,,,,False,https://www.sephora.com/productimages/sku/s2520146-main-zoom.jpg,,
2520088,P500253,PomPom,34.0,,,,,,,,False,https://www.sephora.com/productimages/sku/s2520088-main-zoom.jpg,,
2520138,P500253,Moone,34.0,,,,,,,,False,https://www.sephora.com/productimages/sku/s2520138-main-zoom.jpg,,
2520054,P500253,Terra,34.0,,,,,,,,False,https://www.sephora.com/productimages/sku/s2520054-main-zoom.jpg,,
2520161,P500253,Shellie,18.0,,,,,,,,False,https://www.sephora.com/productimages/sku/s2520161-main-zoom.jpg,,
2520187,P500253,Crystah,18.0,,,,,,,,False,https://www.sephora.com/productimages/sku/s2520187-main-zoom.jpg,,
2776318,P500253,Willa,18.0,,,,,,,,False,https://www.sephora.com/productimages/sku/s2776318-main-zoom.jpg,,
2887974,P517095,Sensation,36.0,,,,,,,Clean at Sephora,False,https://www.sephora.com/productimages/sku/s2887974-main-zoom.jpg?pb=clean-at-sephora,,
2887958,P517095,Glimpse,36.0,,,,,,,Clean at Sephora,False,https://www.sephora.com/productimages/sku/s2887958-main-zoom.jpg?pb=clean-at-sephora,,
2887990,P517095,Flutter,36.0,,,,,,,Clean at Sephora,False,https://www.sephora.com/productimages/sku/s2887990-main-zoom.jpg?pb=clean-at-sephora,,
2887966,P517095,Breathless,36.0,,,,,,,Clean at Sephora,False,https://www.sephora.com/productimages/sku/s2887966-main-zoom.jpg?pb=clean-at-sephora,,
2887982,P517095,Pulse,36.0,,,,,,,Clean at Sephora,False,https://www.sephora.com/productimages/sku/s2887982-main-zoom.jpg?pb=clean-at-sephora,,
2888006,P517095,Wonder,36.0,,,,,,,Clean at Sephora,False,https://www.sephora.com/productimages/sku/s2888006-main-zoom.jpg?pb=clean-at-sephora,,
2888014,P517095,Closer,36.0,,,,,,,Clean at Sephora,False,https://www.sephora.com/productimages/sku/s2888014-main-zoom.jpg?pb=clean-at-sephora,,
2887941,P517095,Magnetic,36.0,,,,,,,Clean at Sephora,False,https://www.sephora.com/productimages/sku/s2887941-main-zoom.jpg?pb=clean-at-sephora,,
2936425,P515519,Spirited,27.0,,,,,,,allure 2025 Best of Beauty Award Winner,False,https://www.sephora.com/productimages/sku/s2936425-main-zoom.jpg?pb=allure-2025-best-of-beauty-award-winner,,
2874592,P515519,Hope,27.0,,,,,,,allure 2025 Best of Beauty Award Winner,False,https://www.sephora.com/productimages/sku/s2874592-main-zoom.jpg?pb=allure-2025-best-of-beauty-award-winner,,
2874659,P515519,Happy,27.0,,,,,,,allure 2025 Best of Beauty Award Winner,False,https://www.sephora.com/productimages/sku/s2874659-main-zoom.jpg?pb=allure-2025-best-of-beauty-award-winner,,
2936433,P515519,Divine,27.0,,,,,,,allure 2025 Best of Beauty Award Winner,False,https://www.sephora.com/productimages/sku/s2936433-main-zoom.jpg?pb=allure-2025-best-of-beauty-award-winner,,
2874642,P515519,Worth,27.0,,,,,,,allure 2025 Best of Beauty Award Winner,False,https://www.sephora.com/productimages/sku/s2874642-main-zoom.jpg?pb=allure-2025-best-of-beauty-award-winner,,
2874600,P515519,Alive,27.0,,,,,,,allure 2025 Best of Beauty Award Winner,False,https://www.sephora.com/productimages/sku/s2874600-main-zoom.jpg?pb=allure-2025-best-of-beauty-award-winner,,
2874626,P515519,Grateful,27.0,,,,,,,allure 2025 Best of Beauty Award Winner,False,https://www.sephora.com/productimages/sku/s2874626-main-zoom.jpg?pb=allure-2025-best-of-beauty-award-winner,,
2874618,P515519,Thriving,27.0,,,,,,,allure 2025 Best of Beauty Award Winner,False,https://www.sephora.com/productimages/sku/s2874618-main-zoom.jpg?pb=allure-2025-best-of-beauty-award-winner,,
2874634,P515519,Truth,27.0,,,,,,,allure 2025 Best of Beauty Award Winner,False,https://www.sephora.com/productimages/sku/s2874634-main-zoom.jpg?pb=allure-2025-best-of-beauty-award-winner,,
2936391,P515519,Soulful,27.0,,,,,,,allure 2025 Best of Beauty Award Winner,False,https://www.sephora.com/productimages/sku/s2936391-main-zoom.jpg?pb=allure-2025-best-of-beauty-award-winner,,
2496065,P433005,16 Heated,15.0,,,,,,,Sephora Quality Great Value,False,https://www.sephora.com/productimages/sku/s2496065-main-zoom.jpg?pb=2023-03-sephora-value-2023,,
2496073,P433005,06 Flirt It Up,15.0,,,,,,,Sephora Quality Great Value,False,https://www.sephora.com/productimages/sku/s2496073-main-zoom.jpg?pb=2023-03-sephora-value-2023,,
2496057,P433005,01 Shame On You,15.0,,,,,,,Sephora Quality Great Value,False,https://www.sephora.com/productimages/sku/s2496057-main-zoom.jpg?pb=2023-03-sephora-value-2023,,
2496156,P433005,50 Over The Top,15.0,,,,,,,Sephora Quality Great Value,False,https://www.sephora.com/productimages/sku/s2496156-main-zoom.jpg?pb=2023-03-sephora-value-2023,,
2496107,P433005,17 Hey Jealousy,15.0,,,,,,,Sephora Quality Great Value,False,https://www.sephora.com/productimages/sku/s2496107-main-zoom.jpg?pb=2023-03-sephora-value-2023,,
2496172,P433005,05 Sweet On You,15.0,,,,,,,Sephora Quality Great Value,False,https://www.sephora.com/productimages/sku/s2496172-main-zoom.jpg?pb=2023-03-sephora-value-2023,,
2668895,P433005,51 Trust Yourself,15.0,,,,,,,Sephora Quality Great Value,False,https://www.sephora.com/productimages/sku/s2668895-main-zoom.jpg?pb=2023-03-sephora-value-2023,,
2867638,P516566,Pale Petal,34.0,,,,,,,,False,https://www.sephora.com/productimages/sku/s2867638-main-zoom.jpg,,
2867620,P516566,Soft Peach,34.0,,,,,,,,False,https://www.sephora.com/productimages/sku/s2867620-main-zoom.jpg,,
2867653,P516566,Soft Coral,34.0,,,,,,,,False,https://www.sephora.com/productimages/sku/s2867653-main-zoom.jpg,,
2867661,P516566,Sweet Pink,34.0,,,,,,,,False,https://www.sephora.com/productimages/sku/s2867661-main-zoom.jpg,,
2867612,P516566,Dusty Rose,34.0,,,,,,,,False,https://www.sephora.com/productimages/sku/s2867612-main-zoom.jpg,,
2867604,P516566,Earthy Pink,34.0,,,,,,,,False,https://www.sephora.com/productimages/sku/s2867604-main-zoom.jpg,,
2867646,P516566,Raspberry,34.0,,,,,,,,False,https://www.sephora.com/productimages/sku/s2867646-main-zoom.jpg,,
2867679,P516566,Watermelon,34.0,,,,,,,,False,https://www.sephora.com/productimages/sku/s2867679-main-zoom.jpg,,
2867687,P516566,Pomegranate,34.0,,,,,,,,False,https://www.sephora.com/productimages/sku/s2867687-main-zoom.jpg,,
2867588,P516566,(Mini) Pale Petal,16.0,,,,,,,,False,https://www.sephora.com/productimages/sku/s2867588-main-zoom.jpg,,
2867596,P516566,(Mini) Watermelon,16.0,,,,,,,,False,https://www.sephora.com/productimages/sku/s2867596-main-zoom.jpg,,
2947760,P511567,63 Rosewood Pink,40.0,,,,,,,,False,https://www.sephora.com/productimages/sku/s2947760-main-zoom.jpg,,
2750479,P511567,62 Delicate Mauve,40.0,,,,,,,allure 2024 Best of Beauty Award Winner,False,https://www.sephora.com/productimages/sku/s2750479-main-zoom.jpg?pb=allure-2024-bestofbeauty,,
2751725,P511567,53 Bold Pink,40.0,,,,,,,allure 2024 Best of Beauty Award Winner,False,https://www.sephora.com/productimages/sku/s2751725-main-zoom.jpg?pb=allure-2024-bestofbeauty,,
2751709,P511567,41 Flaming Red,40.0,,,,,,,allure 2024 Best of Beauty Award Winner,False,https://www.sephora.com/productimages/sku/s2751709-main-zoom.jpg?pb=allure-2024-bestofbeauty,,
2751691,P511567,50.5 Rosy Peach,40.0,,,,,,,allure 2024 Best of Beauty Award Winner,False,https://www.sephora.com/productimages/sku/s2751691-main-zoom.jpg?pb=allure-2024-bestofbeauty,,
2867075,P511567,42S Sunlit Sienna,40.0,,,,,,,allure 2024 Best of Beauty Award Winner,False,https://www.sephora.com/productimages/sku/s2867075-main-zoom.jpg?pb=allure-2024-bestofbeauty,,
2867083,P511567,50S Starlit Peach,40.0,,,,,,,allure 2024 Best of Beauty Award Winner,False,https://www.sephora.com/productimages/sku/s2867083-main-zoom.jpg?pb=allure-2024-bestofbeauty,,
2867109,P511567,53S Cosmic Pink,40.0,,,,,,,allure 2024 Best of Beauty Award Winner,False,https://www.sephora.com/productimages/sku/s2867109-main-zoom.jpg?pb=allure-2024-bestofbeauty,,
2867091,P511567,62S Magnetic Mauve,40.0,,,,,,,allure 2024 Best of Beauty Award Winner,False,https://www.sephora.com/productimages/sku/s2867091-main-zoom.jpg?pb=allure-2024-bestofbeauty,,
2947745,P511567,12 Rosy Nude,40.0,,,,,,,,False,https://www.sephora.com/productimages/sku/s2947745-main-zoom.jpg,,
2947752,P511567,13 Brick Brown,40.0,,,,,,,,False,https://www.sephora.com/productimages/sku/s2947752-main-zoom.jpg,,
2956555,P511567,54 Orchid Fuchsia,40.0,,,,,,,,False,https://www.sephora.com/productimages/sku/s2956555-main-zoom.jpg,,
2956530,P511567,43S Berry Red,40.0,,,,,,,,False,https://www.sephora.com/productimages/sku/s2956530-main-zoom.jpg,,
2783231,P506130,Strawberry Sunset,34.0,,,,,,,,False,https://www.sephora.com/productimages/sku/s2783231-main-zoom.jpg,,
2783256,P506130,Pink Peony,34.0,,,,,,,,False,https://www.sephora.com/productimages/sku/s2783256-main-zoom.jpg,,
2783249,P506130,Paradise Pink,34.0,,,,,,,,False,https://www.sephora.com/productimages/sku/s2783249-main-zoom.jpg,,
2785376,P506130,Papaya Pop,34.0,,,,,,,,False,https://www.sephora.com/productimages/sku/s2785376-main-zoom.jpg,,
2679561,P506130,Barely Blushing,34.0,,,,,,,,False,https://www.sephora.com/productimages/sku/s2679561-main-zoom.jpg,,
2679579,P506130,Pinch Me Pink,34.0,,,,,,,,False,https://www.sephora.com/productimages/sku/s2679579-main-zoom.jpg,,
2679587,P506130,Just Peachy,34.0,,,,,,,,False,https://www.sephora.com/productimages/sku/s2679587-main-zoom.jpg,,
2679595,P506130,Rose Crush,34.0,,,,,,,,False,https://www.sephora.com/productimages/sku/s2679595-main-zoom.jpg,,
2679603,P506130,Berry Punch,34.0,,,,,,,,False,https://www.sephora.com/productimages/sku/s2679603-main-zoom.jpg,,
2679553,P506130,Perfect Pink,34.0,,,,,,,,False,https://www.sephora.com/productimages/sku/s2679553-main-zoom.jpg,,
2868123,P516850,Pinky Glow,44.0,,,,,,,,False,https://www.sephora.com/productimages/sku/s2868123-main-zoom.jpg,,
2868016,P516850,Rosy Glow,44.0,,,,,,,,False,https://www.sephora.com/productimages/sku/s2868016-main-zoom.jpg,,
2868115,P516850,Peachy Glow,44.0,,,,,,,,False,https://www.sephora.com/productimages/sku/s2868115-main-zoom.jpg,,
2868073,P516850,Pretty Glow,44.0,,,,,,,,False,https://www.sephora.com/productimages/sku/s2868073-main-zoom.jpg,,
2868107,P516850,Cherry Glow,44.0,,,,,,,,False,https://www.sephora.com/productimages/sku/s2868107-main-zoom.jpg,,
2868099,P516850,Berry Glow,44.0,,,,,,,,False,https://www.sephora.com/productimages/sku/s2868099-main-zoom.jpg,,
2914901,P515371,Cherry Flush,25.0,,,,,,,Clean plus Planet Aware,False,https://www.sephora.com/productimages/sku/s2914901-main-zoom.jpg?pb=clean-planet-aware,,
2845071,P515371,Watermelon Flush,25.0,,,,,,,Clean plus Planet Aware,False,https://www.sephora.com/productimages/sku/s2845071-main-zoom.jpg?pb=clean-planet-aware,,
2845030,P515371,Berry Flush,25.0,,,,,,,Clean plus Planet Aware,False,https://www.sephora.com/productimages/sku/s2845030-main-zoom.jpg?pb=clean-planet-aware,,
2914919,P515371,Dragonfruit Flush,25.0,,,,,,,Clean plus Planet Aware,False,https://www.sephora.com/productimages/sku/s2914919-main-zoom.jpg?pb=clean-planet-aware,,
2954642,P518601,"Strawberry Latte - Strawberry Fizz, Rose Chai, Latte, Pink Espresso",43.0,,,,,,,,False,https://www.sephora.com/productimages/sku/s2954642-main-zoom.jpg,,
2906345,P518601,"Toasty Peach - Peach Fizz, Baby Coral, Spiced Tangerine, Sunset Lychee",43.0,,,,,,,,False,https://www.sephora.com/productimages/sku/s2906345-main-zoom.jpg,,
2906329,P518601,"Baby Pink - Pink Fizz, Cotton Candy, Papaya Pop, Ube Jelly",43.0,,,,,,,,False,https://www.sephora.com/productimages/sku/s2906329-main-zoom.jpg,,
2906337,P518601,"Rose Berry - Berry Fizz, Pink Velvet, Strawberry Cream, Bronze Berry",43.0,,,,,,,,False,https://www.sephora.com/productimages/sku/s2906337-main-zoom.jpg,,
2642502,P504072,Golden Hour,32.0,,,,,,,,False,https://www.sephora.com/productimages/sku/s2642502-main-zoom.jpg,,
2642494,P504072,Tequila Sunset,32.0,,,,,,,,False,https://www.sephora.com/productimages/sku/s2642494-main-zoom.jpg,,
2642528,P504072,Head In The Clouds,32.0,,,,,,,,False,https://www.sephora.com/productimages/sku/s2642528-main-zoom.jpg,,
2839280,P504072,Super Candy Clouds,32.0,,,,,,,,False,https://www.sephora.com/productimages/sku/s2839280-main-zoom.jpg,,
2642536,P504072,Watermelon Rain,32.0,,,,,,,,False,https://www.sephora.com/productimages/sku/s2642536-main-zoom.jpg,,
2839272,P504072,Berry Dreamy,32.0,,,,,,,,False,https://www.sephora.com/productimages/sku/s2839272-main-zoom.jpg,,
2642486,P504072,Candy Clouds,32.0,,,,,,,,False,https://www.sephora.com/productimages/sku/s2642486-main-zoom.jpg,,
2642510,P504072,Velvet Crush,32.0,,,,,,,,False,https://www.sephora.com/productimages/sku/s2642510-main-zoom.jpg,,
2807055,P512289,"Blush, Please",34.0,,,,,,,,False,https://www.sephora.com/productimages/sku/s2807055-main-zoom.jpg,,
2808376,P512289,Ginger Luck,34.0,,,,,,,,False,https://www.sephora.com/productimages/sku/s2808376-main-zoom.jpg,,
2808368,P512289,True Harmony,34.0,,,,,,,,False,https://www.sephora.com/productimages/sku/s2808368-main-zoom.jpg,,
2808335,P512289,Grand,34.0,,,,,,,,False,https://www.sephora.com/productimages/sku/s2808335-main-zoom.jpg,,
2808293,P512289,Totally Synced,34.0,,,,,,,,False,https://www.sephora.com/productimages/sku/s2808293-main-zoom.jpg,,
2872539,P512289,Cheer Up,34.0,,,,,,,,False,https://www.sephora.com/productimages/sku/s2872539-main-zoom.jpg,,
2808350,P512289,Plush Pepper,34.0,,,,,,,,False,https://www.sephora.com/productimages/sku/s2808350-main-zoom.jpg,,
2808277,P512289,Heat Index,34.0,,,,,,,,False,https://www.sephora.com/productimages/sku/s2808277-main-zoom.jpg,,
2808301,P512289,Big Diva Energy,34.0,,,,,,,,False,https://www.sephora.com/productimages/sku/s2808301-main-zoom.jpg,,
2872521,P512289,Pinch Of Marrakesh,34.0,,,,,,,,False,https://www.sephora.com/productimages/sku/s2872521-main-zoom.jpg,,
2879328,P518147,Soft Strawberry - neutral pink,26.0,,,,,,,Clean at Sephora,False,https://www.sephora.com/productimages/sku/s2879328-main-zoom.jpg?pb=clean-at-sephora,,
2879310,P518147,Pink Sunset - warm peachy pink,26.0,,,,,,,Clean at Sephora,False,https://www.sephora.com/productimages/sku/s2879310-main-zoom.jpg?pb=clean-at-sephora,,
2879286,P518147,Sweet Ros&#233; - cool baby pink,26.0,,,,,,,Clean at Sephora,False,https://www.sephora.com/productimages/sku/s2879286-main-zoom.jpg?pb=clean-at-sephora,,
2879336,P518147,Dusty Rose - cool dusty rose,26.0,,,,,,,Clean at Sephora,False,https://www.sephora.com/productimages/sku/s2879336-main-zoom.jpg?pb=clean-at-sephora,,
2879278,P518147,Toasted Terracotta - warm rose,26.0,,,,,,,Clean at Sephora,False,https://www.sephora.com/productimages/sku/s2879278-main-zoom.jpg?pb=clean-at-sephora,,
2879294,P518147,Berry Spritz - neutral berry,26.0,,,,,,,Clean at Sephora,False,https://www.sephora.com/productimages/sku/s2879294-main-zoom.jpg?pb=clean-at-sephora,,
2670990,P506281,Petal,26.0,,,,,,,Clean at Sephora,False,https://www.sephora.com/productimages/sku/s2670990-main-zoom.jpg?pb=clean-at-sephora,,
2869071,P506281,Coquette,26.0,,,,,,,Clean at Sephora,False,https://www.sephora.com/productimages/sku/s2869071-main-zoom.jpg?pb=clean-at-sephora,,
2869063,P506281,Poppet,26.0,,,,,,,Clean at Sephora,False,https://www.sephora.com/productimages/sku/s2869063-main-zoom.jpg?pb=clean-at-sephora,,
2836625,P504051,Red Velvet,27.0,,,,,,,,False,https://www.sephora.com/productimages/sku/s2836625-main-zoom.jpg,,
2654010,P504051,Rosé N Brunch,27.0,,,,,,,allure 2023 Best of Beauty Award Winner,False,https://www.sephora.com/productimages/sku/s2654010-main-zoom.jpg?pb=allure-2023-bestofbeauty-badge,,
2654028,P504051,Jubilee,27.0,,,,,,,allure 2023 Best of Beauty Award Winner,False,https://www.sephora.com/productimages/sku/s2654028-main-zoom.jpg?pb=allure-2023-bestofbeauty-badge,,
2654051,P504051,Primadonna,27.0,,,,,,,allure 2023 Best of Beauty Award Winner,False,https://www.sephora.com/productimages/sku/s2654051-main-zoom.jpg?pb=allure-2023-bestofbeauty-badge,,
2654044,P504051,Golden Hour,27.0,,,,,,,allure 2023 Best of Beauty Award Winner,False,https://www.sephora.com/productimages/sku/s2654044-main-zoom.jpg?pb=allure-2023-bestofbeauty-badge,,
2654036,P504051,Bellini,27.0,,,,,,,allure 2023 Best of Beauty Award Winner,False,https://www.sephora.com/productimages/sku/s2654036-main-zoom.jpg?pb=allure-2023-bestofbeauty-badge,,
2654069,P504051,Dancing Queen,27.0,,,,,,,allure 2023 Best of Beauty Award Winner,False,https://www.sephora.com/productimages/sku/s2654069-main-zoom.jpg?pb=allure-2023-bestofbeauty-badge,,
2738672,P504051,IT Girl,27.0,,,,,,,allure 2023 Best of Beauty Award Winner,False,https://www.sephora.com/productimages/sku/s2738672-main-zoom.jpg?pb=allure-2023-bestofbeauty-badge,,
2836682,P504051,Grape Soda,27.0,,,,,,,,False,https://www.sephora.com/productimages/sku/s2836682-main-zoom.jpg,,
2836633,P504051,Spiced Latte,27.0,,,,,,,,False,https://www.sephora.com/productimages/sku/s2836633-main-zoom.jpg,,
2836724,P504051,Creme Bruelee,27.0,,,,,,,,False,https://www.sephora.com/productimages/sku/s2836724-main-zoom.jpg,,
2378586,P384963,At Night,48.0,,,,,,,,False,https://www.sephora.com/productimages/sku/s2378586-main-zoom.jpg,,
2378578,P384963,Sublime Flush,48.0,,,,,,,,False,https://www.sephora.com/productimages/sku/s2378578-main-zoom.jpg,,
1581297,P384963,Dim Infusion,48.0,,,,,,,,False,https://www.sephora.com/productimages/sku/s1581297-main-zoom.jpg,,
1581313,P384963,Luminous Flush,48.0,,,,,,,,False,https://www.sephora.com/productimages/sku/s1581313-main-zoom.jpg,,
1581289,P384963,Diffused Heat,48.0,,,,,,,,False,https://www.sephora.com/productimages/sku/s1581289-main-zoom.jpg,,
1581321,P384963,Mood Exposure,48.0,,,,,,,,False,https://www.sephora.com/productimages/sku/s1581321-main-zoom.jpg,,
1963651,P384963,Luminous Flush,32.0,,,,,,,,False,https://www.sephora.com/productimages/sku/s1963651-main-zoom.jpg,,
1963644,P384963,Diffused Heat,32.0,,,,,,,,False,https://www.sephora.com/productimages/sku/s1963644-main-zoom.jpg,,
1959063,P384963,Mood Exposure,32.0,,,,,,,,False,https://www.sephora.com/productimages/sku/s1959063-main-zoom.jpg,,
2756062,P511166,Orgasm – 777,18.0,,,,,,,allure 2024 Best of Beauty Award Winner,False,https://www.sephora.com/productimages/sku/s2756062-main-zoom.jpg?pb=allure-2024-bestofbeauty,,
2756070,P511166,Orgasm Edge – 778,18.0,,,,,,,allure 2024 Best of Beauty Award Winner,False,https://www.sephora.com/productimages/sku/s2756070-main-zoom.jpg?pb=allure-2024-bestofbeauty,,
2867588,P516161,(Mini) Pale Petal,16.0,,,,,,,,False,https://www.sephora.com/productimages/sku/s2867588-main-zoom.jpg,,
2867596,P516161,(Mini) Watermelon,16.0,,,,,,,,False,https://www.sephora.com/productimages/sku/s2867596-main-zoom.jpg,,
2434165,P468431,Petal,48.0,,,,,,,Clean at Sephora,False,https://www.sephora.com/productimages/sku/s2434165-main-zoom.jpg?pb=clean-at-sephora,,
2771939,P468431,Coquette,48.0,,,,,,,Clean at Sephora,False,https://www.sephora.com/productimages/sku/s2771939-main-zoom.jpg?pb=clean-at-sephora,,
2771921,P468431,Garconne,48.0,,,,,,,Clean at Sephora,False,https://www.sephora.com/productimages/sku/s2771921-main-zoom.jpg?pb=clean-at-sephora,,
2434116,P468431,Bichette,48.0,,,,,,,Clean at Sephora,False,https://www.sephora.com/productimages/sku/s2434116-main-zoom.jpg?pb=clean-at-sephora,,
2434124,P468431,Chouchette,48.0,,,,,,,Clean at Sephora,False,https://www.sephora.com/productimages/sku/s2434124-main-zoom.jpg?pb=clean-at-sephora,,
2434157,P468431,Minette,48.0,,,,,,,Clean at Sephora,False,https://www.sephora.com/productimages/sku/s2434157-main-zoom.jpg?pb=clean-at-sephora,,
2670990,P468431,Petal,26.0,,,,,,,Clean at Sephora,False,https://www.sephora.com/productimages/sku/s2670990-main-zoom.jpg?pb=clean-at-sephora,,
2434132,P468431,Poppet,48.0,,,,,,,Clean at Sephora,False,https://www.sephora.com/productimages/sku/s2434132-main-zoom.jpg?pb=clean-at-sephora,,
2434140,P468431,Dou Dou,48.0,,,,,,,Clean at Sephora,False,https://www.sephora.com/productimages/sku/s2434140-main-zoom.jpg?pb=clean-at-sephora,,
2869071,P468431,Coquette,26.0,,,,,,,Clean at Sephora,False,https://www.sephora.com/productimages/sku/s2869071-main-zoom.jpg?pb=clean-at-sephora,,
2869063,P468431,Poppet,26.0,,,,,,,Clean at Sephora,False,https://www.sephora.com/productimages/sku/s2869063-main-zoom.jpg?pb=clean-at-sephora,,
2649390,P504521,Puff,24.0,,,,,,,,False,https://www.sephora.com/productimages/sku/s2649390-main-zoom.jpg,,
2649366,P504521,Dusk,24.0,,,,,,,,False,https://www.sephora.com/productimages/sku/s2649366-main-zoom.jpg,,
2649382,P504521,Beam,24.0,,,,,,,,False,https://www.sephora.com/productimages/sku/s2649382-main-zoom.jpg,,
2818003,P504521,Wisp,24.0,,,,,,,,False,https://www.sephora.com/productimages/sku/s2818003-main-zoom.jpg,,
2649341,P504521,Dawn,24.0,,,,,,,,False,https://www.sephora.com/productimages/sku/s2649341-main-zoom.jpg,,
2649358,P504521,Spark,24.0,,,,,,,,False,https://www.sephora.com/productimages/sku/s2649358-main-zoom.jpg,,
2649374,P504521,Storm,24.0,,,,,,,,False,https://www.sephora.com/productimages/sku/s2649374-main-zoom.jpg,,
2649333,P504521,Haze,24.0,,,,,,,,False,https://www.sephora.com/productimages/sku/s2649333-main-zoom.jpg,,
2649325,P504521,Eve,24.0,,,,,,,,False,https://www.sephora.com/productimages/sku/s2649325-main-zoom.jpg,,
2679447,P505541,Quartzglow,28.0,,,,,,,allure 2024 Best of Beauty Award Winner,False,https://www.sephora.com/productimages/sku/s2679447-main-zoom.jpg?pb=allure-2024-bestofbeauty,,
2679454,P505541,Mauveglow,28.0,,,,,,,allure 2024 Best of Beauty Award Winner,False,https://www.sephora.com/productimages/sku/s2679454-main-zoom.jpg?pb=allure-2024-bestofbeauty,,
2679470,P505541,Peachglow,28.0,,,,,,,allure 2024 Best of Beauty Award Winner,False,https://www.sephora.com/productimages/sku/s2679470-main-zoom.jpg?pb=allure-2024-bestofbeauty,,
2679488,P505541,Bronzeglow,28.0,,,,,,,allure 2024 Best of Beauty Award Winner,False,https://www.sephora.com/productimages/sku/s2679488-main-zoom.jpg?pb=allure-2024-bestofbeauty,,
2952737,P521356,P72 Dahlia,42.0,,,,,,,,False,https://www.sephora.com/productimages/sku/s2952737-main-zoom.jpg,,
2952711,P521356,P71 Bow,42.0,,,,,,,,False,https://www.sephora.com/productimages/sku/s2952711-main-zoom.jpg,,
2952729,P521356,P75 Tulip,42.0,,,,,,,,False,https://www.sephora.com/productimages/sku/s2952729-main-zoom.jpg,,
2952786,P521356,P76 Waterlily,42.0,,,,,,,,False,https://www.sephora.com/productimages/sku/s2952786-main-zoom.jpg,,
2952794,P521356,086 Peach,42.0,,,,,,,,False,https://www.sephora.com/productimages/sku/s2952794-main-zoom.jpg,,
2952752,P521356,R68 Cherry,42.0,,,,,,,,False,https://www.sephora.com/productimages/sku/s2952752-main-zoom.jpg,,
2952760,P521356,P79 Mauve,42.0,,,,,,,,False,https://www.sephora.com/productimages/sku/s2952760-main-zoom.jpg,,
2952778,P521356,B32 Caffee,42.0,,,,,,,,False,https://www.sephora.com/productimages/sku/s2952778-main-zoom.jpg,,
2449726,P472325,Creamy Peach,32.0,,,,,,,2021 Allure Best of Beauty Award Winner,False,https://www.sephora.com/productimages/sku/s2449726-main-zoom.jpg?pb=allure-best-2021-badge,,
2449734,P472325,Desert Rose,32.0,,,,,,,2021 Allure Best of Beauty Award Winner,False,https://www.sephora.com/productimages/sku/s2449734-main-zoom.jpg?pb=allure-best-2021-badge,,
2449742,P472325,Mellow Mauve,32.0,,,,,,,2021 Allure Best of Beauty Award Winner,False,https://www.sephora.com/productimages/sku/s2449742-main-zoom.jpg?pb=allure-best-2021-badge,,
2449718,P472325,Poppy Pink,32.0,,,,,,,2021 Allure Best of Beauty Award Winner,False,https://www.sephora.com/productimages/sku/s2449718-main-zoom.jpg?pb=allure-best-2021-badge,,
2449700,P472325,Wildberry,32.0,,,,,,,2021 Allure Best of Beauty Award Winner,False,https://www.sephora.com/productimages/sku/s2449700-main-zoom.jpg?pb=allure-best-2021-badge,,
2306322,P437097,Rally,24.0,,,,,,,Clean at Sephora,False,https://www.sephora.com/productimages/sku/s2306322-main-zoom.jpg?pb=clean-at-sephora,,
2141992,P437097,Werk,24.0,,,,,,,Clean at Sephora,False,https://www.sephora.com/productimages/sku/s2141992-main-zoom.jpg?pb=clean-at-sephora,,
2448496,P437097,Swerve,24.0,,,,,,,Clean at Sephora,False,https://www.sephora.com/productimages/sku/s2448496-main-zoom.jpg?pb=clean-at-sephora,,
2448488,P437097,Dash,24.0,,,,,,,Clean at Sephora,False,https://www.sephora.com/productimages/sku/s2448488-main-zoom.jpg?pb=clean-at-sephora,,
2639656,P437097,Muse,24.0,,,,,,,Clean at Sephora,False,https://www.sephora.com/productimages/sku/s2639656-main-zoom.jpg?pb=clean-at-sephora,,
2306306,P437097,Quirk,24.0,,,,,,,Clean at Sephora,False,https://www.sephora.com/productimages/sku/s2306306-main-zoom.jpg?pb=clean-at-sephora,,
2306314,P437097,Quickie,24.0,,,,,,,Clean at Sephora,False,https://www.sephora.com/productimages/sku/s2306314-main-zoom.jpg?pb=clean-at-sephora,,
2257251,P437097,Perk,24.0,,,,,,,Clean at Sephora,False,https://www.sephora.com/productimages/sku/s2257251-main-zoom.jpg?pb=clean-at-sephora,,
2735900,P509577,Courageous,24.0,,,,,,,allure 2024 Clean Beauty Winner,False,https://www.sephora.com/productimages/sku/s2735900-main-zoom.jpg?pb=allure-2024-clean,,
2735892,P509577,Outgoing,24.0,,,,,,,allure 2024 Clean Beauty Winner,False,https://www.sephora.com/productimages/sku/s2735892-main-zoom.jpg?pb=allure-2024-clean,,
2735918,P509577,Focused,24.0,,,,,,,allure 2024 Clean Beauty Winner,False,https://www.sephora.com/productimages/sku/s2735918-main-zoom.jpg?pb=allure-2024-clean,,
2735868,P509577,Elite,24.0,,,,,,,allure 2024 Clean Beauty Winner,False,https://www.sephora.com/productimages/sku/s2735868-main-zoom.jpg?pb=allure-2024-clean,,
2735850,P509577,Bubbly,24.0,,,,,,,allure 2024 Clean Beauty Winner,False,https://www.sephora.com/productimages/sku/s2735850-main-zoom.jpg?pb=allure-2024-clean,,
2735876,P509577,Curvy,24.0,,,,,,,allure 2024 Clean Beauty Winner,False,https://www.sephora.com/productimages/sku/s2735876-main-zoom.jpg?pb=allure-2024-clean,,
2735884,P509577,Unfazed,24.0,,,,,,,allure 2024 Clean Beauty Winner,False,https://www.sephora.com/productimages/sku/s2735884-main-zoom.jpg?pb=allure-2024-clean,,
2962694,P522100,2 x 0.06 oz/2 x 2 mL,25.0,,,,,,,,False,https://www.sephora.com/productimages/sku/s2962694-main-zoom.jpg,,
2962686,P522100,2 x 0.06 oz/2 x 2 mL,25.0,,,,,,,,False,https://www.sephora.com/productimages/sku/s2962686-main-zoom.jpg,,
2867919,P517325,Rush,34.0,,,,,,,Clean at Sephora,False,https://www.sephora.com/productimages/sku/s2867919-main-zoom.jpg?pb=clean-at-sephora,,
2867950,P517325,Crush,34.0,,,,,,,Clean at Sephora,False,https://www.sephora.com/productimages/sku/s2867950-main-zoom.jpg?pb=clean-at-sephora,,
2867927,P517325,Chill,34.0,,,,,,,Clean at Sephora,False,https://www.sephora.com/productimages/sku/s2867927-main-zoom.jpg?pb=clean-at-sephora,,
2867984,P517325,Cozy,34.0,,,,,,,Clean at Sephora,False,https://www.sephora.com/productimages/sku/s2867984-main-zoom.jpg?pb=clean-at-sephora,,
2867976,P517325,Shy,34.0,,,,,,,Clean at Sephora,False,https://www.sephora.com/productimages/sku/s2867976-main-zoom.jpg?pb=clean-at-sephora,,
2867943,P517325,Ruddy,34.0,,,,,,,Clean at Sephora,False,https://www.sephora.com/productimages/sku/s2867943-main-zoom.jpg?pb=clean-at-sephora,,
2867968,P517325,Blaze,34.0,,,,,,,Clean at Sephora,False,https://www.sephora.com/productimages/sku/s2867968-main-zoom.jpg?pb=clean-at-sephora,,
2960367,P522057,01 Crunchy Almond,18.0,,,,,,,,False,https://www.sephora.com/productimages/sku/s2960367-main-zoom.jpg,,
2960631,P522057,03 Wild Peony,18.0,,,,,,,,False,https://www.sephora.com/productimages/sku/s2960631-main-zoom.jpg,,
2960474,P522057,02 Tangy Grapefruit,18.0,,,,,,,,False,https://www.sephora.com/productimages/sku/s2960474-main-zoom.jpg,,
2960425,P522057,05 Spicy Poppy,18.0,,,,,,,,False,https://www.sephora.com/productimages/sku/s2960425-main-zoom.jpg,,
2961118,P522057,06 Dramatic Plum,18.0,,,,,,,,False,https://www.sephora.com/productimages/sku/s2961118-main-zoom.jpg,,
2961027,P522057,04 Toasted Raspberry,18.0,,,,,,,,False,https://www.sephora.com/productimages/sku/s2961027-main-zoom.jpg,,
2891901,P517845,Orgasm Crave,40.0,,,,,,,allure 2025 Best of Beauty Award Winner,False,https://www.sephora.com/productimages/sku/s2891901-main-zoom.jpg?pb=allure-2025-best-of-beauty-award-winner,,
2891968,P517845,Swing,40.0,,,,,,,allure 2025 Best of Beauty Award Winner,False,https://www.sephora.com/productimages/sku/s2891968-main-zoom.jpg?pb=allure-2025-best-of-beauty-award-winner,,
2891919,P517845,Behave,40.0,,,,,,,allure 2025 Best of Beauty Award Winner,False,https://www.sephora.com/productimages/sku/s2891919-main-zoom.jpg?pb=allure-2025-best-of-beauty-award-winner,,
2891927,P517845,Hot Take,40.0,,,,,,,allure 2025 Best of Beauty Award Winner,False,https://www.sephora.com/productimages/sku/s2891927-main-zoom.jpg?pb=allure-2025-best-of-beauty-award-winner,,
2891950,P517845,Trance,40.0,,,,,,,allure 2025 Best of Beauty Award Winner,False,https://www.sephora.com/productimages/sku/s2891950-main-zoom.jpg?pb=allure-2025-best-of-beauty-award-winner,,
2891984,P517845,Sinful,40.0,,,,,,,allure 2025 Best of Beauty Award Winner,False,https://www.sephora.com/productimages/sku/s2891984-main-zoom.jpg?pb=allure-2025-best-of-beauty-award-winner,,
2891885,P517845,Bad Habit,40.0,,,,,,,allure 2025 Best of Beauty Award Winner,False,https://www.sephora.com/productimages/sku/s2891885-main-zoom.jpg?pb=allure-2025-best-of-beauty-award-winner,,
2891893,P517845,Dolce Vita,40.0,,,,,,,allure 2025 Best of Beauty Award Winner,False,https://www.sephora.com/productimages/sku/s2891893-main-zoom.jpg?pb=allure-2025-best-of-beauty-award-winner,,
2891992,P517845,Dazed,40.0,,,,,,,allure 2025 Best of Beauty Award Winner,False,https://www.sephora.com/productimages/sku/s2891992-main-zoom.jpg?pb=allure-2025-best-of-beauty-award-winner,,
2891877,P517845,Fierce,40.0,,,,,,,allure 2025 Best of Beauty Award Winner,False,https://www.sephora.com/productimages/sku/s2891877-main-zoom.jpg?pb=allure-2025-best-of-beauty-award-winner,,
2891943,P517845,Fling,40.0,,,,,,,allure 2025 Best of Beauty Award Winner,False,https://www.sephora.com/productimages/sku/s2891943-main-zoom.jpg?pb=allure-2025-best-of-beauty-award-winner,,
2891976,P517845,Sex Appeal,40.0,,,,,,,allure 2025 Best of Beauty Award Winner,False,https://www.sephora.com/productimages/sku/s2891976-main-zoom.jpg?pb=allure-2025-best-of-beauty-award-winner,,
2902617,P518494,Puff,26.0,,,,,,,,False,https://www.sephora.com/productimages/sku/s2902617-main-zoom.jpg,,
2892016,P518494,Billow,26.0,,,,,,,,False,https://www.sephora.com/productimages/sku/s2892016-main-zoom.jpg,,
2902658,P518494,Beam,26.0,,,,,,,,False,https://www.sephora.com/productimages/sku/s2902658-main-zoom.jpg,,
2902583,P518494,Gale,26.0,,,,,,,,False,https://www.sephora.com/productimages/sku/s2902583-main-zoom.jpg,,
2902609,P518494,Bloom,26.0,,,,,,,,False,https://www.sephora.com/productimages/sku/s2902609-main-zoom.jpg,,
2902633,P518494,Float,26.0,,,,,,,,False,https://www.sephora.com/productimages/sku/s2902633-main-zoom.jpg,,
2902591,P518494,Soar,26.0,,,,,,,,False,https://www.sephora.com/productimages/sku/s2902591-main-zoom.jpg,,
2902641,P518494,Burst,26.0,,,,,,,,False,https://www.sephora.com/productimages/sku/s2902641-main-zoom.jpg,,
2902625,P518494,Storm,26.0,,,,,,,,False,https://www.sephora.com/productimages/sku/s2902625-main-zoom.jpg,,
2902575,P518494,Plume,26.0,,,,,,,,False,https://www.sephora.com/productimages/sku/s2902575-main-zoom.jpg,,
2868768,P516173,220 Swanky Mauve,35.0,,,,,,,,False,https://www.sephora.com/productimages/sku/s2868768-main-zoom.jpg,,
2868826,P516173,102 Starfire Gold,35.0,,,,,,,,False,https://www.sephora.com/productimages/sku/s2868826-main-zoom.jpg,,
2868792,P516173,112 Fiery Opal,35.0,,,,,,,,False,https://www.sephora.com/productimages/sku/s2868792-main-zoom.jpg,,
2868818,P516173,104 Glazed Rose,35.0,,,,,,,,False,https://www.sephora.com/productimages/sku/s2868818-main-zoom.jpg,,
2868909,P516173,160 Glorious Bronze,35.0,,,,,,,,False,https://www.sephora.com/productimages/sku/s2868909-main-zoom.jpg,,
2868750,P516173,168 Blazing Fudge,35.0,,,,,,,,False,https://www.sephora.com/productimages/sku/s2868750-main-zoom.jpg,,
2868693,P516173,126 Peachy Coral,35.0,,,,,,,,False,https://www.sephora.com/productimages/sku/s2868693-main-zoom.jpg,,
2868917,P516173,308 Vivid Coral,35.0,,,,,,,,False,https://www.sephora.com/productimages/sku/s2868917-main-zoom.jpg,,
2868651,P516173,326 Epic Pumpkin,35.0,,,,,,,,False,https://www.sephora.com/productimages/sku/s2868651-main-zoom.jpg,,
2868677,P516173,101 Blushing Pink,35.0,,,,,,,,False,https://www.sephora.com/productimages/sku/s2868677-main-zoom.jpg,,
2868875,P516173,228 Cheeky Fuchsia,35.0,,,,,,,,False,https://www.sephora.com/productimages/sku/s2868875-main-zoom.jpg,,
2868800,P516173,226 Daring Pink,35.0,,,,,,,,False,https://www.sephora.com/productimages/sku/s2868800-main-zoom.jpg,,
2868867,P516173,282 Iconic Purple,35.0,,,,,,,,False,https://www.sephora.com/productimages/sku/s2868867-main-zoom.jpg,,
2868776,P516173,808 Boundless Berry,35.0,,,,,,,,False,https://www.sephora.com/productimages/sku/s2868776-main-zoom.jpg,,
2868859,P516173,424 Flaming Hot Red,35.0,,,,,,,,False,https://www.sephora.com/productimages/sku/s2868859-main-zoom.jpg,,
2868883,P516173,600 Anywhere Caffeine,35.0,,,,,,,,False,https://www.sephora.com/productimages/sku/s2868883-main-zoom.jpg,,
2868842,P516173,606 Wherever Walnut,35.0,,,,,,,,False,https://www.sephora.com/productimages/sku/s2868842-main-zoom.jpg,,
2868834,P516173,404 Ardent Dune,35.0,,,,,,,,False,https://www.sephora.com/productimages/sku/s2868834-main-zoom.jpg,,
2868727,P516173,414 Sunny Tawny,35.0,,,,,,,,False,https://www.sephora.com/productimages/sku/s2868727-main-zoom.jpg,,
2868933,P516173,432 Luminous Taupe,35.0,,,,,,,,False,https://www.sephora.com/productimages/sku/s2868933-main-zoom.jpg,,
2868891,P516173,436 Spicy Caramel,35.0,,,,,,,,False,https://www.sephora.com/productimages/sku/s2868891-main-zoom.jpg,,
2868610,P516173,506 Endless Cacao,35.0,,,,,,,,False,https://www.sephora.com/productimages/sku/s2868610-main-zoom.jpg,,
2868925,P516173,608 Limitless Brown,35.0,,,,,,,,False,https://www.sephora.com/productimages/sku/s2868925-main-zoom.jpg,,
2868701,P516173,612 Dimensional Dark Brown,35.0,,,,,,,,False,https://www.sephora.com/productimages/sku/s2868701-main-zoom.jpg,,
2798098,P468353,Odyssey,22.0,,,,,,,,False,https://www.sephora.com/productimages/sku/s2798098-main-zoom.jpg,,
2798163,P468353,Clear,22.0,,,,,,,,False,https://www.sephora.com/productimages/sku/s2798163-main-zoom.jpg,,
2798049,P468353,Pink Ice,22.0,,,,,,,,False,https://www.sephora.com/productimages/sku/s2798049-main-zoom.jpg,,
2805844,P468353,Stargazer,22.0,,,,,,,,False,https://www.sephora.com/productimages/sku/s2805844-main-zoom.jpg,,
2798213,P468353,Latte,22.0,,,,,,,,False,https://www.sephora.com/productimages/sku/s2798213-main-zoom.jpg,,
2805828,P468353,Blackout,22.0,,,,,,,,False,https://www.sephora.com/productimages/sku/s2805828-main-zoom.jpg,,
2798247,P468353,Exposed,22.0,,,,,,,,False,https://www.sephora.com/productimages/sku/s2798247-main-zoom.jpg,,
2798189,P468353,Lift,22.0,,,,,,,,False,https://www.sephora.com/productimages/sku/s2798189-main-zoom.jpg,,
2812949,P468353,Vamp,22.0,,,,,,,,False,https://www.sephora.com/productimages/sku/s2812949-main-zoom.jpg,,
2805851,P468353,Chocolate,22.0,,,,,,,,False,https://www.sephora.com/productimages/sku/s2805851-main-zoom.jpg,,
2798254,P468353,Trooper,22.0,,,,,,,,False,https://www.sephora.com/productimages/sku/s2798254-main-zoom.jpg,,
2797959,P468353,Primary Red,22.0,,,,,,,,False,https://www.sephora.com/productimages/sku/s2797959-main-zoom.jpg,,
2812956,P468353,Carrot Cake,22.0,,,,,,,,False,https://www.sephora.com/productimages/sku/s2812956-main-zoom.jpg,,
2812931,P468353,Matcha,22.0,,,,,,,,False,https://www.sephora.com/productimages/sku/s2812931-main-zoom.jpg,,
2797967,P468353,Nude 1,22.0,,,,,,,,False,https://www.sephora.com/productimages/sku/s2797967-main-zoom.jpg,,
2798080,P468353,Nude 2,22.0,,,,,,,,False,https://www.sephora.com/productimages/sku/s2798080-main-zoom.jpg,,
2798114,P468353,Nude 3,22.0,,,,,,,,False,https://www.sephora.com/productimages/sku/s2798114-main-zoom.jpg,,
2798205,P468353,Nude 4,22.0,,,,,,,,False,https://www.sephora.com/productimages/sku/s2798205-main-zoom.jpg,,
2798072,P468353,Nude 5,22.0,,,,,,,,False,https://www.sephora.com/productimages/sku/s2798072-main-zoom.jpg,,
2798122,P468353,Nude 6,22.0,,,,,,,,False,https://www.sephora.com/productimages/sku/s2798122-main-zoom.jpg,,
2797983,P468353,Nude 7,22.0,,,,,,,,False,https://www.sephora.com/productimages/sku/s2797983-main-zoom.jpg,,
2798155,P468353,Nude 8,22.0,,,,,,,,False,https://www.sephora.com/productimages/sku/s2798155-main-zoom.jpg,,
2797975,P468353,Nude 9,22.0,,,,,,,,False,https://www.sephora.com/productimages/sku/s2797975-main-zoom.jpg,,
2798031,P468353,Nude 10,22.0,,,,,,,,False,https://www.sephora.com/productimages/sku/s2798031-main-zoom.jpg,,
2797991,P468353,Nude 11,22.0,,,,,,,,False,https://www.sephora.com/productimages/sku/s2797991-main-zoom.jpg,,
2798130,P468353,Nude 12,22.0,,,,,,,,False,https://www.sephora.com/productimages/sku/s2798130-main-zoom.jpg,,
2798197,P468353,Milky Way,22.0,,,,,,,,False,https://www.sephora.com/productimages/sku/s2798197-main-zoom.jpg,,
2798239,P468353,Alien,22.0,,,,,,,,False,https://www.sephora.com/productimages/sku/s2798239-main-zoom.jpg,,
2798015,P468353,Jewelz,22.0,,,,,,,,False,https://www.sephora.com/productimages/sku/s2798015-main-zoom.jpg,,
2798221,P468353,Petals,22.0,,,,,,,,False,https://www.sephora.com/productimages/sku/s2798221-main-zoom.jpg,,
2798148,P468353,Celebration,22.0,,,,,,,,False,https://www.sephora.com/productimages/sku/s2798148-main-zoom.jpg,,
2798106,P468353,Iconic,22.0,,,,,,,,False,https://www.sephora.com/productimages/sku/s2798106-main-zoom.jpg,,
2798007,P468353,Journey,22.0,,,,,,,,False,https://www.sephora.com/productimages/sku/s2798007-main-zoom.jpg,,
2798171,P468353,Goldmine,22.0,,,,,,,,False,https://www.sephora.com/productimages/sku/s2798171-main-zoom.jpg,,
2798056,P468353,Ballerina,22.0,,,,,,,,False,https://www.sephora.com/productimages/sku/s2798056-main-zoom.jpg,,
2796282,P468353,Evergreen,22.0,,,,,,,,False,https://www.sephora.com/productimages/sku/s2796282-main-zoom.jpg,,
2796290,P468353,Flare,22.0,,,,,,,,False,https://www.sephora.com/productimages/sku/s2796290-main-zoom.jpg,,
2783280,P468353,Lemonade,22.0,,,,,,,,False,https://www.sephora.com/productimages/sku/s2783280-main-zoom.jpg,,
2774412,P468353,Bunny,22.0,,,,,,,,False,https://www.sephora.com/productimages/sku/s2774412-main-zoom.jpg,,
2774404,P468353,Dreamsicle,22.0,,,,,,,,False,https://www.sephora.com/productimages/sku/s2774404-main-zoom.jpg,,
2774420,P468353,Oasis,22.0,,,,,,,,False,https://www.sephora.com/productimages/sku/s2774420-main-zoom.jpg,,
2774354,P468353,Sundaze,22.0,,,,,,,,False,https://www.sephora.com/productimages/sku/s2774354-main-zoom.jpg,,
2703510,P468353,24K,22.0,,,,,,,allure 2020 Best of Beauty Award Winner,False,https://www.sephora.com/productimages/sku/s2703510-main-zoom.jpg?pb=allure-best-2020,,
2703551,P468353,Gilded,22.0,,,,,,,,False,https://www.sephora.com/productimages/sku/s2703551-main-zoom.jpg,,
2703544,P468353,Hot Fire,22.0,,,,,,,,False,https://www.sephora.com/productimages/sku/s2703544-main-zoom.jpg,,
2703569,P468353,Lilac Flame,22.0,,,,,,,,False,https://www.sephora.com/productimages/sku/s2703569-main-zoom.jpg,,
2703528,P468353,Platinum,22.0,,,,,,,,False,https://www.sephora.com/productimages/sku/s2703528-main-zoom.jpg,,
2564359,P411848,In the Mood,36.0,,,,,,,Clean at Sephora,False,https://www.sephora.com/productimages/sku/s2564359-main-zoom.jpg?pb=clean-at-sephora,,
2199883,P411848,Stella By Starlight,36.0,,,,,,,Clean at Sephora,False,https://www.sephora.com/productimages/sku/s2199883-main-zoom.jpg?pb=clean-at-sephora,,
2334571,P411848,A Fine Romance,36.0,,,,,,,Clean at Sephora,False,https://www.sephora.com/productimages/sku/s2334571-main-zoom.jpg?pb=clean-at-sephora,,
2564367,P411848,Whisper,36.0,,,,,,,Clean at Sephora,False,https://www.sephora.com/productimages/sku/s2564367-main-zoom.jpg?pb=clean-at-sephora,,
2564334,P411848,In the City,36.0,,,,,,,Clean at Sephora,False,https://www.sephora.com/productimages/sku/s2564334-main-zoom.jpg?pb=clean-at-sephora,,
2564326,P411848,Dear Ruby,36.0,,,,,,,Clean at Sephora,False,https://www.sephora.com/productimages/sku/s2564326-main-zoom.jpg?pb=clean-at-sephora,,
2334589,P411848,Lady Bird,36.0,,,,,,,Clean at Sephora,False,https://www.sephora.com/productimages/sku/s2334589-main-zoom.jpg?pb=clean-at-sephora,,
1824564,P411848,Cosmic Dancer,36.0,,,,,,,Clean at Sephora,False,https://www.sephora.com/productimages/sku/s1824564-main-zoom.jpg?pb=clean-at-sephora,,
2334597,P411848,Dreamer,36.0,,,,,,,Clean at Sephora,False,https://www.sephora.com/productimages/sku/s2334597-main-zoom.jpg?pb=clean-at-sephora,,
2334563,P411848,At Last,36.0,,,,,,,Clean at Sephora,False,https://www.sephora.com/productimages/sku/s2334563-main-zoom.jpg?pb=clean-at-sephora,,
2334522,P411848,All Of Me,36.0,,,,,,,Clean at Sephora,False,https://www.sephora.com/productimages/sku/s2334522-main-zoom.jpg?pb=clean-at-sephora,,
2334555,P411848,Tenderly,36.0,,,,,,,Clean at Sephora,False,https://www.sephora.com/productimages/sku/s2334555-main-zoom.jpg?pb=clean-at-sephora,,
2976231,P522523,Shy At First,34.0,,,,,,,,False,https://www.sephora.com/productimages/sku/s2976231-main-zoom.jpg,,
2976249,P522523,Did You Notice,34.0,,,,,,,,False,https://www.sephora.com/productimages/sku/s2976249-main-zoom.jpg,,
2990117,P522523,Quite Confident,34.0,,,,,,,,False,https://www.sephora.com/productimages/sku/s2990117-main-zoom.jpg,,
2976223,P522523,Between Us,34.0,,,,,,,,False,https://www.sephora.com/productimages/sku/s2976223-main-zoom.jpg,,
2418663,P467451,Nearly Neutral,24.0,,,,,,,,False,https://www.sephora.com/productimages/sku/s2418663-main-zoom.jpg,,
2418689,P467451,Nearly Apricot,24.0,,,,,,,,False,https://www.sephora.com/productimages/sku/s2418689-main-zoom.jpg,,
2418697,P467451,Nearly Rose,24.0,,,,,,,,False,https://www.sephora.com/productimages/sku/s2418697-main-zoom.jpg,,
2418655,P467451,Nearly Mauve,24.0,,,,,,,,False,https://www.sephora.com/productimages/sku/s2418655-main-zoom.jpg,,
2418671,P467451,Nearly Berry,24.0,,,,,,,,False,https://www.sephora.com/productimages/sku/s2418671-main-zoom.jpg,,
2867935,P507753,Berri,34.0,,,,,,,Clean at Sephora,False,https://www.sephora.com/productimages/sku/s2867935-main-zoom.jpg?pb=clean-at-sephora,,
2708337,P507753,Kirsty,34.0,,,,,,,Clean at Sephora,False,https://www.sephora.com/productimages/sku/s2708337-main-zoom.jpg?pb=clean-at-sephora,,
2708352,P507753,Giselle,34.0,,,,,,,Clean at Sephora,False,https://www.sephora.com/productimages/sku/s2708352-main-zoom.jpg?pb=clean-at-sephora,,
2708345,P507753,Behati,34.0,,,,,,,Clean at Sephora,False,https://www.sephora.com/productimages/sku/s2708345-main-zoom.jpg?pb=clean-at-sephora,,
2708360,P507753,Elodie,34.0,,,,,,,Clean at Sephora,False,https://www.sephora.com/productimages/sku/s2708360-main-zoom.jpg?pb=clean-at-sephora,,
2756468,P507753,January,34.0,,,,,,,Clean at Sephora,False,https://www.sephora.com/productimages/sku/s2756468-main-zoom.jpg?pb=clean-at-sephora,,
2756476,P507753,June,34.0,,,,,,,Clean at Sephora,False,https://www.sephora.com/productimages/sku/s2756476-main-zoom.jpg?pb=clean-at-sephora,,
2928448,P520021,04 - Bright Pink,49.0,,,,,,,,False,https://www.sephora.com/productimages/sku/s2928448-main-zoom.jpg,,
2928422,P520021,01 - Arctic Rose,49.0,,,,,,,,False,https://www.sephora.com/productimages/sku/s2928422-main-zoom.jpg,,
2928414,P520021,02 - Fresh Coral,49.0,,,,,,,,False,https://www.sephora.com/productimages/sku/s2928414-main-zoom.jpg,,
2928430,P520021,06 - Bright Ruby,49.0,,,,,,,,False,https://www.sephora.com/productimages/sku/s2928430-main-zoom.jpg,,
2872182,P512305,15 Chili Crush,40.0,,,,,,,,False,https://www.sephora.com/productimages/sku/s2872182-main-zoom.jpg,,
2789402,P512305,37 Peachy Nude,40.0,,,,,,,,False,https://www.sephora.com/productimages/sku/s2789402-main-zoom.jpg,,
2789410,P512305,44 Nude Lavalliere,40.0,,,,,,,,False,https://www.sephora.com/productimages/sku/s2789410-main-zoom.jpg,,
2789428,P512305,54 Berry Bang,40.0,,,,,,,,False,https://www.sephora.com/productimages/sku/s2789428-main-zoom.jpg,,
2789436,P512305,57 Coral Clash,40.0,,,,,,,,False,https://www.sephora.com/productimages/sku/s2789436-main-zoom.jpg,,
2789444,P512305,66 Fuchsia Fling,40.0,,,,,,,,False,https://www.sephora.com/productimages/sku/s2789444-main-zoom.jpg,,
2859122,P512305,74 Hibiscus Heat,40.0,,,,,,,,False,https://www.sephora.com/productimages/sku/s2859122-main-zoom.jpg,,
2860211,P512305,80 Fig Fantasy,40.0,,,,,,,,False,https://www.sephora.com/productimages/sku/s2860211-main-zoom.jpg,,
2872174,P512305,3 Mischievous Magenta,40.0,,,,,,,,False,https://www.sephora.com/productimages/sku/s2872174-main-zoom.jpg,,
2871077,P515938,03 On The Bright Side,16.0,,,,,,,Sephora Quality Great Value,False,https://www.sephora.com/productimages/sku/s2871077-main-zoom.jpg?pb=2023-03-sephora-value-2023,,
2871010,P515938,01 On Point,16.0,,,,,,,Sephora Quality Great Value,False,https://www.sephora.com/productimages/sku/s2871010-main-zoom.jpg?pb=2023-03-sephora-value-2023,,
2871093,P515938,02 On The Go,16.0,,,,,,,Sephora Quality Great Value,False,https://www.sephora.com/productimages/sku/s2871093-main-zoom.jpg?pb=2023-03-sephora-value-2023,,
2871143,P515938,04 On Cloud 9,16.0,,,,,,,Sephora Quality Great Value,False,https://www.sephora.com/productimages/sku/s2871143-main-zoom.jpg?pb=2023-03-sephora-value-2023,,
2870905,P515938,05 On The Run,16.0,,,,,,,Sephora Quality Great Value,False,https://www.sephora.com/productimages/sku/s2870905-main-zoom.jpg?pb=2023-03-sephora-value-2023,,
2870798,P515938,06 On Fire,16.0,,,,,,,Sephora Quality Great Value,False,https://www.sephora.com/productimages/sku/s2870798-main-zoom.jpg?pb=2023-03-sephora-value-2023,,
2989978,P520786,birthday cake,38.0,,,,,,,,False,https://www.sephora.com/productimages/sku/s2989978-main-zoom.jpg,,
2945756,P520786,toasted coconut,38.0,,,,,,,,False,https://www.sephora.com/productimages/sku/s2945756-main-zoom.jpg,,
2945749,P520786,strawberry bliss,38.0,,,,,,,,False,https://www.sephora.com/productimages/sku/s2945749-main-zoom.jpg,,
2989960,P520786,red velvet,38.0,,,,,,,,False,https://www.sephora.com/productimages/sku/s2989960-main-zoom.jpg,,
2945764,P520786,pink champagne,38.0,,,,,,,,False,https://www.sephora.com/productimages/sku/s2945764-main-zoom.jpg,,
2945822,P520786,honey blossom,38.0,,,,,,,,False,https://www.sephora.com/productimages/sku/s2945822-main-zoom.jpg,,
2989952,P520786,raspberry jam,38.0,,,,,,,,False,https://www.sephora.com/productimages/sku/s2989952-main-zoom.jpg,,
2662864,P505416,11,40.0,,,,,,,allure 2023 Best of Beauty Award Winner,False,https://www.sephora.com/productimages/sku/s2662864-main-zoom.jpg?pb=allure-2023-bestofbeauty-badge,,
2661940,P505416,50 Euphoric,40.0,,,,,,,allure 2023 Best of Beauty Award Winner,False,https://www.sephora.com/productimages/sku/s2661940-main-zoom.jpg?pb=allure-2023-bestofbeauty-badge,,
2661957,P505416,51 Amore,40.0,,,,,,,allure 2023 Best of Beauty Award Winner,False,https://www.sephora.com/productimages/sku/s2661957-main-zoom.jpg?pb=allure-2023-bestofbeauty-badge,,
2661965,P505416,52 Ecstasy,40.0,,,,,,,allure 2023 Best of Beauty Award Winner,False,https://www.sephora.com/productimages/sku/s2661965-main-zoom.jpg?pb=allure-2023-bestofbeauty-badge,,
2661973,P505416,60 Mystery,40.0,,,,,,,allure 2023 Best of Beauty Award Winner,False,https://www.sephora.com/productimages/sku/s2661973-main-zoom.jpg?pb=allure-2023-bestofbeauty-badge,,
2662856,P505416,61 Desire,40.0,,,,,,,allure 2023 Best of Beauty Award Winner,False,https://www.sephora.com/productimages/sku/s2662856-main-zoom.jpg?pb=allure-2023-bestofbeauty-badge,,
2952521,P521688,Strawberry,40.0,,,,,,,,False,https://www.sephora.com/productimages/sku/s2952521-main-zoom.jpg,,
2952513,P521688,Rosé,40.0,,,,,,,,False,https://www.sephora.com/productimages/sku/s2952513-main-zoom.jpg,,
2936466,P521688,Passionfruit,40.0,,,,,,,,False,https://www.sephora.com/productimages/sku/s2936466-main-zoom.jpg,,
2936474,P521688,Lychee,40.0,,,,,,,,False,https://www.sephora.com/productimages/sku/s2936474-main-zoom.jpg,,
2936441,P521688,Negroni,40.0,,,,,,,,False,https://www.sephora.com/productimages/sku/s2936441-main-zoom.jpg,,
2936458,P521688,Sorbet,40.0,,,,,,,,False,https://www.sephora.com/productimages/sku/s2936458-main-zoom.jpg,,
2978831,P522446,Quit Wine'in,28.0,,,,,,,,False,https://www.sephora.com/productimages/sku/s2978831-main-zoom.jpg,,
2978856,P522446,Fiya Papaya,28.0,,,,,,,,False,https://www.sephora.com/productimages/sku/s2978856-main-zoom.jpg,,
2978823,P522446,Wild'berry Whip,28.0,,,,,,,,False,https://www.sephora.com/productimages/sku/s2978823-main-zoom.jpg,,
2978849,P522446,Bow'Peep,28.0,,,,,,,,False,https://www.sephora.com/productimages/sku/s2978849-main-zoom.jpg,,
2978864,P522446,Violet Vice$,28.0,,,,,,,,False,https://www.sephora.com/productimages/sku/s2978864-main-zoom.jpg,,
2977791,P520547,Classy,28.0,,,,,,,Clean at Sephora,False,https://www.sephora.com/productimages/sku/s2977791-main-zoom.jpg?pb=clean-at-sephora,,
2921922,P520547,Self-Love,28.0,,,,,,,Clean at Sephora,False,https://www.sephora.com/productimages/sku/s2921922-main-zoom.jpg?pb=clean-at-sephora,,
2921955,P520547,Empower,28.0,,,,,,,Clean at Sephora,False,https://www.sephora.com/productimages/sku/s2921955-main-zoom.jpg?pb=clean-at-sephora,,
2921930,P520547,Confident,28.0,,,,,,,Clean at Sephora,False,https://www.sephora.com/productimages/sku/s2921930-main-zoom.jpg?pb=clean-at-sephora,,
2921914,P520547,Inspire,28.0,,,,,,,Clean at Sephora,False,https://www.sephora.com/productimages/sku/s2921914-main-zoom.jpg?pb=clean-at-sephora,,
2921948,P520547,Humble,28.0,,,,,,,Clean at Sephora,False,https://www.sephora.com/productimages/sku/s2921948-main-zoom.jpg?pb=clean-at-sephora,,
2977809,P520547,Epic,28.0,,,,,,,Clean at Sephora,False,https://www.sephora.com/productimages/sku/s2977809-main-zoom.jpg?pb=clean-at-sephora,,
2864395,P515462,Louise,36.0,,,,,,,Clean at Sephora,False,https://www.sephora.com/productimages/sku/s2864395-main-zoom.jpg?pb=clean-at-sephora,,
2864312,P515462,Marnie,36.0,,,,,,,Clean at Sephora,False,https://www.sephora.com/productimages/sku/s2864312-main-zoom.jpg?pb=clean-at-sephora,,
2864213,P515462,Mélanie,36.0,,,,,,,Clean at Sephora,False,https://www.sephora.com/productimages/sku/s2864213-main-zoom.jpg?pb=clean-at-sephora,,
2864346,P515462,Inès,36.0,,,,,,,Clean at Sephora,False,https://www.sephora.com/productimages/sku/s2864346-main-zoom.jpg?pb=clean-at-sephora,,
2864536,P515462,Aïssa,36.0,,,,,,,Clean at Sephora,False,https://www.sephora.com/productimages/sku/s2864536-main-zoom.jpg?pb=clean-at-sephora,,
2864270,P515462,Maryam,36.0,,,,,,,Clean at Sephora,False,https://www.sephora.com/productimages/sku/s2864270-main-zoom.jpg?pb=clean-at-sephora,,
2921336,P522043,Hot Blurring Pressed-Mousse Blush in Love Bites,45.0,,,,,,,Clean at Sephora,False,https://www.sephora.com/productimages/sku/s2921336-main-zoom.jpg?pb=clean-at-sephora,,
2921344,P522043,Hot Blurring Pressed-Mousse Blush in Lovefool,45.0,,,,,,,Clean at Sephora,False,https://www.sephora.com/productimages/sku/s2921344-main-zoom.jpg?pb=clean-at-sephora,,
2921377,P522043,Hot Blurring Pressed-Mousse Blush in Satisfaction,45.0,,,,,,,Clean at Sephora,False,https://www.sephora.com/productimages/sku/s2921377-main-zoom.jpg?pb=clean-at-sephora,,
2921369,P522043,Hot Blurring Pressed-Mousse Blush in Total Eclipse,45.0,,,,,,,Clean at Sephora,False,https://www.sephora.com/productimages/sku/s2921369-main-zoom.jpg?pb=clean-at-sephora,,
2921351,P522043,Hot Blurring Pressed-Mousse Blush in Heartbreaker,45.0,,,,,,,Clean at Sephora,False,https://www.sephora.com/productimages/sku/s2921351-main-zoom.jpg?pb=clean-at-sephora,,
2955706,P522043,Hot Blurring Pressed-Mousse Blush in Sunshine,45.0,,,,,,,Clean at Sephora,False,https://www.sephora.com/productimages/sku/s2955706-main-zoom.jpg?pb=clean-at-sephora,,
2690030,P507326,B360 Hot Lava,33.0,,,,,,,,False,https://www.sephora.com/productimages/sku/s2690030-main-zoom.jpg,,
2690014,P507326,B340 Spirited Sienna,33.0,,,,,,,,False,https://www.sephora.com/productimages/sku/s2690014-main-zoom.jpg,,
2690022,P507326,B250 Daring Candy,33.0,,,,,,,,False,https://www.sephora.com/productimages/sku/s2690022-main-zoom.jpg,,
2689974,P507326,B230 Wherever Rose,33.0,,,,,,,,False,https://www.sephora.com/productimages/sku/s2689974-main-zoom.jpg,,
2689966,P507326,B220 Joyful Pink,33.0,,,,,,,,False,https://www.sephora.com/productimages/sku/s2689966-main-zoom.jpg,,
2690006,P507326,B300 Anywhere Peach,33.0,,,,,,,,False,https://www.sephora.com/productimages/sku/s2690006-main-zoom.jpg,,
2689990,P507326,B210 Bold Punch,33.0,,,,,,,,False,https://www.sephora.com/productimages/sku/s2689990-main-zoom.jpg,,
2689982,P507326,B260 Limitless Berry,33.0,,,,,,,,False,https://www.sephora.com/productimages/sku/s2689982-main-zoom.jpg,,
2869105,P516091,Petal & Biscut,75.0,,,,,,,Clean at Sephora,False,https://www.sephora.com/productimages/sku/s2869105-main-zoom.jpg?pb=clean-at-sephora,,
2871390,P516091,Poppet & Ganache,75.0,,,,,,,Clean at Sephora,False,https://www.sephora.com/productimages/sku/s2871390-main-zoom.jpg?pb=clean-at-sephora,,
2869121,P516091,Tulle & Truffle,75.0,,,,,,,Clean at Sephora,False,https://www.sephora.com/productimages/sku/s2869121-main-zoom.jpg?pb=clean-at-sephora,,
2872380,P509414,Phreeze,26.0,,,,,,,Clean at Sephora,False,https://www.sephora.com/productimages/sku/s2872380-main-zoom.jpg?pb=clean-at-sephora,,
2804987,P509414,Fizz,26.0,,,,,,,Clean at Sephora,False,https://www.sephora.com/productimages/sku/s2804987-main-zoom.jpg?pb=clean-at-sephora,,
2804995,P509414,Fresh,26.0,,,,,,,Clean at Sephora,False,https://www.sephora.com/productimages/sku/s2804995-main-zoom.jpg?pb=clean-at-sephora,,
2737039,P509414,Burst,26.0,,,,,,,Clean at Sephora,False,https://www.sephora.com/productimages/sku/s2737039-main-zoom.jpg?pb=clean-at-sephora,,
2737013,P509414,Spritz,26.0,,,,,,,Clean at Sephora,False,https://www.sephora.com/productimages/sku/s2737013-main-zoom.jpg?pb=clean-at-sephora,,
2737005,P509414,Splash,26.0,,,,,,,Clean at Sephora,False,https://www.sephora.com/productimages/sku/s2737005-main-zoom.jpg?pb=clean-at-sephora,,
2737021,P509414,Chill,26.0,,,,,,,Clean at Sephora,False,https://www.sephora.com/productimages/sku/s2737021-main-zoom.jpg?pb=clean-at-sephora,,
2871028,P516171,02 Morning Blaze,15.0,,,,,,,Sephora Quality Great Value,False,https://www.sephora.com/productimages/sku/s2871028-main-zoom.jpg?pb=2023-03-sephora-value-2023,,
2871044,P516171,01 Pink Sunset,15.0,,,,,,,Sephora Quality Great Value,False,https://www.sephora.com/productimages/sku/s2871044-main-zoom.jpg?pb=2023-03-sephora-value-2023,,
2870814,P516171,03 Sunrise,15.0,,,,,,,Sephora Quality Great Value,False,https://www.sephora.com/productimages/sku/s2870814-main-zoom.jpg?pb=2023-03-sephora-value-2023,,
2870772,P516171,04 Moon O'Clock,15.0,,,,,,,Sephora Quality Great Value,False,https://www.sephora.com/productimages/sku/s2870772-main-zoom.jpg?pb=2023-03-sephora-value-2023,,
2870947,P516171,05 Golden Hour,15.0,,,,,,,Sephora Quality Great Value,False,https://www.sephora.com/productimages/sku/s2870947-main-zoom.jpg?pb=2023-03-sephora-value-2023,,
2587319,P502188,01 Silky Rose,49.0,,,,,,,,False,https://www.sephora.com/productimages/sku/s2587319-main-zoom.jpg,,
2587335,P502188,03 Radiant Pink,49.0,,,,,,,,False,https://www.sephora.com/productimages/sku/s2587335-main-zoom.jpg,,
2587343,P502188,04 Bright Coral,49.0,,,,,,,,False,https://www.sephora.com/productimages/sku/s2587343-main-zoom.jpg,,
2587350,P502188,05 Rosy Beige,49.0,,,,,,,,False,https://www.sephora.com/productimages/sku/s2587350-main-zoom.jpg,,
2660116,P502188,07 True Pink,49.0,,,,,,,,False,https://www.sephora.com/productimages/sku/s2660116-main-zoom.jpg,,
2660132,P502188,09 Intense Plum,49.0,,,,,,,,False,https://www.sephora.com/productimages/sku/s2660132-main-zoom.jpg,,
2794451,P513474,Epic,25.0,,,,,,,Clean plus Planet Aware,False,https://www.sephora.com/productimages/sku/s2794451-main-zoom.jpg?pb=clean-planet-aware,,
2794410,P513474,Dream State,25.0,,,,,,,Clean plus Planet Aware,False,https://www.sephora.com/productimages/sku/s2794410-main-zoom.jpg?pb=clean-planet-aware,,
2794436,P513474,Sublime,25.0,,,,,,,Clean plus Planet Aware,False,https://www.sephora.com/productimages/sku/s2794436-main-zoom.jpg?pb=clean-planet-aware,,
2794428,P513474,Dope,25.0,,,,,,,Clean plus Planet Aware,False,https://www.sephora.com/productimages/sku/s2794428-main-zoom.jpg?pb=clean-planet-aware,,
2794444,P513474,Zen,25.0,,,,,,,Clean plus Planet Aware,False,https://www.sephora.com/productimages/sku/s2794444-main-zoom.jpg?pb=clean-planet-aware,,
2869147,P516090,Jam & Fizz,75.0,,,,,,,Clean at Sephora,False,https://www.sephora.com/productimages/sku/s2869147-main-zoom.jpg?pb=clean-at-sephora,,
2869048,P516090,Mimi & Coquette,75.0,,,,,,,Clean at Sephora,False,https://www.sephora.com/productimages/sku/s2869048-main-zoom.jpg?pb=clean-at-sephora,,
2869139,P516090,Sable & Suede,75.0,,,,,,,Clean at Sephora,False,https://www.sephora.com/productimages/sku/s2869139-main-zoom.jpg?pb=clean-at-sephora,,
2785194,P512314,Whim,38.0,,,,,,,,False,https://www.sephora.com/productimages/sku/s2785194-main-zoom.jpg,,
2785186,P512314,Vision,38.0,,,,,,,,False,https://www.sephora.com/productimages/sku/s2785186-main-zoom.jpg,,
2785152,P512314,Scene,38.0,,,,,,,,False,https://www.sephora.com/productimages/sku/s2785152-main-zoom.jpg,,
2785145,P512314,Moment,38.0,,,,,,,,False,https://www.sephora.com/productimages/sku/s2785145-main-zoom.jpg,,
2785202,P512314,Imagine,38.0,,,,,,,,False,https://www.sephora.com/productimages/sku/s2785202-main-zoom.jpg,,
2785178,P512314,Future,38.0,,,,,,,,False,https://www.sephora.com/productimages/sku/s2785178-main-zoom.jpg,,
2785160,P512314,Craft,38.0,,,,,,,,False,https://www.sephora.com/productimages/sku/s2785160-main-zoom.jpg,,
2966083,P522127,Fuchsia Bunny,34.0,,,,,,,,False,https://www.sephora.com/productimages/sku/s2966083-main-zoom.jpg,,
2967842,P522127,Sunset Bunny,34.0,,,,,,,,False,https://www.sephora.com/productimages/sku/s2967842-main-zoom.jpg,,
2967859,P522127,Sun Bunny,34.0,,,,,,,,False,https://www.sephora.com/productimages/sku/s2967859-main-zoom.jpg,,
2966133,P522127,Strawberry Bunny,34.0,,,,,,,,False,https://www.sephora.com/productimages/sku/s2966133-main-zoom.jpg,,
2903821,P518972,Second Language,32.0,,,,,,,,False,https://www.sephora.com/productimages/sku/s2903821-main-zoom.jpg,,
2903847,P518972,Possibilities,32.0,,,,,,,,False,https://www.sephora.com/productimages/sku/s2903847-main-zoom.jpg,,
2903839,P518972,Legacy,32.0,,,,,,,,False,https://www.sephora.com/productimages/sku/s2903839-main-zoom.jpg,,
2903748,P518972,Born from Beauty,32.0,,,,,,,,False,https://www.sephora.com/productimages/sku/s2903748-main-zoom.jpg,,
2903763,P518972,Full Circle,32.0,,,,,,,,False,https://www.sephora.com/productimages/sku/s2903763-main-zoom.jpg,,
2903870,P518972,Single Mother,32.0,,,,,,,,False,https://www.sephora.com/productimages/sku/s2903870-main-zoom.jpg,,
2986123,P522575,02 Smitten Pink,48.0,,,,,,,,False,https://www.sephora.com/productimages/sku/s2986123-main-zoom.jpg,,
2986115,P522575,01 Demure Rose,48.0,,,,,,,,False,https://www.sephora.com/productimages/sku/s2986115-main-zoom.jpg,,
2986156,P522575,03 Cheeky Coral,48.0,,,,,,,,False,https://www.sephora.com/productimages/sku/s2986156-main-zoom.jpg,,
2986099,P522575,04 Sunny Red,48.0,,,,,,,,False,https://www.sephora.com/productimages/sku/s2986099-main-zoom.jpg,,
2986081,P522575,05 Whymsical Berry,48.0,,,,,,,,False,https://www.sephora.com/productimages/sku/s2986081-main-zoom.jpg,,
2697829,P504020,Pillow Talk,44.0,,,,,,,,False,https://www.sephora.com/productimages/sku/s2697829-main-zoom.jpg,,
2646958,P504020,Pink Pop,44.0,,,,,,,,False,https://www.sephora.com/productimages/sku/s2646958-main-zoom.jpg,,
2646941,P504020,Peach Pop,44.0,,,,,,,,False,https://www.sephora.com/productimages/sku/s2646941-main-zoom.jpg,,
2646933,P504020,Dream Pop,44.0,,,,,,,,False,https://www.sephora.com/productimages/sku/s2646933-main-zoom.jpg,,
2739274,P509435,Bubble Gum Pink,28.0,,,,,,,Clean at Sephora,False,https://www.sephora.com/productimages/sku/s2739274-main-zoom.jpg?pb=clean-at-sephora,,
2739258,P509435,Mauve,28.0,,,,,,,Clean at Sephora,False,https://www.sephora.com/productimages/sku/s2739258-main-zoom.jpg?pb=clean-at-sephora,,
2739266,P509435,Fuchsia,28.0,,,,,,,Clean at Sephora,False,https://www.sephora.com/productimages/sku/s2739266-main-zoom.jpg?pb=clean-at-sephora,,
2739282,P509435,Peach,28.0,,,,,,,Clean at Sephora,False,https://www.sephora.com/productimages/sku/s2739282-main-zoom.jpg?pb=clean-at-sephora,,
2739290,P509435,Burnt Orange,28.0,,,,,,,Clean at Sephora,False,https://www.sephora.com/productimages/sku/s2739290-main-zoom.jpg?pb=clean-at-sephora,,
2739308,P509435,Cherry Red,28.0,,,,,,,Clean at Sephora,False,https://www.sephora.com/productimages/sku/s2739308-main-zoom.jpg?pb=clean-at-sephora,,
2705440,P508700,0.26,29.0,,,,,,,,False,https://www.sephora.com/productimages/sku/s2705440-main-zoom.jpg,,
2705457,P508700,0.26,29.0,,,,,,,,False,https://www.sephora.com/productimages/sku/s2705457-main-zoom.jpg,,
2464881,P472489,Divine Rose,39.0,,,,,,,,False,https://www.sephora.com/productimages/sku/s2464881-main-zoom.jpg,,
2464923,P472489,Paradise Venus,39.0,,,,,,,,False,https://www.sephora.com/productimages/sku/s2464923-main-zoom.jpg,,
2464915,P472489,Electric Bloom,39.0,,,,,,,,False,https://www.sephora.com/productimages/sku/s2464915-main-zoom.jpg,,
2464899,P472489,Desert Orchid,39.0,,,,,,,,False,https://www.sephora.com/productimages/sku/s2464899-main-zoom.jpg,,
2464865,P472489,Nude Venus,39.0,,,,,,,,False,https://www.sephora.com/productimages/sku/s2464865-main-zoom.jpg,,
2464857,P472489,Fleurtatious,39.0,,,,,,,,False,https://www.sephora.com/productimages/sku/s2464857-main-zoom.jpg,,
2986388,P522605,01 Blissful Mauve,53.0,,,,,,,,False,https://www.sephora.com/productimages/sku/s2986388-main-zoom.jpg,,
2986354,P522605,02 Joyful Peach,53.0,,,,,,,,False,https://www.sephora.com/productimages/sku/s2986354-main-zoom.jpg,,
2986370,P522605,03 Hopeful Rose,53.0,,,,,,,,False,https://www.sephora.com/productimages/sku/s2986370-main-zoom.jpg,,
2986362,P522605,04 Cheerful Pink,53.0,,,,,,,,False,https://www.sephora.com/productimages/sku/s2986362-main-zoom.jpg,,
2986347,P522605,05 Wonderful Strawberry,53.0,,,,,,,,False,https://www.sephora.com/productimages/sku/s2986347-main-zoom.jpg,,
2986339,P522605,06 Playful Rosewood,53.0,,,,,,,,False,https://www.sephora.com/productimages/sku/s2986339-main-zoom.jpg,,
2520104,P38347,Full Size,34.0,,,,,,,,False,https://www.sephora.com/productimages/sku/s2520104-main-zoom.jpg,,
2520195,P38347,Mini,18.0,,,,,,,,False,https://www.sephora.com/productimages/sku/s2520195-main-zoom.jpg,,
2933026,P519836,Mauve Latte,28.0,,,,,,,,False,https://www.sephora.com/productimages/sku/s2933026-main-zoom.jpg,,
2933042,P519836,Pink Chai,28.0,,,,,,,,False,https://www.sephora.com/productimages/sku/s2933042-main-zoom.jpg,,
2933067,P519836,Rose Crush,28.0,,,,,,,,False,https://www.sephora.com/productimages/sku/s2933067-main-zoom.jpg,,
2933034,P519836,Pink Sugar,28.0,,,,,,,,False,https://www.sephora.com/productimages/sku/s2933034-main-zoom.jpg,,
2933059,P519836,Cherry Pie,28.0,,,,,,,,False,https://www.sephora.com/productimages/sku/s2933059-main-zoom.jpg,,
2933075,P519836,Berry Toasty,28.0,,,,,,,,False,https://www.sephora.com/productimages/sku/s2933075-main-zoom.jpg,,
2845378,P515194,Wholehearted,24.0,,,,,,,,False,https://www.sephora.com/productimages/sku/s2845378-main-zoom.jpg,,
2845386,P515194,Sunset + Vine,24.0,,,,,,,,False,https://www.sephora.com/productimages/sku/s2845386-main-zoom.jpg,,
2845477,P515194,Touch Me,24.0,,,,,,,,False,https://www.sephora.com/productimages/sku/s2845477-main-zoom.jpg,,
2845451,P515194,Slow Burn,24.0,,,,,,,,False,https://www.sephora.com/productimages/sku/s2845451-main-zoom.jpg,,
2845436,P515194,Fleshed Out,24.0,,,,,,,,False,https://www.sephora.com/productimages/sku/s2845436-main-zoom.jpg,,
2845329,P515194,Situationship,24.0,,,,,,,,False,https://www.sephora.com/productimages/sku/s2845329-main-zoom.jpg,,
2845337,P515194,Backtalk,24.0,,,,,,,,False,https://www.sephora.com/productimages/sku/s2845337-main-zoom.jpg,,
2493898,P475156,Citrine,22.0,,,,,,,,False,https://www.sephora.com/productimages/sku/s2493898-main-zoom.jpg,,
2493914,P475156,Rose,22.0,,,,,,,,False,https://www.sephora.com/productimages/sku/s2493914-main-zoom.jpg,,
2493906,P475156,Malaya,22.0,,,,,,,,False,https://www.sephora.com/productimages/sku/s2493906-main-zoom.jpg,,
2620219,P475156,Peach,22.0,,,,,,,,False,https://www.sephora.com/productimages/sku/s2620219-main-zoom.jpg,,
2630366,P475156,Cherry,22.0,,,,,,,,False,https://www.sephora.com/productimages/sku/s2630366-main-zoom.jpg,,
2879880,P475156,Guava,22.0,,,,,,,,False,https://www.sephora.com/productimages/sku/s2879880-main-zoom.jpg,,
2879864,P475156,Plum,22.0,,,,,,,,False,https://www.sephora.com/productimages/sku/s2879864-main-zoom.jpg,,
2879872,P475156,Rust,22.0,,,,,,,,False,https://www.sephora.com/productimages/sku/s2879872-main-zoom.jpg,,
2870749,P516070,01 Freaky Fuchsia,12.0,,,,,,,Sephora Quality Great Value,False,https://www.sephora.com/productimages/sku/s2870749-main-zoom.jpg?pb=2023-03-sephora-value-2023,,
2870970,P516070,03 Bizarre Berry,12.0,,,,,,,Sephora Quality Great Value,False,https://www.sephora.com/productimages/sku/s2870970-main-zoom.jpg?pb=2023-03-sephora-value-2023,,
2873594,P516915,Pink,38.0,,,,,,,,False,https://www.sephora.com/productimages/sku/s2873594-main-zoom.jpg,,
2873529,P516915,Peach,38.0,,,,,,,,False,https://www.sephora.com/productimages/sku/s2873529-main-zoom.jpg,,
2873610,P516915,Berry/Rose,38.0,,,,,,,,False,https://www.sephora.com/productimages/sku/s2873610-main-zoom.jpg,,
2933190,P514909,Lush Lila,42.0,,,,,,,,False,https://www.sephora.com/productimages/sku/s2933190-main-zoom.jpg,,
2839975,P514909,Vamped,42.0,,,,,,,,False,https://www.sephora.com/productimages/sku/s2839975-main-zoom.jpg,,
2839991,P514909,Flustered,42.0,,,,,,,,False,https://www.sephora.com/productimages/sku/s2839991-main-zoom.jpg,,
2840015,P514909,Fresh Mauve,42.0,,,,,,,,False,https://www.sephora.com/productimages/sku/s2840015-main-zoom.jpg,,
2840007,P514909,Flirty Flush,42.0,,,,,,,,False,https://www.sephora.com/productimages/sku/s2840007-main-zoom.jpg,,
2839983,P514909,Simply Shy,42.0,,,,,,,,False,https://www.sephora.com/productimages/sku/s2839983-main-zoom.jpg,,
2840031,P514909,Sweet Cheeks,42.0,,,,,,,,False,https://www.sephora.com/productimages/sku/s2840031-main-zoom.jpg,,
2933158,P514909,Nude Muse,42.0,,,,,,,,False,https://www.sephora.com/productimages/sku/s2933158-main-zoom.jpg,,
2691178,P506581,1 - Mousseline Lilas,47.0,,,,,,,,False,https://www.sephora.com/productimages/sku/s2691178-main-zoom.jpg,,
2691186,P506581,2 - Taffetas Rosé,47.0,,,,,,,,False,https://www.sephora.com/productimages/sku/s2691186-main-zoom.jpg,,
2691194,P506581,3 - Voile Corail,47.0,,,,,,,,False,https://www.sephora.com/productimages/sku/s2691194-main-zoom.jpg,,
2691202,P506581,4 - Organza Sienne,47.0,,,,,,,,False,https://www.sephora.com/productimages/sku/s2691202-main-zoom.jpg,,
2691210,P506581,5 - Popeline Violine,47.0,,,,,,,,False,https://www.sephora.com/productimages/sku/s2691210-main-zoom.jpg,,
2691228,P506581,6 - Flanelle Rubis,47.0,,,,,,,,False,https://www.sephora.com/productimages/sku/s2691228-main-zoom.jpg,,
2944106,P520529,Stone,24.0,,,,,,,,False,https://www.sephora.com/productimages/sku/s2944106-main-zoom.jpg,,
2943991,P520529,Painterly,24.0,,,,,,,,False,https://www.sephora.com/productimages/sku/s2943991-main-zoom.jpg,,
2944148,P520529,BRULÉ,24.0,,,,,,,,False,https://www.sephora.com/productimages/sku/s2944148-main-zoom.jpg,,
2943934,P520529,Omega,24.0,,,,,,,,False,https://www.sephora.com/productimages/sku/s2943934-main-zoom.jpg,,
2943926,P520529,Tete-A-Tint,24.0,,,,,,,,False,https://www.sephora.com/productimages/sku/s2943926-main-zoom.jpg,,
2943983,P520529,Cool Spice,24.0,,,,,,,,False,https://www.sephora.com/productimages/sku/s2943983-main-zoom.jpg,,
2943629,P520529,Velvet Teddy,24.0,,,,,,,,False,https://www.sephora.com/productimages/sku/s2943629-main-zoom.jpg,,
2944114,P520529,Tailor Gray,24.0,,,,,,,,False,https://www.sephora.com/productimages/sku/s2944114-main-zoom.jpg,,
2943918,P520529,Hodgepodge,24.0,,,,,,,,False,https://www.sephora.com/productimages/sku/s2943918-main-zoom.jpg,,
2944163,P520529,Buffed Up,24.0,,,,,,,,False,https://www.sephora.com/productimages/sku/s2944163-main-zoom.jpg,,
2944007,P520529,Espresso,24.0,,,,,,,,False,https://www.sephora.com/productimages/sku/s2944007-main-zoom.jpg,,
2943736,P520529,Baby Got MAC,24.0,,,,,,,,False,https://www.sephora.com/productimages/sku/s2943736-main-zoom.jpg,,
2943843,P520529,Pinot Noir,24.0,,,,,,,,False,https://www.sephora.com/productimages/sku/s2943843-main-zoom.jpg,,
2943835,P520529,Uncorked,24.0,,,,,,,,False,https://www.sephora.com/productimages/sku/s2943835-main-zoom.jpg,,
2941672,P520117,Cheeky Pink,35.0,,,,,,,,False,https://www.sephora.com/productimages/sku/s2941672-main-zoom.jpg,,
2941599,P520117,Flirty Peach,35.0,,,,,,,,False,https://www.sephora.com/productimages/sku/s2941599-main-zoom.jpg,,
2941631,P520117,Crushed Fuchsia,35.0,,,,,,,,False,https://www.sephora.com/productimages/sku/s2941631-main-zoom.jpg,,
2941615,P520117,Mango Rush,35.0,,,,,,,,False,https://www.sephora.com/productimages/sku/s2941615-main-zoom.jpg,,
2941649,P520117,Scarlet Tease,35.0,,,,,,,,False,https://www.sephora.com/productimages/sku/s2941649-main-zoom.jpg,,
2941540,P520117,Plum Envy,35.0,,,,,,,,False,https://www.sephora.com/productimages/sku/s2941540-main-zoom.jpg,,
2922797,P519549,Pinch-Me Pink,30.0,,,,,,,,False,https://www.sephora.com/productimages/sku/s2922797-main-zoom.jpg,,
2922136,P519549,Nice-n-Natural,30.0,,,,,,,,False,https://www.sephora.com/productimages/sku/s2922136-main-zoom.jpg,,
2922292,P519549,Rosy Refresh,30.0,,,,,,,,False,https://www.sephora.com/productimages/sku/s2922292-main-zoom.jpg,,
2936250,P520082,Berri,34.0,,,,,,,,False,https://www.sephora.com/productimages/sku/s2936250-main-zoom.jpg,,
2936268,P520082,Apricotta,34.0,,,,,,,,False,https://www.sephora.com/productimages/sku/s2936268-main-zoom.jpg,,
2936235,P520082,Starlaa,34.0,,,,,,,,False,https://www.sephora.com/productimages/sku/s2936235-main-zoom.jpg,,
2936276,P520082,Willa,34.0,,,,,,,,False,https://www.sephora.com/productimages/sku/s2936276-main-zoom.jpg,,
2936243,P520082,Chili,34.0,,,,,,,,False,https://www.sephora.com/productimages/sku/s2936243-main-zoom.jpg,,
2309425,P454506,Pillow Talk Intense,43.0,,,,,,,,False,https://www.sephora.com/productimages/sku/s2309425-main-zoom.jpg,,
2182574,P454506,Pillow Talk,43.0,,,,,,,,False,https://www.sephora.com/productimages/sku/s2182574-main-zoom.jpg,,
2886000,P517844,Super Candy Clouds,28.0,,,,,,,,False,https://www.sephora.com/productimages/sku/s2886000-main-zoom.jpg,,
2885994,P517844,Hopeful Romantic,28.0,,,,,,,,False,https://www.sephora.com/productimages/sku/s2885994-main-zoom.jpg,,
2885713,P517844,Love Potion,28.0,,,,,,,,False,https://www.sephora.com/productimages/sku/s2885713-main-zoom.jpg,,
2885929,P517844,Red Velvet,28.0,,,,,,,,False,https://www.sephora.com/productimages/sku/s2885929-main-zoom.jpg,,
2886018,P517844,Peach Blur,28.0,,,,,,,,False,https://www.sephora.com/productimages/sku/s2886018-main-zoom.jpg,,
2885721,P517844,Bed of Roses,28.0,,,,,,,,False,https://www.sephora.com/productimages/sku/s2885721-main-zoom.jpg,,
2885572,P517844,Headliner,28.0,,,,,,,,False,https://www.sephora.com/productimages/sku/s2885572-main-zoom.jpg,,
2885796,P517844,Milk & Cookies,28.0,,,,,,,,False,https://www.sephora.com/productimages/sku/s2885796-main-zoom.jpg,,
2938884,P520123,Crystah,34.0,,,,,,,,False,https://www.sephora.com/productimages/sku/s2938884-main-zoom.jpg,,
2938918,P520123,Shellie,34.0,,,,,,,,False,https://www.sephora.com/productimages/sku/s2938918-main-zoom.jpg,,
2938892,P520123,Figgie,34.0,,,,,,,,False,https://www.sephora.com/productimages/sku/s2938892-main-zoom.jpg,,
2938900,P520123,Jam,34.0,,,,,,,,False,https://www.sephora.com/productimages/sku/s2938900-main-zoom.jpg,,
2938876,P520123,Foxxy,34.0,,,,,,,,False,https://www.sephora.com/productimages/sku/s2938876-main-zoom.jpg,,
2958262,P520514,Marrakesh-Mere,27.0,,,,,,,,False,https://www.sephora.com/productimages/sku/s2958262-main-zoom.jpg,,
2958353,P520514,It's Personal,27.0,,,,,,,,False,https://www.sephora.com/productimages/sku/s2958353-main-zoom.jpg,,
2958148,P520514,Habit,27.0,,,,,,,,False,https://www.sephora.com/productimages/sku/s2958148-main-zoom.jpg,,
2958155,P520514,Buffiest,27.0,,,,,,,,False,https://www.sephora.com/productimages/sku/s2958155-main-zoom.jpg,,
2958361,P520514,M·A·Csmash,27.0,,,,,,,,False,https://www.sephora.com/productimages/sku/s2958361-main-zoom.jpg,,
2935088,P520514,Burning Love,27.0,,,,,,,,False,https://www.sephora.com/productimages/sku/s2935088-main-zoom.jpg,,
2873834,P515575,Warm Mocha,36.0,,,,,,,,False,https://www.sephora.com/productimages/sku/s2873834-main-zoom.jpg,,
2873859,P515575,Pomegranate,36.0,,,,,,,,False,https://www.sephora.com/productimages/sku/s2873859-main-zoom.jpg,,
2873826,P515575,Soft Plum,36.0,,,,,,,,False,https://www.sephora.com/productimages/sku/s2873826-main-zoom.jpg,,
2873867,P515575,Tea Rose,36.0,,,,,,,,False,https://www.sephora.com/productimages/sku/s2873867-main-zoom.jpg,,
2873842,P515575,Peony,36.0,,,,,,,,False,https://www.sephora.com/productimages/sku/s2873842-main-zoom.jpg,,
2922516,P519540,Pink Buttercream,32.0,,,,,,,,False,https://www.sephora.com/productimages/sku/s2922516-main-zoom.jpg,,
2922599,P519540,Tropic Hues,32.0,,,,,,,,False,https://www.sephora.com/productimages/sku/s2922599-main-zoom.jpg,,
2922540,P519540,Sunlit Rose,32.0,,,,,,,,False,https://www.sephora.com/productimages/sku/s2922540-main-zoom.jpg,,
2922565,P519540,Ethereal Rose,32.0,,,,,,,,False,https://www.sephora.com/productimages/sku/s2922565-main-zoom.jpg,,
2922003,P519540,Summer Orchid,32.0,,,,,,,,False,https://www.sephora.com/productimages/sku/s2922003-main-zoom.jpg,,
2922086,P519540,Cherry Custard,32.0,,,,,,,,False,https://www.sephora.com/productimages/sku/s2922086-main-zoom.jpg,,
2922573,P519540,Pink Grapefruit,32.0,,,,,,,,False,https://www.sephora.com/productimages/sku/s2922573-main-zoom.jpg,,
2922508,P519540,Sunswept,32.0,,,,,,,,False,https://www.sephora.com/productimages/sku/s2922508-main-zoom.jpg,,
2943249,P520538,808 Boundless Berry,33.0,,,,,,,,False,https://www.sephora.com/productimages/sku/s2943249-main-zoom.jpg,,
2942985,P520538,606 Wherever Walnut,33.0,,,,,,,,False,https://www.sephora.com/productimages/sku/s2942985-main-zoom.jpg,,
2943025,P520538,600 Anywhere Caffeine,33.0,,,,,,,,False,https://www.sephora.com/productimages/sku/s2943025-main-zoom.jpg,,
2942969,P520538,206 Dreamy Pink,33.0,,,,,,,,False,https://www.sephora.com/productimages/sku/s2942969-main-zoom.jpg,,
2943041,P520538,825 Reign In Purple,33.0,,,,,,,,False,https://www.sephora.com/productimages/sku/s2943041-main-zoom.jpg,,
2943140,P520538,421 Black Cherry,33.0,,,,,,,,False,https://www.sephora.com/productimages/sku/s2943140-main-zoom.jpg,,
2820041,P514459,01 Light to Medium,24.0,,,,,,,Sephora Quality Great Value,False,https://www.sephora.com/productimages/sku/s2820041-main-zoom.jpg?pb=2023-03-sephora-value-2023,,
2820033,P514459,02 Medium to Tan,24.0,,,,,,,Sephora Quality Great Value,False,https://www.sephora.com/productimages/sku/s2820033-main-zoom.jpg?pb=2023-03-sephora-value-2023,,
2820058,P514459,03 Tan to Deep,24.0,,,,,,,Sephora Quality Great Value,False,https://www.sephora.com/productimages/sku/s2820058-main-zoom.jpg?pb=2023-03-sephora-value-2023,,
2874097,P506965,1 Soft Matte Liquid Lipstick & Blush in 128R - Nude At Last,40.0,,,,,,,,False,https://www.sephora.com/productimages/sku/s2874097-main-zoom.jpg,,
2874113,P506965,1 Soft Matte Liquid Lipstick & Blush in 500R - Plum It Up,40.0,,,,,,,,False,https://www.sephora.com/productimages/sku/s2874113-main-zoom.jpg,,
2874121,P506965,1 Soft Matte Liquid Lipstick & Blush in 310R - Pink Hour,40.0,,,,,,,,False,https://www.sephora.com/productimages/sku/s2874121-main-zoom.jpg,,
2874105,P506965,1 Soft Matte Liquid Lipstick & Blush in 409A - Coral Sunset,40.0,,,,,,,,False,https://www.sephora.com/productimages/sku/s2874105-main-zoom.jpg,,
2770154,P506965,1 Soft Matte Liquid Lipstick & Blush in 100R - Roman Grace,40.0,,,,,,,,False,https://www.sephora.com/productimages/sku/s2770154-main-zoom.jpg,,
2770147,P506965,1 Soft Matte Liquid Lipstick & Blush in 148R - Drop The Nude,40.0,,,,,,,,False,https://www.sephora.com/productimages/sku/s2770147-main-zoom.jpg,,
2770139,P506965,1 Soft Matte Liquid Lipstick & Blush in 154A - Going Nude Tonight,40.0,,,,,,,,False,https://www.sephora.com/productimages/sku/s2770139-main-zoom.jpg,,
2673176,P506965,1 Soft Matte Liquid Lipstick & Blush in 488A - Ciao Rosso,40.0,,,,,,,,False,https://www.sephora.com/productimages/sku/s2673176-main-zoom.jpg,,
2673085,P506965,1 Soft Matte Liquid Lipstick & Blush in 109R - Catch Me If You Can,40.0,,,,,,,,False,https://www.sephora.com/productimages/sku/s2673085-main-zoom.jpg,,
2673192,P506965,1 Soft Matte Liquid Lipstick & Blush in 302R - Pink Is Punk,40.0,,,,,,,,False,https://www.sephora.com/productimages/sku/s2673192-main-zoom.jpg,,
2673093,P506965,1 Soft Matte Liquid Lipstick & Blush in 110A - Into The Nude,40.0,,,,,,,,False,https://www.sephora.com/productimages/sku/s2673093-main-zoom.jpg,,
2673127,P506965,1 Soft Matte Liquid Lipstick & Blush in 151R - Nude In Motion,40.0,,,,,,,,False,https://www.sephora.com/productimages/sku/s2673127-main-zoom.jpg,,
2673168,P506965,1 Soft Matte Liquid Lipstick & Blush in 22A - Rosso Valentino,40.0,,,,,,,,False,https://www.sephora.com/productimages/sku/s2673168-main-zoom.jpg,,
2673101,P506965,1 Soft Matte Liquid Lipstick & Blush in 111A - Undressed Velvet,40.0,,,,,,,,False,https://www.sephora.com/productimages/sku/s2673101-main-zoom.jpg,,
2673150,P506965,1 Soft Matte Liquid Lipstick & Blush in 220A - Take The Lipstick And Run,40.0,,,,,,,,False,https://www.sephora.com/productimages/sku/s2673150-main-zoom.jpg,,
1418078,P270553,Pale Pink,36.0,,,,,,,,False,https://www.sephora.com/productimages/sku/s1418078-main-zoom.jpg,,
2669935,P270553,Calypso Coral,36.0,,,,,,,,False,https://www.sephora.com/productimages/sku/s2669935-main-zoom.jpg,,
2669927,P270553,Pink Flame,36.0,,,,,,,,False,https://www.sephora.com/productimages/sku/s2669927-main-zoom.jpg,,
2669919,P270553,Velvet Plum,36.0,,,,,,,,False,https://www.sephora.com/productimages/sku/s2669919-main-zoom.jpg,,
1418052,P270553,Powder Pink,36.0,,,,,,,,False,https://www.sephora.com/productimages/sku/s1418052-main-zoom.jpg,,
2837466,P515912,Ice Gleam,30.0,,,,,,,allure 2025 Best of Beauty Award Winner,False,https://www.sephora.com/productimages/sku/s2837466-main-zoom.jpg?pb=allure-2025-best-of-beauty-award-winner,,
2837383,P515912,Starlite,30.0,,,,,,,allure 2025 Best of Beauty Award Winner,False,https://www.sephora.com/productimages/sku/s2837383-main-zoom.jpg?pb=allure-2025-best-of-beauty-award-winner,,
2837367,P515912,Apricot Jelly,30.0,,,,,,,allure 2025 Best of Beauty Award Winner,False,https://www.sephora.com/productimages/sku/s2837367-main-zoom.jpg?pb=allure-2025-best-of-beauty-award-winner,,
2958205,P515912,Lavalite,30.0,,,,,,,allure 2025 Best of Beauty Award Winner,False,https://www.sephora.com/productimages/sku/s2958205-main-zoom.jpg?pb=allure-2025-best-of-beauty-award-winner,,
2837409,P515912,Nitelite,30.0,,,,,,,allure 2025 Best of Beauty Award Winner,False,https://www.sephora.com/productimages/sku/s2837409-main-zoom.jpg?pb=allure-2025-best-of-beauty-award-winner,,
2837318,P515912,Good Vibes,30.0,,,,,,,allure 2025 Best of Beauty Award Winner,False,https://www.sephora.com/productimages/sku/s2837318-main-zoom.jpg?pb=allure-2025-best-of-beauty-award-winner,,
2958189,P515912,Unsweetened,30.0,,,,,,,allure 2025 Best of Beauty Award Winner,False,https://www.sephora.com/productimages/sku/s2958189-main-zoom.jpg?pb=allure-2025-best-of-beauty-award-winner,,
2837508,P515912,Magic Aura,30.0,,,,,,,allure 2025 Best of Beauty Award Winner,False,https://www.sephora.com/productimages/sku/s2837508-main-zoom.jpg?pb=allure-2025-best-of-beauty-award-winner,,
2771996,P512208,Guava,25.0,,,,,,,,False,https://www.sephora.com/productimages/sku/s2771996-main-zoom.jpg,,
2771988,P512208,Baby Pink,25.0,,,,,,,,False,https://www.sephora.com/productimages/sku/s2771988-main-zoom.jpg,,
2772002,P512208,Hibiscus,25.0,,,,,,,,False,https://www.sephora.com/productimages/sku/s2772002-main-zoom.jpg,,
2772010,P512208,Peach,25.0,,,,,,,,False,https://www.sephora.com/productimages/sku/s2772010-main-zoom.jpg,,
2772028,P512208,Plum,25.0,,,,,,,,False,https://www.sephora.com/productimages/sku/s2772028-main-zoom.jpg,,
2929537,P520308,Wattabrat,20.0,,,,,,,,False,https://www.sephora.com/productimages/sku/s2929537-main-zoom.jpg,,
2929529,P520308,WATTAB!*%#,20.0,,,,,,,,False,https://www.sephora.com/productimages/sku/s2929529-main-zoom.jpg,,
2974988,P522224,Fling / Palm Cove,32.0,,,,,,,,False,https://www.sephora.com/productimages/sku/s2974988-main-zoom.jpg,,
2975084,P522224,Dolce Vita / Laguna,32.0,,,,,,,,False,https://www.sephora.com/productimages/sku/s2975084-main-zoom.jpg,,
2743375,P509533,/,20.0,,,,,,,,False,https://www.sephora.com/productimages/sku/s2743375-main-zoom.jpg,,
2927366,P520071,Orgasm Crave And Bad Habit,32.0,,,,,,,,False,https://www.sephora.com/productimages/sku/s2927366-main-zoom.jpg,,
2686962,P442793,959 Charnelle,49.0,,,,,,,,False,https://www.sephora.com/productimages/sku/s2686962-main-zoom.jpg,,
2686947,P442793,100 Nude Look,49.0,,,,,,,,False,https://www.sephora.com/productimages/sku/s2686947-main-zoom.jpg,,
2686970,P442793,962 Poison Matte,49.0,,,,,,,,False,https://www.sephora.com/productimages/sku/s2686970-main-zoom.jpg,,
2686954,P442793,219 Rose Montaigne,49.0,,,,,,,,False,https://www.sephora.com/productimages/sku/s2686954-main-zoom.jpg,,
2717791,P507343,Jaipur,27.0,,,,,,,Clean plus Planet Aware,False,https://www.sephora.com/productimages/sku/s2717791-main-zoom.jpg?pb=clean-planet-aware,,
2816247,P507343,Sweet Berry,27.0,,,,,,,,False,https://www.sephora.com/productimages/sku/s2816247-main-zoom.jpg,,
2717809,P507343,Gulabi,27.0,,,,,,,Clean plus Planet Aware,False,https://www.sephora.com/productimages/sku/s2717809-main-zoom.jpg?pb=clean-planet-aware,,
2717817,P507343,Apricot,27.0,,,,,,,Clean plus Planet Aware,False,https://www.sephora.com/productimages/sku/s2717817-main-zoom.jpg?pb=clean-planet-aware,,
2717825,P507343,Peach,27.0,,,,,,,Clean plus Planet Aware,False,https://www.sephora.com/productimages/sku/s2717825-main-zoom.jpg?pb=clean-planet-aware,,
2717833,P507343,Jalebi,27.0,,,,,,,Clean plus Planet Aware,False,https://www.sephora.com/productimages/sku/s2717833-main-zoom.jpg?pb=clean-planet-aware,,
2717841,P507343,Cherry,27.0,,,,,,,Clean plus Planet Aware,False,https://www.sephora.com/productimages/sku/s2717841-main-zoom.jpg?pb=clean-planet-aware,,
2717858,P507343,Fudge,27.0,,,,,,,Clean plus Planet Aware,False,https://www.sephora.com/productimages/sku/s2717858-main-zoom.jpg?pb=clean-planet-aware,,
2717866,P507343,Tabla,27.0,,,,,,,Clean plus Planet Aware,False,https://www.sephora.com/productimages/sku/s2717866-main-zoom.jpg?pb=clean-planet-aware,,
2474419,P474813,Pink Dahlia,32.0,,,,,,,,False,https://www.sephora.com/productimages/sku/s2474419-main-zoom.jpg,,
2567873,P474813,Bubble Gum,32.0,,,,,,,,False,https://www.sephora.com/productimages/sku/s2567873-main-zoom.jpg,,
2922706,P519542,Casual Coral,30.0,,,,,,,,False,https://www.sephora.com/productimages/sku/s2922706-main-zoom.jpg,,
2922722,P519542,Refreshing Rose,30.0,,,,,,,,False,https://www.sephora.com/productimages/sku/s2922722-main-zoom.jpg,,
2922714,P519542,Practical Pink,30.0,,,,,,,,False,https://www.sephora.com/productimages/sku/s2922714-main-zoom.jpg,,
2922698,P519542,Blushing Berry,30.0,,,,,,,,False,https://www.sephora.com/productimages/sku/s2922698-main-zoom.jpg,,
2922680,P519542,Beautiful Blossom,30.0,,,,,,,,False,https://www.sephora.com/productimages/sku/s2922680-main-zoom.jpg,,
2921997,P519542,Poppy Peach,30.0,,,,,,,,False,https://www.sephora.com/productimages/sku/s2921997-main-zoom.jpg,,
2766780,P506540,Divine Rose Glow,29.0,,,,,,,,False,https://www.sephora.com/productimages/sku/s2766780-main-zoom.jpg,,
2693737,P506540,Peach Lotus,29.0,,,,,,,,False,https://www.sephora.com/productimages/sku/s2693737-main-zoom.jpg,,
2693745,P506540,Divine Rose,29.0,,,,,,,,False,https://www.sephora.com/productimages/sku/s2693745-main-zoom.jpg,,
2693752,P506540,Fleurotique,29.0,,,,,,,,False,https://www.sephora.com/productimages/sku/s2693752-main-zoom.jpg,,
2693760,P506540,Forbidden Fleur,29.0,,,,,,,,False,https://www.sephora.com/productimages/sku/s2693760-main-zoom.jpg,,
2766798,P506540,Luscious Lotus,29.0,,,,,,,,False,https://www.sephora.com/productimages/sku/s2766798-main-zoom.jpg,,
2766806,P506540,Electric Bloom Glow,29.0,,,,,,,,False,https://www.sephora.com/productimages/sku/s2766806-main-zoom.jpg,,
2766772,P506540,Alluring Nude,29.0,,,,,,,,False,https://www.sephora.com/productimages/sku/s2766772-main-zoom.jpg,,
2486967,P476712,Infinity,24.0,,,,,,,Clean at Sephora,False,https://www.sephora.com/productimages/sku/s2486967-main-zoom.jpg?pb=clean-at-sephora,,
2486983,P476712,Fly,24.0,,,,,,,Clean at Sephora,False,https://www.sephora.com/productimages/sku/s2486983-main-zoom.jpg?pb=clean-at-sephora,,
2486991,P476712,Beyond,24.0,,,,,,,Clean at Sephora,False,https://www.sephora.com/productimages/sku/s2486991-main-zoom.jpg?pb=clean-at-sephora,,
2844660,P513035,6 x 0.07 oz  / 6 x 2.2 g,89.0,,,,,,,,False,https://www.sephora.com/productimages/sku/s2844660-main-zoom.jpg,,
2773349,P511282,Sunlit 10,34.0,,,,,,,,False,https://www.sephora.com/productimages/sku/s2773349-main-zoom.jpg,,
2773331,P511282,Sun Blossom 20,34.0,,,,,,,,False,https://www.sephora.com/productimages/sku/s2773331-main-zoom.jpg,,
2773323,P511282,Sun Warmth 30,34.0,,,,,,,,False,https://www.sephora.com/productimages/sku/s2773323-main-zoom.jpg,,
2971521,P525115,Baie,78.0,,,,,,,Clean at Sephora,False,https://www.sephora.com/productimages/sku/s2971521-main-zoom.jpg?pb=clean-at-sephora,,
2971489,P525115,Nue,78.0,,,,,,,Clean at Sephora,False,https://www.sephora.com/productimages/sku/s2971489-main-zoom.jpg?pb=clean-at-sephora,,
2971513,P525115,Velle,78.0,,,,,,,Clean at Sephora,False,https://www.sephora.com/productimages/sku/s2971513-main-zoom.jpg?pb=clean-at-sephora,,
2970028,P525115,Nue,42.0,,,,,,,Clean at Sephora,False,https://www.sephora.com/productimages/sku/s2970028-main-zoom.jpg?pb=clean-at-sephora,,
2971505,P525115,Baie,42.0,,,,,,,Clean at Sephora,False,https://www.sephora.com/productimages/sku/s2971505-main-zoom.jpg?pb=clean-at-sephora,,
2971497,P525115,Velle,42.0,,,,,,,Clean at Sephora,False,https://www.sephora.com/productimages/sku/s2971497-main-zoom.jpg?pb=clean-at-sephora,,
2855559,P515454,Pout,39.0,,,,,,,,False,https://www.sephora.com/productimages/sku/s2855559-main-zoom.jpg,,
2855526,P515454,Nectarine,39.0,,,,,,,,False,https://www.sephora.com/productimages/sku/s2855526-main-zoom.jpg,,
2855534,P515454,Sultan,39.0,,,,,,,,False,https://www.sephora.com/productimages/sku/s2855534-main-zoom.jpg,,
2856037,P515454,Char,39.0,,,,,,,,False,https://www.sephora.com/productimages/sku/s2856037-main-zoom.jpg,,
2855799,P515454,Saffron,39.0,,,,,,,,False,https://www.sephora.com/productimages/sku/s2855799-main-zoom.jpg,,
2855732,P515454,Fig,39.0,,,,,,,,False,https://www.sephora.com/productimages/sku/s2855732-main-zoom.jpg,,
2855591,P515454,Marta,39.0,,,,,,,,False,https://www.sephora.com/productimages/sku/s2855591-main-zoom.jpg,,
2855492,P515454,Capricorn,39.0,,,,,,,,False,https://www.sephora.com/productimages/sku/s2855492-main-zoom.jpg,,
3004868,P525084,Pink Diamond,42.0,,,,,,,Clean at Sephora,False,https://www.sephora.com/productimages/sku/s3004868-main-zoom.jpg?pb=clean-at-sephora,,
3005105,P525084,Rose Quartz,42.0,,,,,,,Clean at Sephora,False,https://www.sephora.com/productimages/sku/s3005105-main-zoom.jpg?pb=clean-at-sephora,,
3004983,P525084,Carnelian,42.0,,,,,,,Clean at Sephora,False,https://www.sephora.com/productimages/sku/s3004983-main-zoom.jpg?pb=clean-at-sephora,,
3004850,P525084,Topaz,42.0,,,,,,,Clean at Sephora,False,https://www.sephora.com/productimages/sku/s3004850-main-zoom.jpg?pb=clean-at-sephora,,
2115905,P433527,Love Is The Drug,43.0,,,,,,,,False,https://www.sephora.com/productimages/sku/s2115905-main-zoom.jpg,,
2182574,P433527,Pillow Talk,43.0,,,,,,,,False,https://www.sephora.com/productimages/sku/s2182574-main-zoom.jpg,,
2309425,P433527,Pillow Talk Intense,43.0,,,,,,,,False,https://www.sephora.com/productimages/sku/s2309425-main-zoom.jpg,,
2252112,P436152,06 Flirty,27.0,,,,,,,,False,https://www.sephora.com/productimages/sku/s2252112-main-zoom.jpg,,
2139889,P436152,03 Bossy,27.0,,,,,,,,False,https://www.sephora.com/productimages/sku/s2139889-main-zoom.jpg,,
2955201,P521064,Damson,36.0,,,,,,,Clean plus Planet Aware,False,https://www.sephora.com/productimages/sku/s2955201-main-zoom.jpg?pb=clean-planet-aware,,
2955276,P521064,Guava,36.0,,,,,,,Clean plus Planet Aware,False,https://www.sephora.com/productimages/sku/s2955276-main-zoom.jpg?pb=clean-planet-aware,,
2955375,P521064,Rosehip,36.0,,,,,,,Clean plus Planet Aware,False,https://www.sephora.com/productimages/sku/s2955375-main-zoom.jpg?pb=clean-planet-aware,,
2954923,P521064,Kumato,36.0,,,,,,,Clean plus Planet Aware,False,https://www.sephora.com/productimages/sku/s2954923-main-zoom.jpg?pb=clean-planet-aware,,
2955227,P521064,Primrose,36.0,,,,,,,Clean plus Planet Aware,False,https://www.sephora.com/productimages/sku/s2955227-main-zoom.jpg?pb=clean-planet-aware,,
2954980,P521064,Aberdin,36.0,,,,,,,Clean plus Planet Aware,False,https://www.sephora.com/productimages/sku/s2954980-main-zoom.jpg?pb=clean-planet-aware,,
2775013,P510918,Grapefruit Gelato,25.0,,,,,,,,False,https://www.sephora.com/productimages/sku/s2775013-main-zoom.jpg,,
2774982,P510918,Peach Cobbler,25.0,,,,,,,,False,https://www.sephora.com/productimages/sku/s2774982-main-zoom.jpg,,
2775005,P510918,Strawberry Sorbet,25.0,,,,,,,,False,https://www.sephora.com/productimages/sku/s2775005-main-zoom.jpg,,
2774990,P510918,Fig Smoothie,25.0,,,,,,,,False,https://www.sephora.com/productimages/sku/s2774990-main-zoom.jpg,,
2966547,P522109,Cabana,40.0,,,,,,,,False,https://www.sephora.com/productimages/sku/s2966547-main-zoom.jpg,,
2966596,P522109,Mile High,40.0,,,,,,,,False,https://www.sephora.com/productimages/sku/s2966596-main-zoom.jpg,,
2966711,P522109,Poolside,40.0,,,,,,,,False,https://www.sephora.com/productimages/sku/s2966711-main-zoom.jpg,,
2966703,P522109,Resort,40.0,,,,,,,,False,https://www.sephora.com/productimages/sku/s2966703-main-zoom.jpg,,
2966562,P522109,Bicoastal,40.0,,,,,,,,False,https://www.sephora.com/productimages/sku/s2966562-main-zoom.jpg,,
2787935,P509340,English Rose,32.0,,,,,,,Sephora Quality Great Value,False,https://www.sephora.com/productimages/sku/s2787935-main-zoom.jpg?pb=2023-03-sephora-value-2023,,
2787919,P509340,Daylight,32.0,,,,,,,Clean at Sephora,False,https://www.sephora.com/productimages/sku/s2787919-main-zoom.jpg?pb=clean-at-sephora,,
2787950,P509340,Sunlight,32.0,,,,,,,,False,https://www.sephora.com/productimages/sku/s2787950-main-zoom.jpg,,
2745123,P509340,Mood Boost,32.0,,,,,,,Clean at Sephora,False,https://www.sephora.com/productimages/sku/s2745123-main-zoom.jpg?pb=clean-at-sephora,,
2745115,P509340,Rosy Glow,32.0,,,,,,,Clean at Sephora,False,https://www.sephora.com/productimages/sku/s2745115-main-zoom.jpg?pb=clean-at-sephora,,
2787943,P509340,Rosé Cheeks,32.0,,,,,,,,False,https://www.sephora.com/productimages/sku/s2787943-main-zoom.jpg,,
2745131,P509340,Warm Flush,32.0,,,,,,,Clean at Sephora,False,https://www.sephora.com/productimages/sku/s2745131-main-zoom.jpg?pb=clean-at-sephora,,
2787927,P509340,Wild Berry,32.0,,,,,,,,False,https://www.sephora.com/productimages/sku/s2787927-main-zoom.jpg,,
2974947,P522518,02 Raspberry Jam,25.0,,,,,,,,False,https://www.sephora.com/productimages/sku/s2974947-main-zoom.jpg,,
2974954,P522518,00 Peach 'N Roses,25.0,,,,,,,,False,https://www.sephora.com/productimages/sku/s2974954-main-zoom.jpg,,
2974921,P522518,03 Fig Jelly,25.0,,,,,,,,False,https://www.sephora.com/productimages/sku/s2974921-main-zoom.jpg,,
2460475,P473304,1oz/ 30ml,39.0,,,,,,,Clean at Sephora,False,https://www.sephora.com/productimages/sku/s2460475-main-zoom.jpg?pb=clean-at-sephora,,
2698306,P507322,Heat Wave,28.0,,,,,,,Clean plus Planet Aware,False,https://www.sephora.com/productimages/sku/s2698306-main-zoom.jpg?pb=clean-planet-aware,,
2698330,P507322,Wild Flower,28.0,,,,,,,Clean plus Planet Aware,False,https://www.sephora.com/productimages/sku/s2698330-main-zoom.jpg?pb=clean-planet-aware,,
2698314,P507322,Laguna Peach,28.0,,,,,,,Clean plus Planet Aware,False,https://www.sephora.com/productimages/sku/s2698314-main-zoom.jpg?pb=clean-planet-aware,,
3009859,P525072,0.28 oz/8 g,99.0,,,,,,,Clean at Sephora,False,https://www.sephora.com/productimages/sku/s3009859-main-zoom.jpg?pb=clean-at-sephora,,
2965853,P521595,0.63 oz/17.8 g,52.0,,,,,,,,False,https://www.sephora.com/productimages/sku/s2965853-main-zoom.jpg,,
2709368,P506509,Strawberry Pop,32.0,,,,,,,,False,https://www.sephora.com/productimages/sku/s2709368-main-zoom.jpg,,
2989093,P525196,"1, Rose Blush",39.0,,,,,,,,False,https://www.sephora.com/productimages/sku/s2989093-main-zoom.jpg,,
2989127,P525196,"2, Caramel Blush",39.0,,,,,,,,False,https://www.sephora.com/productimages/sku/s2989127-main-zoom.jpg,,
2989101,P525196,"3, Apricot Blush",39.0,,,,,,,,False,https://www.sephora.com/productimages/sku/s2989101-main-zoom.jpg,,
2989135,P525196,"4, Cinnamon Blush",39.0,,,,,,,,False,https://www.sephora.com/productimages/sku/s2989135-main-zoom.jpg,,
2989119,P525196,"5, Mauve Blush",39.0,,,,,,,,False,https://www.sephora.com/productimages/sku/s2989119-main-zoom.jpg,,
2773380,P512183,Dolce Vita & Aragon,32.0,,,,,,,,False,https://www.sephora.com/productimages/sku/s2773380-main-zoom.jpg,,
2646545,P504365,05 Peach Fizz,25.0,,,,,,,,False,https://www.sephora.com/productimages/sku/s2646545-main-zoom.jpg,,
2646511,P504365,02 Squeeze Guava,25.0,,,,,,,,False,https://www.sephora.com/productimages/sku/s2646511-main-zoom.jpg,,
2947141,P521353,,48.0,,,,,,,,False,https://www.sephora.com/productimages/sku/s2947141-main-zoom.jpg,,
2520484,P417320,Full Size,39.0,,,,,,,,False,https://www.sephora.com/productimages/sku/s2520484-main-zoom.jpg,,
2597672,P502073,,48.0,,,,,,,,False,https://www.sephora.com/productimages/sku/s2597672-main-zoom.jpg,,
2380343,P461220,Fresh Faced,27.0,,,,,,,,False,https://www.sephora.com/productimages/sku/s2380343-main-zoom.jpg,,
2738649,P509948,,68.0,,,,,,,,False,https://www.sephora.com/productimages/sku/s2738649-main-zoom.jpg,,
2573418,P483702,clear,62.0,,,,,,,,False,https://www.sephora.com/productimages/sku/s2573418-main-zoom.jpg,,
2932325,P519807,,32.0,,,,,,,,False,https://www.sephora.com/productimages/sku/s2932325-main-zoom.jpg,,
2743383,P510087,,62.0,,,,,,,,False,https://www.sephora.com/productimages/sku/s2743383-main-zoom.jpg,,
2947588,P520151,0.2 oz/6 mL,38.0,,,,,,,,False,https://www.sephora.com/productimages/sku/s2947588-main-zoom.jpg,,
2434512,P468440,,64.0,,,,,,,Clean at Sephora,False,https://www.sephora.com/productimages/sku/s2434512-main-zoom.jpg?pb=clean-at-sephora,,
