product_id,brand,display_name,brand_id,target_url,short_description,long_description,how_to_use,what_it_is,what_else_you_need_to_know,loves_count,hero_image_url,rating,reviews,is_bestseller,is_new,is_sephora_exclusive,is_limited_edition,is_online_only,is_discontinued,sponsored,sku_type,scraped_at
P517483,rhode,Pocket Blush Buildable Hydrating Cream Blush,,https://www.sephora.com/product/pocket-blush-P517483?skuId=2998102,"An on-the-go cream blush that wakes up cheeks and lips with a satiny, diffused flush.","What it is: An on-the-go cream blush that wakes up cheeks and lips with a satiny, diffused flush. Finish: Satin Formulation: Cream Ingredient Callouts: This product is vegan and cruelty-free. What Else You Need to Know: Pocket Blush is a lightweight cream blush that melts on smoothly, blends seamlessly, and stays all day. It hydrates skin for baby-soft cheeks and leaves a glowy finish without a greasy feel. Clinical Results: Based on a 32-subject consumer perception study after 2 weeks of use: -100% said it gave cheeks a natural glow -97% said it melts into skin + blends seamlessly -3 out of 4 said the blush feels hydrating Clean at Sephora Clean at Sephora is our commitment to offering effective products without certain ingredients, such as parabens, sulfates, phthalates, and mineral oils. Learn more here .","Suggested Usage: -Apply with your finger or a brush and tap onto cheeks. -Color is buildable, so tap on a little or a lot—however you like it. -For a monochromatic look, apply to cheeks and lips. -Avoid the eye area.","An on-the-go cream blush that wakes up cheeks and lips with a satiny, diffused flush.",,1191609.0,https://www.sephora.com/productimages/sku/s2998102-main-zoom.jpg?imwidth=270&pb=clean-at-sephora,4.2105,1872,True,True,False,False,False,False,False,,2026-06-25T00:59:25.177630+00:00
P458747,PATRICK TA,Major Headlines Double-Take Crème & Powder Blush Duo,,https://www.sephora.com/product/patrick-ta-major-headlines-cream-powder-blush-duo-P458747?skuId=2849768,"A viral duo compact of powder and cream blush formulas to achieve long-wearing bold color that melts into skin for a beautiful, radiant glow.","What it is: A viral duo compact of powder and cream blush formulas to achieve long-wearing bold color that melts into skin for a beautiful, radiant glow. Finish: Radiant Formulation: Cream, Pressed Powder Highlighted Ingredients: - Patented Biomimetic Pigments: Mirror the skin's ceramide structure, ensuring adhesion, true color, and the most natural finish. - Micronized Pigments: Provide even, flawless payoff, a luminous finish, and extended wear. - Creamy Emollient Base: Flawlessly blends into skin, provides a dewy finish, and locks in color for extended wear. Ingredient Callouts: Free of sulfates SLS and SLES, parabens, formaldehydes, formaldehyde-releasing agents, phthalates, mineral oil, retinyl palmitate, oxybenzone, coal tar, hydroquinone, triclosan, and triclocarban, and contains less than one percent of synthetic fragrances. This product is cruelty-free and gluten-free. W hat Else You Need to Know: This bestselling blush duo is inspired by Patrick’s viral cream-over-powder blush technique. The rich pigments blend together for a long-wearing skin-like finish to create a lit-from-within glow.","Suggested Usage: -For a sheer look and dewy glow, dab and blend the cream formula on cheeks. -For a soft, airbrushed finish, sweep the powder onto the apples of the cheeks with a fluffy blush brush. -For ultimate color payoff, layer the cream formula over the powder for a glossy, dimensional look. -For best results, pair with Patrick Ta Dual Ended Blush Brush (sold separately).","A viral duo compact of powder and cream blush formulas to achieve long-wearing bold color that melts into skin for a beautiful, radiant glow.",,2649553.0,https://www.sephora.com/productimages/sku/s2849768-main-zoom.jpg?imwidth=270,4.6419,4248,True,False,True,False,False,False,False,,2026-06-25T00:59:29.242087+00:00
P97989778,Rare Beauty by Selena Gomez,Soft Pinch Liquid Blush,,https://www.sephora.com/product/rare-beauty-by-selena-gomez-soft-pinch-liquid-blush-P97989778?skuId=2911741,A weightless liquid blush that delivers high-impact color with just one dot. Blends seamlessly for a pinch-perfect flush that lasts up to 12 hours.,"What it is: A weightless liquid blush that delivers high-impact color with just one dot. Blends seamlessly for a pinch-perfect flush that lasts up to 12 hours. Ingredient Callouts: Free of sulfates SLS and SLES, parabens, formaldehydes, formaldehyde-releasing agents, phthalates, mineral oil, retinyl palmitate, oxybenzone, coal tar, hydroquinone, triclosan, and triclocarban, and contains less than one percent of synthetic fragrances. This product is also vegan and cruelty-free. What Else You Need to Know: This featherlight liquid blush features pure color pigments in a transparent base for true color payoff on all skin tones. In matte and dewy finishes, it’s made with a botanical blend to calm and nourish skin. Derm-tested, non-comedogenic, and safe for sensitive skin. This product is an Allure Best of Beauty award winner. Real results: 100% said it applies easily and wears evenly 100% said the texture is silky and glides on smoothly 100% said it stays in place upon application and is comfortable to wear 97% said the color blends seamlessly *In an independent consumer study of 32 subjects","Suggested Usage: -Gently remove excess product from applicator. -Use the doe-foot applicator and place one or two dots on each cheek. -Use fingertips or the Soft Pinch Blush Brush (sold separately) and gently pat into skin for a seamless finish. -For more control, apply blush to the back of your hand first, then use the Soft Pinch Blush Brush (sold separately) to pick up and blend onto cheeks. -For a dewy, lit-from-within glow, mix Soft Pinch Liquid Blush with Positive Light Liquid Luminizer (sold separately) before applying onto cheeks. -The perfect blush to mix, layer and enhance with other liquid or powder formulas, use it with contour, bronzer, powder blush, highlighter, etc.",A weightless liquid blush that delivers high-impact color with just one dot. Blends seamlessly for a pinch-perfect flush that lasts up to 12 hours.,,3178611.0,https://www.sephora.com/productimages/sku/s2911741-main-zoom.jpg?imwidth=270&pb=allure-2022-bestofbeauty-badge,4.543,12533,True,False,True,False,False,False,False,,2026-06-25T00:59:33.635060+00:00
P510756,HUDA BEAUTY,Blush Filter Soft Glow Liquid Blush,,https://www.sephora.com/product/blush-filter-soft-glow-liquid-blush-P510756?skuId=2954675,"A lightweight liquid blush with buildable pigments and finely milled micro-pearls for a soft-focus, high-impact glow.","What it is: A lightweight liquid blush with buildable pigments and finely milled micro-pearls for a soft-focus, high-impact glow. Finish: Radiant Ingredient Callouts: It is cruelty-free. What Else You Need to Know: B lush Filter's formula has blendable pigments that effortlessly melt into the skin using its innovative doe-foot applicator for a long lasting dimesnional 'airblushed' finish. The formula also includes a yummy candy scent to complement the sweet shade names.",Suggested Usage: -Add three dots of blush onto targeted areas with peanut-shaped doe foot. Blend with fingertips for a luminous glow! -HUDA hack: Combine two shades for an ombre blush effect starting with three dots of the lightest shade at the center of the cheek. Add two dots of a darker shade higher up the cheekbone. Blend with fingers. Set with Easy Bake Loose Baking and Setting Powder for an ‘airblushed’ finish. -HUDA’S color combinations for ‘OMBRE’ blush: Cotton Candy + Strawberry Cream Cotton Candy + Peach Sorbet Peach Sorbet + Watermelon Pop Strawberry Cream + Black Cherry.,"A lightweight liquid blush with buildable pigments and finely milled micro-pearls for a soft-focus, high-impact glow.",,418887.0,https://www.sephora.com/productimages/sku/s2954675-main-zoom.jpg?imwidth=270,4.7461,4573,True,True,True,False,False,False,False,,2026-06-25T00:59:37.383446+00:00
P514568,Yves Saint Laurent,Make Me Blush 24H Buildable Powder Blush,,https://www.sephora.com/product/make-me-blush-24h-buildable-powder-blush-P514568?skuId=2935195,"An ultra-sensorial, waterproof, sweatproof, silky powder blush that blurs the looks of pores and ensures up to 24 hours of bright-colored flush.","What it is: A little blush in a little clutch. A long-lasting, velvety-soft blush that provides buildable color in silky satin and soft matte finishes Coverage: Medium Finish: Matte and Satin Formulation: Pressed Powder Highlighted Ingredients: - Squalane: Blurs the looks of imperfections and pores on the cheek. - Rosehip from YSL Beauty Ourika Community Gardens: For healthy-looking skin. What Else You Need to Know: This iconic, palm-sized powder blush feels lightweight and blurs onto cheeks, lasting 24H without leaving skin feeling dry. These collectable couture blushes provide a subtle diffused flush or can build for a full glam look.","Suggested Usage: For a flushed look: - Using a blush brush, apply a swipe of the powder blush over the tops of the cheekbones, sweeping up towards the temples. - Blend for a soft flush of color, build for a full glam. For a sun-kissed look: - Using a blush brush, apply the blush in a “W” shape from one cheek, across your nose, to the other cheek. - Blend. Pro tip: A little goes a long way. Make sure to tap the brush on the side of the pan before applying to skin.","An ultra-sensorial, waterproof, sweatproof, silky powder blush that blurs the looks of pores and ensures up to 24 hours of bright-colored flush.",,498775.0,https://www.sephora.com/productimages/sku/s2935195-main-zoom.jpg?imwidth=270,4.8134,2781,True,False,False,False,False,False,False,,2026-06-25T00:59:41.471647+00:00
P515061,Saie,SuperSuede™ Radiant Talc-Free Baked Powder Blush,,https://www.sephora.com/product/saie-supersuede-talc-free-powder-blush-P515061?skuId=2975878,A long-wearing baked blush that’s non-comedogenic and lightweight for a diffused flush of color.,"What it is: A long-wearing baked blush that’s non-comedogenic and lightweight for a diffused flush of color. Highlighted Ingredients: - Plant-Derived Squalane and Glycerin: Help moisturize and soften dry skin. - Hyaluronic Acid: Locks in moisture to hydrate skin. - Ethically Sourced Silica and Mica: Helps to blur skin with a natural, diffused finish. Ingredient Callouts: Free of parabens, formaldehydes, formaldehyde-releasing agents, phthalates, mineral oil, retinyl palmitate, oxybenzone, coal tar, hydroquinone, sulfates SLS & SLES, triclocarban, triclosan, and contains less than one percent synthetic fragrance. It is also vegan, gluten-free, cruelty-free, and comes in recyclable packaging. What Else You Need to Know: Luxurious and plush, SuperSuede™ blush has easy pickup and effortless, breathable color payoff. Its lightweight, velvet texture melts into skin seamlessly, blurs without silicones, and is never patchy, cakey or drying. We recommend storing SuperSuede™ out of direct sunlight or harsh lighting when not in use.","Suggested Usage: With a light hand, DIP flat side of Powder Blush Brush into SuperSuede™. -Gently TAP off excess pigment from bristles for a controlled, even application. -Softly SWEEP brush over apples of the cheeks and up toward the temples. Repeat to build pigment. - Stack SuperSuede™ on top of Dew Blush Liquid Cream Blush (sold separately) to intensify color and set. -SaieGlow™ Pro Artist Tip: - Use one side of the Powder Blush Brush's bristles to apply pigment and the opposite clean side to blend.",A long-wearing baked blush that’s non-comedogenic and lightweight for a diffused flush of color.,,233619.0,https://www.sephora.com/productimages/sku/s2975878-main-zoom.jpg?imwidth=270&pb=clean-planet-aware,4.7159,535,True,True,True,False,False,False,False,,2026-06-25T00:59:46.184026+00:00
P468693,MERIT,Flush Balm Cream Blush,,https://www.sephora.com/product/merit-flush-balm-cream-blush-P468693?skuId=2842870,"A foolproof, flexible balm that deposits a creamy, transparent veil of color to let your skin show through.","What it is: An impossible-to-mess-up cream blush that effortlessly melts into the skin for a perfect, all day flush. Highlighted Ingredients: Vitamin E: Helps to nourish and condition the skin Coverage: Light Finish: Radiant Formulation: Stick Highlighted Ingredients: - Vitamin E: Nourishes and conditions skin. Ingredient Callouts: This product is vegan, cruelty-free, and comes in recyclable packaging. What Else You Need to Know: Lightweight and flexible, this buildable balm blends easily into the skin, leaving a transparent veil of color that allows your natural skin to show through. Perfect for cheeks and lips, its creamy, multi-use formula features vitamin E to nourish skin for a long-lasting glow that's never heavy or cakey. It also contains microfine pigment powders that give a sheer wash of color, so it always impossible to mess up. This product is an Allure Best of Beauty award winner. Clean at Sephora is our commitment to offering effective products without certain ingredients, such as parabens, sulfates, phthalates, and mineral oils. Learn more here .","Suggested Usage: -Swipe onto cheeks or lips. -Blend in with your fingertips, brush, or sponge. -Layer for more color payoff.","A foolproof, flexible balm that deposits a creamy, transparent veil of color to let your skin show through.",,914977.0,https://www.sephora.com/productimages/sku/s2842870-main-zoom.jpg?imwidth=270&pb=allure-2024-bestofbeauty,4.2874,2182,True,False,True,False,False,False,False,,2026-06-25T00:59:50.507712+00:00
P469825,Saie,Dew Blush Liquid Cream Blush,,https://www.sephora.com/product/saie-dew-blush-liquid-cheek-blush-P469825?skuId=2872448,"A blendable and buildable dewy, liquid cream blush that melts into cheeks for a wash of color.","What it is: A blendable and buildable dewy, liquid cream blush that melts into cheeks for a wash of color. Formulation: Cream Highlighted Ingredients: - Plant-Derived Glycerin: A powerful humectant known to increase skin’s natural moisture level. - Licorice Root Extract: Brightens the overall appearance of skin. - Silica: Provides a smooth, soft feel, and an even application while helping to blur. Ingredient Callouts: This product is vegan and cruelty-free. What Else You Need to Know: With its chunky doe-foot, Dew Blush can be applied easily and precisely, allowing you to build shades to your desired level of flush. Its creamy formula blends seamlessly for a dewy finish that’s never patchy or streaky. Dew Blush is packed with skin-loving ingredients like plant-derived glycerin and elderberry fruit extract for smooth and nourished skin. It’s dermatologist-tested and safe for sensitive skin. Clean at Sephora Clean at Sephora is our commitment to offering effective products without certain ingredients, such as parabens, sulfates, phthalates, and mineral oils. Learn more here .","Suggested Usage: -Use the chubby doe-foot to dab one to two dots of Dew Blush onto each cheek. -For deeper color, add more as desired. -Blend out with fingertips onto apples of cheeks, cheekbones, or anywhere else you want a flush of color. -Dew Blush blends seamlessly over Saie Slip Tint (sold separately) or Saie Glowy Super Gel (sold separately).","A blendable and buildable dewy, liquid cream blush that melts into cheeks for a wash of color.",,1222904.0,https://www.sephora.com/productimages/sku/s2872448-main-zoom.jpg?imwidth=270&pb=clean-planet-aware,4.4439,3406,True,False,True,False,False,False,False,,2026-06-25T00:59:55.288568+00:00
P520666,Saie,Mini Dew Blush Liquid Cream Blush,,https://www.sephora.com/product/mini-dew-blush-P520666?skuId=2938538,A blendable and buildable mini liquid cream blush that melts into cheeks for a dewy wash of color.,"What it is: A blendable and buildable mini liquid cream blush that melts into cheeks for a dewy wash of color. Formulation: Liquid Highlighted Ingredients: - Elderberry Fruit Extract: Fights free-radical and environmental damage. - Licorice Root Extract: Brightens the overall appearance of skin. - Plant-Derived Glycerin: Powerful humectant known to increase skin’s natural moisture level. Ingredient Callouts: This product is vegan. What Else You Need to Know: Mini Dew Blush's chunky doe-foot makes targeted application easy, while the creamy formula blends seamlessly for your desired level of flush—no harsh lines, streaks, or patchy-ness. Mini Dew Blush is packed with skin-loving ingredients like plant-derived glycerin and licorice root extract for smooth, dewy, and nourished skin. It’s dermatologist tested and safe for sensitive skin. Clean at Sephora Clean at Sephora is our commitment to offering effective products without certain ingredients, such as parabens, sulfates, phthalates, and mineral oils. Learn more here .","Suggested Usage: -Use the chubby doe-foot to dab one to two dots of Dew Blush onto each cheek. -For deeper color, add more as desired. -Blend out with fingertips onto apples of cheeks, cheekbones, or anywhere else you want a flush of color. -Dew Blush blends seamlessly over Saie Slip Tint (sold separately) or Saie Glowy Super Gel (sold separately). Refill Product Instructions: -Dew Blush's vial is made of 40% post-consumer recycled plastic. -While Dew Blush's components are made of recyclable materials, individual components under two inches do not typically make it through the curbside recycling stream. Saie works with Pact Collective to make sure your hard-to-recycle items get recycled.",A blendable and buildable mini liquid cream blush that melts into cheeks for a dewy wash of color.,,67274.0,https://www.sephora.com/productimages/sku/s2938538-main-zoom.jpg?imwidth=270&pb=clean-planet-aware,4.4315,2000,True,False,True,False,False,False,False,,2026-06-25T00:59:58.845754+00:00
P518438,PATRICK TA,Mini Major Headlines Double-Take Crème & Powder Blush Duo,,https://www.sephora.com/product/mini-major-headlines-double-take-creme-powder-blush-duo-P518438?skuId=2926020,A mini version of the viral duo of powder and cream blush formulas to achieve long-wearing bold color that melts into skin for a beautiful glow.,"What it is: A mini version of the viral duo of powder and cream blush formulas to achieve long-wearing bold color that melts into skin for a beautiful glow. Highlighted Ingredients: - Patented Biomimetic Pigments: Mirror the skin's ceramide structure, ensuring adhesion, true color, and the most natural finish. - Micronized Pigments: Provide even, flawless payoff, a luminous finish, and extended wear. - Creamy Emollient Base: Flawlessly blends into skin, provides a dewy finish, and locks in color for extended wear. Ingredient Callouts: Free of sulfates SLS and SLES, parabens, formaldehydes, formaldehyde-releasing agents, phthalates, mineral oil, retinyl palmitate, oxybenzone, coal tar, hydroquinone, triclosan, and triclocarban, and contains less than one percent of synthetic fragrances. This product is cruelty-free and gluten-free. What Else You Need to Know: This bestselling blush duo is inspired by Patrick’s viral cream-over-powder blush technique. The rich pigments blend together for a long-wearing skin-like finish to create a lit-from-within glow.","Suggested Usage: -For a sheer look and dewy glow, dab and blend the cream formula on cheeks. -For a soft, airbrushed finish, sweep the powder onto the apples of the cheeks with a fluffy blush brush. -For ultimate color payoff, layer the cream formula over the powder for a glossy, dimensional look.",A mini version of the viral duo of powder and cream blush formulas to achieve long-wearing bold color that melts into skin for a beautiful glow.,,163123.0,https://www.sephora.com/productimages/sku/s2926020-main-zoom.jpg?imwidth=270,4.293,157,True,False,True,False,False,False,False,,2026-06-25T01:00:02.293334+00:00
P454762,DIOR,Rosy Glow Powder Blush,,https://www.sephora.com/product/dior-rosy-glow-blush-P454762?skuId=2962264,"A secret weapon to create the appearance of naturally rosy cheeks for a fresh, glowy effect.","What it is: The now iconic Dior Backstage Rosy Glow powder blush features pH-activating technology for a custom result that is buildable and longwearing. What Else You Need to Know: The Dior Backstage Rosy Glow blush offers buildable, custom, longwearing color thanks to a formula with pH-activating technology for an instant healthy glow that is longwearing and weightless. Available in 7 shades and 2 finishes.","Suggested Usage: - Apply Dior Backstage Rosy Glow Powder Blush using a brush, sweeping the tops of the cheekbones. Professional tips: - For a dewy-glow finish, layer Rosy Glow Stick (sold separately) on top of Rosy Glow powder - For even longer-lasting color, use Rosy Glow powder to set Rosy Glow Stick (sold separately)","A secret weapon to create the appearance of naturally rosy cheeks for a fresh, glowy effect.",,775204.0,https://www.sephora.com/productimages/sku/s2962264-main-zoom.jpg?imwidth=270,4.7135,876,True,True,True,True,False,False,False,,2026-06-25T01:00:05.505759+00:00
P482709,ONE/SIZE by Patrick Starrr,Cheek Clapper 3D Blush Trio Palette,,https://www.sephora.com/product/one-size-by-patrick-starrr-cheek-clapper-3d-blush-trio-palette-P482709?skuId=2656296,"An award-winning, 3-in-1 ultra-pigmented blush palette that blends and blurs beautifully. Wear each shade alone or layer up for the ultimate 3D pop.","What it is: An award-winning, three-in-one ultra-pigmented blush palette that blends and blurs beautifully—wear each shade alone or layer up for the ultimate 3D pop. Highlighted Ingredients: - Dragon Fruit Extract: Helps grip and extend wear. Ingredient Callouts: This product is vegan and cruelty-free. What Else You Need to Know: This palette can be used to create any blush look, from a subtle wash of color to a high-impact pop with a smooth, silky finish that lasts all day. Use the Flex Cream shade to underpaint and overpaint, the Matte shade to blur and build intensity, and the Hyper Sheen shade for an eye-catching glow. This product is an Allure Best of Beauty award winner. This Palette Contains: Very That (blush tones): - Sugar BB, Seeking Gen, Ovah Freaky Peach (peach tones): - Rump Shaker, Freaky, Whiplash Phat Ass (coral-pink tones): - Twerkalicious, Rosebud, BBL Rich Betch (rose-bronze tones): - Beyond Fab, Blush Deposit, Coin Me Up","Suggested Usage: Apply Desired Blush Or Layer Shades Using A Brush Or Fingertips And Blend Out. For High Impact/ Pop Of Color: -Apply Full Impact Matte To Apples Of Cheeks And Blend Out.. -Next, Apply Flex Cream Over Full Impact Matte And Blend Onto Skin With Sponge Or Synthetic Brush. -Finish By Dusting Hyper Sheen Over Top Or To Cheekbones. For Medium Impact Color -Apply Flex Cream To Apples Of Cheeks With Sponge Or Synthetic Brush. -Next, Sweep Full Impact Matte Over Flex Cream To Apples Of Cheeks And Blend. -Finish By Dusting Hyper Sheen Over Top Or To Cheekbones. For Low Impact /Subtle Wash Of Color: -Apply Full Impact Matte To Apples Of Cheeks And Blend Out. -Next, Apply Hyper Sheen Over Full Impact Matte And Blend Up And Out. -Finish By Tapping A Small Amount Of Flex Cream Over Apples Of Cheeks And Blend Out.","An award-winning, 3-in-1 ultra-pigmented blush palette that blends and blurs beautifully. Wear each shade alone or layer up for the ultimate 3D pop.",,331264.0,https://www.sephora.com/productimages/sku/s2656296-main-zoom.jpg?imwidth=270&pb=allure-2022-bestofbeauty-badge,4.4486,720,True,False,False,False,False,False,False,,2026-06-25T01:00:09.445395+00:00
P522502,NARS,Insatiable Longwearing Liquid Blush,,https://www.sephora.com/product/nars-insatiable-liquid-blush-P522502?skuId=2968238,"A buildable, pigment-packed liquid blush with lightweight, vibrant, true-color payoff and up to 16 hours of wear.","What it is: A buildable, pigment-packed liquid blush with lightweight, vibrant, true-color payoff and up to 16 hours of wear. Coverage: Medium Formulation: Liquid Highlighted Ingredients: - Peptides: Give skin a supple and fuller-looking appearance. - Ceramides: Strengthen the skin barrier to soften and hydrate. What Else You Need to Know: Pigment-packed Insatiable Liquid Blush delivers a weightless surge of saturated color. Lightweight liquid builds and blends effortlessly for true-color payoff and a second-skin finish with up to 16-hour, fade-proof wear. Customize color with an oversized doe-foot for precise application. Clinical Results: In a clinical study with 33 subjects: - 16-hour, fade-proof wear In a consumer study of 55 subjects on bare skin, after 8 hours: - 100% agree it delivers weightless, true-color payoff - 100% agree it creates a natural-looking, soft-focus effect In a consumer study with 55 subjects with foundation, immediately upon application: - 100% agree it layers over makeup without looking patchy, streaky, or cakey","Suggested Usage: -For a natural rush, use doe-foot applicator to deposit color on the back of hand. -Use fingertips to gently tap and blend onto cheeks. -Build color as desired. -For intensified color, use doe-foot applicator to apply two dots directly onto cheeks. -Gently blend with fingertips. -Layer for more intensity.","A buildable, pigment-packed liquid blush with lightweight, vibrant, true-color payoff and up to 16 hours of wear.",,27086.0,https://www.sephora.com/productimages/sku/s2968238-main-zoom.jpg?imwidth=270,4.757,251,True,True,True,False,False,False,False,,2026-06-25T01:00:14.198522+00:00
P522379,Kosas,Impressionist Multistick Cream Blush Stick + Lip Color,,https://www.sephora.com/product/impressionist-multistick-P522379?skuId=2965259,"A creamy multistick for cheeks and lips that glides on, melts into skin, and builds a natural flushed-from-within look that lasts all day.","What it is: A creamy multistick for cheeks and lips that glides on, melts into skin, and builds a natural flushed-from-within look that lasts all day. Highlighted Ingredients: - Botanical Complex: Moisturizes and smooths. - Coenzyme Q10: Antioxidant that provides protection. Ingredient Callouts: Free of parabens, formaldehydes, formaldehyde-releasing agents, phthalates, mineral oil, retinyl palmitate, oxybenzone, coal tar, hydroquinone, sulfates SLS & SLES, triclocarban, triclosan, and contains less than one percent synthetic fragrance. It is also vegan, gluten-free, and cruelty-free. What Else You Need to Know: This formula, shades, and packaging is designed for both cheeks and lips with the ideal balance of glide, finish + lasting power. Buildable pigment blends easily before setting comfortably. Melts seamlessly into skin, layers over or under creams + powders for a soft, natural-looking flush with a blurred finish. These neutral tones can be easily replicated across multiple parts of your face for a cohesive monochromatic look. Clinical Results: In clinical tests it was found to be: - Long-wearing for 12 hours on cheeks and lips Based on a consumer perception study of 32 women after using Impressionist Multistick, after 1 week: - 100% agreed they would purchase Impressionist Multistick - 100% agreed Impressionist is better than other multisticks they’ve tried Based on a clinical study of 32 women after using Impressionist Multistick, after 1 week: - 100% saw on bare cheeks and lips - Improved hydration, skin texture/smoothing, and plumping/lifting","Suggested Usage: - Apply to cheeks + lips and blend with fingers or a brush. Can be layered over or under other makeup. Hot Tip: Perfect pigment load + shade range for underpainting. Apply under makeup for a natural flush from within. @paintedbyesther's Melted Flush Blush Technique featuring Impressionist Multistick: - Underpaint the Flush. Apply the first layer of blush using Impressionist Multistick in a soft color like Muse to the back of the hand. Pick up with a powder brush and lightly pat (never swipe) onto apples of the cheeks, blend out and upward, stopping at the tail of the eyebrow. The Impressionist melts seamlessly into the skin while still holding its color, even when you start layering other complexion products on top. - Brighten + Blend. Apply one dot of Revealer Concealer (sold separately) in the corners under each eye and to the sides of the nose. Use the Face Detailer Brush or Cloud Puff (sold separately) to lightly tap and blend under the eyes and around the nose to clean and soften the edges of the blush. This helps create that flushed-from-within look. - Blur + Set. Pat on Cloud Set Loose Brightening Powder in Translucent Candy (sold separately) with a puff to blur and set the makeup. This powder helps sweep away shine but keeps the glow. - Lift. Apply the next layer of blush using Impressionist Multistick in a brighter color like Vibration. Apply to the back of the hand. Using a puff lightly pat, starting at the highest point of the cheek bone and lightly buff out and upward along the cheek bone towards the tail of the brow. The Impressionist has a soft-focus finish for a watercolor effect that looks so natural on skin. - Monochromatic Cheeks + Lips. Apply Impressionist Multistick in Vibration to the back of the hand. Using the Multitasking Eye Brush (sold separately), apply Impressionist Multistick to the lips, feathering out from right above the cupid's bow. This pulls the final look together beautifully.","A creamy multistick for cheeks and lips that glides on, melts into skin, and builds a natural flushed-from-within look that lasts all day.",,32296.0,https://www.sephora.com/productimages/sku/s2965259-main-zoom.jpg?imwidth=270&pb=clean-at-sephora,4.7033,418,True,True,True,False,False,False,False,,2026-06-25T01:00:17.964487+00:00
P2855,NARS,Talc-Free Powder Blush,,https://www.sephora.com/product/blush-P2855?skuId=2942829,"A pressed powder blush refill, now in an upgraded formula that lasts for up to 16 hours, featuring true-color payoff with a comfortable, weightless feel.","What it is: A fan fave pressed powder blush, now in an upgraded talc-free formula that lasts for up to 16 hours, featuring true-color payoff with a comfortable, weightless feel. Highlighted Ingredients: - Naturally-Derived and Mineral-Based Pigments: Deliver true-color payoff and ensure a high-impact effect. - Pearlescent Pigments: Blurs the look of imperfections. - Superfine, Micronized Pigments: Provide an irresistibly silky, blendable application. Ingredient Callouts: Free of parabens, formaldehydes, formaldehyde-releasing agents, phthalates, mineral oil, retinyl palmitate, oxybenzone, coal tar, hydroquinone, sulfates SLS & SLES, triclocarban, triclosan. What Else You Need to Know: Blush lasts for up to 16 hours with a comfortable, weightless feel. Pure Pigment Blend, an innovative combination of four types of pigment, achieves high-impact, true-color payoff. Irresistibly silky, blendable formula glides on smoothly and evenly while helping to blur the look of imperfections. This product is an Allure Best of Beauty award winner.","Suggested Usage: - Start application where the strongest color impact is desired; the strongest color payoff will be at the first point of brush contact to skin. - For a natural rush of color, gently buff color onto skin using sweeping circular motions with NARS #16 Blush Brush for more color payoff, or NARS Yachiyo Brush for softer color payoff (brushes sold separately). - For a seamless pop of color, layer two shades of Blush. Start with a base color in a shade that gives a subtle color to the cheeks. Layer a brighter shade in a similar tone on the apples of the cheek, then blend edges to diffuse into base color. - For a touch-up or additional coverage, use a stippling motion when applying Blush to press color onto skin without disrupting coverage already created. - Can't get enough? Save your NARS Talc-Free Powder Blush compact, full-size refills are available in select shades. Refill Product Instructions: Blush pan refills are available in select shades. 1. Find the hole on the bottom of the compact 2. Use a safety pin or small object to pop out the current pan of NARS Blush 3. New, magnetic pan will snap into place","A pressed powder blush refill, now in an upgraded formula that lasts for up to 16 hours, featuring true-color payoff with a comfortable, weightless feel.",,1252276.0,https://www.sephora.com/productimages/sku/s2942829-main-zoom.jpg?imwidth=270&pb=allure-2024-bestofbeauty,4.0829,796,True,False,False,False,False,False,False,,2026-06-25T01:00:21.755441+00:00
P449342,Tower 28 Beauty,BeachPlease Lip + Cheek Dewy Cream Blush,,https://www.sephora.com/product/beachplease-tinted-balm-blush-P449342?skuId=2811750,A multitasking tinted balm for ultra-glowing lips and cheeks—minus the cakiness and harsh lines.,"What it is: An easy-to-use, non-comedogenic dewy blush that blends seamlessly into the skin with a naturally radiant finish that is safe for sensitive skin. Highlighted Ingredients: - Aloe Vera Extract: Hydrating and soothing for a luminious, healthy-skin finish. - Green Tea Extract: Ultra-calming and a natural antioxidant. - Castor Seed Oil: Rich in fatty acid + moisturizes skin. Ingredient Callouts: This product is vegan, cruelty-free, and gluten-free. What Else You Need to Know: This creamy, long lasting blush balm is easy-to-use and can be built up from a sheer wash to a true pop of color — just tap and blend! It’s silicone-free and made with skin-loving, plant-based ingredients like green tea extract and aloe vera extract to give sensitive skin support with every application. This product is an Allure Best of Beauty award winner. Clean at Sephora is our commitment to offering effective products without certain ingredients, such as parabens, sulfates, phthalates, and mineral oils. Learn more here .",Suggested Usage: -Tap and blend with fingertips onto cheeks and lips. -Tip: Use a brush for a more diffused effect and layer for bolder color.,A multitasking tinted balm for ultra-glowing lips and cheeks—minus the cakiness and harsh lines.,,675364.0,https://www.sephora.com/productimages/sku/s2811750-main-zoom.jpg?imwidth=270&pb=clean-at-sephora,4.475,1899,True,False,True,False,False,False,False,,2026-06-25T01:00:26.398894+00:00
P510360,LAWLESS,Pinch My Cheeks Soft-Blur Cream Blush,,https://www.sephora.com/product/lawless-pinch-my-cheeks-soft-blur-cream-blush-P510360?skuId=2785673,"A weightless, creamy, velvet-textured, talc-free blush that delivers buildable color to cheeks and lips with a cloud-like texture and satin powder finish.","What it is: A weightless, creamy, velvet-textured, talc-free blush that delivers buildable color to cheeks and lips with a cloud-like texture and satin powder finish. Coverage: Medium Finish: Natural Formulation: Cream Highlighted Ingredients: - Green Tea Extract: Re-energizes the skin and protects from free radicals. - Hybrid Elastomer Microsphere Powders: Provides a soft-focus finish with a velvet-soft cushiony feel. - Micronized Pigments: Gives an extremely vibrant color with superior blendability and adherence. Ingredient Callouts: Free of phthalates, sulfates SLS & SLES, and contains less than one percent synthetic fragrance. It is also gluten-free and cruelty-free and vegan. What Else You Need to Know: This unique cloud-like texture melts seamlessly into the skin without disrupting makeup for a blurred, satin powder finish and can be worn on the lips. It’s infused with green tea extract to re-energize and protect the skin and micronized pigments for vibrant color payoff and superior blendability.","Suggested Usage: -Apply using your fingertips, a small dense brush, or a beauty sponge to gently tap and blend product onto cheeks and lips. -Layer to build up even more color impact.","A weightless, creamy, velvet-textured, talc-free blush that delivers buildable color to cheeks and lips with a cloud-like texture and satin powder finish.",,66908.0,https://www.sephora.com/productimages/sku/s2785673-main-zoom.jpg?imwidth=270&pb=clean-at-sephora,4.837,822,True,False,False,False,False,False,False,,2026-06-25T01:00:30.756876+00:00
P510885,Kosas,Blush is Life Baked Talc-Free Dimensional + Brightening Blush,,https://www.sephora.com/product/blush-is-life-baked-talc-free-dimensional-brightening-blush-P510885?skuId=2871713,"A clean, silky smooth talc-free powder blush baked with squalane and hyaluronic acid in dimensional color duos for a healthy flush of color.","What it is: A clean, silky smooth talc-free powder blush baked with squalane and hyaluronic acid in dimensional color duos for a healthy flush of color. Highlighted Ingredients: - Squalane and Hyaluronic Acid: Hydrate and balance. Ingredient Callouts: This product is vegan, gluten-free, cruelty-free, and comes in recyclable packaging. What Else You Need to Know: These blush shades are baked and swirled with two different tones to create alive, easy-to-wear colors. The soft, smooth powder melts into skin and blends seamlessly for a skin-like, radiant finish so there are no harsh lines. It's buildable, longwearing color you can't mess up. Clinical Results: In a consumer perception study of 33 women: - 100% agreed this blush is super easy to wear, makes me look healthier - 100% agreed this blush is easily blendable, glides on smoothly and evenly, and melts into skin - 100% agreed this blush is weightless and feels silky smooth Clean Clean at Sephora is our commitment to offering effective products without certain ingredients, such as parabens, sulfates, phthalates, and mineral oils. Learn more here .","Suggested Usage: -Lightly swirl your brush, then tap off any excess before sweeping it onto the skin. -Start with a small amount, then build to your desired intensity.","A clean, silky smooth talc-free powder blush baked with squalane and hyaluronic acid in dimensional color duos for a healthy flush of color.",,292456.0,https://www.sephora.com/productimages/sku/s2871713-main-zoom.jpg?imwidth=270&pb=clean-at-sephora,4.5647,742,True,False,False,False,False,False,False,,2026-06-25T01:00:35.531806+00:00
P516069,SEPHORA COLLECTION,Blush Blush Blush. Cream & Powder Palette,,https://www.sephora.com/product/blush-blush-blush-palette-P516069?skuId=2870897,A trio of blushes with three different textures and finishes that can be layered and transformed for a multitude of possibilities.,"What it is: A trio of blushes with three different textures and finishes that can be layered and transformed for a multitude of possibilities. What Else You Need to Know: This cheek palette lets you Create infinite blush looks by combining or layering them in any order. The palette contains a trio of highly pigmented, monochromatic formulas: a cream blush with a radiant finish, an intense matte blush, and a shimmery powder with a pearly effect. It’s pocket-size and equipped with a removable mirror. This Palette Contains: - 3 x 0.26 oz/ 7.7 mL Blushes","Suggested Usage: These blushes can be applied on their own or layered over cheekbones. For Cream Blush: -Using your finger or the rounded edge of the Sephora Collection Duo Cheek Brush (sold separately), tap a small amount of product onto cheeks and blend in. -Continue to build color until you achieve your desired intensity. For Powder Blush: -Using the angled edge of the Sephora Collection Duo Cheek Brush (sold separately), pick up a small amount then tap the brush to remove excess product. -Sweep over cheeks, spread, and blend in. -Continue to build color until you achieve your desired intensity.",A trio of blushes with three different textures and finishes that can be layered and transformed for a multitude of possibilities.,,57439.0,https://www.sephora.com/productimages/sku/s2870897-main-zoom.jpg?imwidth=270&pb=2023-03-sephora-value-2023,4.2589,112,True,False,False,True,False,False,False,,2026-06-25T01:00:39.427996+00:00
P522555,VIOLETTE_FR,PLUME BLUSH Feather Matte Cream-to-Powder Cheek Melt,,https://www.sephora.com/product/plume-blush-feather-matte-cream-to-powder-cheek-melt-P522555?skuId=2975290,"A feather-light, melt-to-matte blush that builds and blends like a cream but diffuses like a powder for blurred, airbrushed color that lasts.","What it is: A feather-light, melt-to-matte blush that builds and blends like a cream but diffuses like a powder for blurred, airbrushed color that lasts. Ingredient Callouts: Free of parabens, formaldehydes, formaldehyde-releasing agents, phthalates, mineral oil, retinyl palmitate, oxybenzone, coal tar, hydroquinone, sulfates SLS & SLES, triclocarban, triclosan, and contains less than one percent synthetic fragrance. It is also vegan, gluten-free, and cruelty-free. What Else You Need to Know: The best of cream and powder—this innovative formula melts into a soft veil of semi-opaque color inspired by the ""velatura"" painting technique. It applies intuitively and builds effortlessly without disrupting your makeup, delivering a weightless, soft-focus flush with a blurred-matte finish.","Suggested Usage: -The best of cream and powder—this innovative formula melts into a soft veil of semi-opaque color inspired by the ""velatura"" painting technique. -It applies intuitively and builds effortlessly without disrupting your makeup, delivering a weightless, soft-focus flush with a blurred-matte finish.","A feather-light, melt-to-matte blush that builds and blends like a cream but diffuses like a powder for blurred, airbrushed color that lasts.",,11235.0,https://www.sephora.com/productimages/sku/s2975290-main-zoom.jpg?imwidth=270&pb=clean-at-sephora,4.7238,286,True,True,True,False,False,False,False,,2026-06-25T01:00:43.886766+00:00
P524934,Marc Jacobs Beauty,Joystick Buildable Cream Blush Stick,,https://www.sephora.com/product/joystick-buildable-cream-blush-stick-P524934?skuId=2994564,"A lightweight creamy blush with buildable long-lasting color, seamless blendability, and a natural skin-like finish for effortless cheeks.","What it is: A lightweight creamy blush with buildable long-lasting color, seamless blendability, and a natural skin-like finish for effortless cheeks. Coverage: Medium Formulation: Cream Highlighted Ingredients: - Hyaluronic Acid: Hydrates the skin, promoting softness and comfort. - Daisy Oil: With antioxidant properties, it provides a smooth, nourishing feel. What Else You Need to Know: The multi-use, non-comedogenic formula melts seamlessly into skin and is infused with skin-loving ingredients, including hyaluronic acid, for up to a 12-hour hydrating feel. Easy-to-use and ideal for all skin types, it leaves lips and cheeks soft and comfortable. Available in a range of shades in a signature yellow daisy-designed stick. Clinical Results: In a consumer test with 100 participants (ages 18+) with daily product use: -98% said it feels lightweight on skin -96% said skin does not look oily -99% said applies easily on skin In consumer tests: -92% said product melts seamlessly on skin -Heat, humidity, and sweat resistant -All-day hydration with no white cast In an instrumental test: -Up to 14-hour wear","Suggested Usage: -Swipe the blush onto cheeks directly from the stick. For a diffused finish, blend with your fingertips, a blush brush, or a makeup sponge. -Apply additional layers of the blush for more intense color payoff. -For a harmonious makeup look, apply it to the lips as a tinted lip balm. Recycling Instructions: -Dispose of the outer packaging and empty blush stick in line with local standards.","A lightweight creamy blush with buildable long-lasting color, seamless blendability, and a natural skin-like finish for effortless cheeks.",,27665.0,https://www.sephora.com/productimages/sku/s2994564-main-zoom.jpg?imwidth=270,4.5983,117,True,True,True,False,True,False,False,,2026-06-25T01:00:48.638306+00:00
P510741,HAUS LABS BY LADY GAGA,Color Fuse Longwear Hydrating Glassy Lip + Cheek Blush Balm Stick,,https://www.sephora.com/product/haus-labs-by-lady-gaga-color-fuse-longwear-hydrating-glassy-lip-cheek-blush-balm-stick-P510741?skuId=2870178,"A long-lasting, multi-use lip and cheek balm that glides on buildable glassy color in an easy-to-use cream stick.","What it is: A long-lasting, multi-use lip and cheek balm that glides on buildable glassy color in an easy-to-use cream stick. Highlighted Ingredients: - Fermented Arnica: Visibly reduces redness and irritation. - Goji Berry Complex: Boosts radiance and makes skin look plumper. - Fermented Shiunko: Promotes collagen synthesis and antioxidant protection. Ingredient Callouts: This product is vegan, gluten-free, and cruelty-free. What Else You Need to Know: Get summer skin in a swipe with this weightless balm that delivers buildable color and a glassy finish that lasts 8 hours. Infused with goji berry complex that makes skin look more plump and formulated with 70% skincare actives to immediately boost skin hydration by +62%*. Clinical Results: Based on a 3rd party consumer perception clinical study of 35 panelists ages 18-45 after application: - 94% agree it provides sheer, medium buildable coverage - 94% agree it feels weightless on skin all day - 91% agree it provides all-day moisture + hydration with a healthy glow Clean Clean at Sephora is our commitment to offering effective products without certain ingredients, such as parabens, sulfates, phthalates, and mineral oils. Learn more here .","Suggested Usage: For cheeks: -Glide onto skin. -Diffuse and blend edges using your fingers, the HAUS LABS Dual-Ended Multi-Purpose Brush (sold separately), or a makeup sponge. -Layer to intensify color. For lips: -Tap and blend into lips for a subtle wash of color. -For more intense pigment, swipe directly onto lips.","A long-lasting, multi-use lip and cheek balm that glides on buildable glassy color in an easy-to-use cream stick.",,416215.0,https://www.sephora.com/productimages/sku/s2870178-main-zoom.jpg?imwidth=270&pb=clean-at-sephora,4.3311,731,True,False,True,False,False,False,False,,2026-06-25T01:00:53.545468+00:00
P522484,PATRICK TA,Major Headlines Transition Blurring Under Eye Blush Duo,,https://www.sephora.com/product/major-headlines-transition-blurring-under-eye-blush-duo-P522484?skuId=2976264,"A duo compact featuring sheer, softly blurring powders with a hint of tint to create a seamless transition of color from the cheeks to the undereyes.","What it is: A duo compact featuring sheer, softly blurring powders with a hint of tint to create a seamless transition of color from the cheeks to the undereyes. Highlighted Ingredients: - Papaya, Grapefruit, Pineapple Complex | Hollow Weight Silica and Light Reflecting Pigments: A boost of brightening fruit extracts with antioxidants. - Flexible Gel-Like Copolymer: Blurring effects to smooth the appearance of skin. - Hollow Weight Silica and Light Reflecting Pigments: Visibly fills in lines and diffuses light for added smoothness. Ingredient Callouts: Free of parabens, formaldehydes, formaldehyde-releasing agents, phthalates, mineral oil, retinyl palmitate, oxybenzone, coal tar, hydroquinone, sulfates SLS & SLES, triclocarban, triclosan, and contains less than one percent synthetic fragrance. It is also cruelty-free. What Else You Need to Know: This product is the last step of your blush routine, designed to give you a never-before blur. Each compact is curated with two softly-pigmented, soft-matte powders. Sweep over skin between the cheeks and undereyes for a delicate wash of color and a diffused finish.","Suggested Usage: -Use after applying Liquid Brightening Transition Blush (sold separately) and concealer to your undereyes, followed by your normal blush. -Swirl the fluffy side of the Dual-Ended Transition Blush Brush (sold separately) into one or both shades of the Transition Blurring Blush Duo (sold separately). -Sweep the blurring powders on the undereyes and on the apples of the cheeks where your blush was applied.","A duo compact featuring sheer, softly blurring powders with a hint of tint to create a seamless transition of color from the cheeks to the undereyes.",,19675.0,https://www.sephora.com/productimages/sku/s2976264-main-zoom.jpg?imwidth=270,4.3644,494,True,True,True,False,False,False,False,,2026-06-25T01:00:58.031803+00:00
P509960,Rare Beauty by Selena Gomez,Soft Pinch Luminous Powder Blush,,https://www.sephora.com/product/rare-beauty-by-selena-gomez-soft-pinch-luminous-powder-blush-P509960?skuId=2748333,"A radiant blush that lights up all skin tones with airy, seamless, and silky color to keep you beaming all day.","What it is: A lightweight glowy blush with buildable, seamless, and silky color to keep you beaming all day. Coverage: Medium Finish: Radiant Formulation: Pressed Powder Ingredient Callouts: Free of parabens, formaldehydes, formaldehyde-releasing agents, phthalates, mineral oil, retinyl palmitate, oxybenzone, coal tar, hydroquinone, sulfates SLS & SLES, triclocarban, triclosan, and contains less than one percent synthetic fragrance. It is also cruelty-free. What Else You Need to Know: Incredibly smooth and weightless, this powder blush gives a pinch-perfect flush that seems to radiate from within. Its highly pigmented base is packed with shimmering pearls for natural dimension that’s easy to blend, build, or diffuse for a softer effect (without ever looking chalky or ashy). Clinical Results: In an independent consumer testing panel of 55 subjects: - 99% said it instantly lights up skin with a radiant flush - 99% said it applies evenly - 97% said its highly pigmented color blends seamlessly",Suggested Usage: -Take the Soft Pinch Blush Brush (sold separately) and gently sweep across the powder. -Lightly tap onto the apples of your cheeks. -Add more to build color and radiance; diffuse with sweeping circular motions for a softer look. -This baked powder's extraordinary shimmer comes from a high percentage of finely milled pearls. Please handle with care.,"A radiant blush that lights up all skin tones with airy, seamless, and silky color to keep you beaming all day.",,568028.0,https://www.sephora.com/productimages/sku/s2748333-main-zoom.jpg?imwidth=270,4.1116,3182,True,False,False,False,False,False,False,,2026-06-25T01:01:02.763483+00:00
P516168,DIOR,Rosy Glow Blush Stick,,https://www.sephora.com/product/rosy-glow-blush-sticks-P516168?skuId=2962389,"A blush-stick format of Rosy Glow which provides pH-activated custom color and a radiant finish with a creamy, easy-to-blend texture.","What it is: In just one swipe, this long-lasting, buildable and creamy stick blush format of Rosy Glow delivers pH-activated custom color with a natural, dewy-glow finish. What Else You Need to Know: This blush stick adapts to skin's pH for a custom color and dewy-glow look, reflecting light to enhance cheekbones. The cherry-oil infused formula provides up to 12 hours of hydration and wear for lasting comfort and moisture. It is available in seven shades and two finishes. Clinical Results: In an instrumental test on 25 subjects, this blush: - Provided 12 hours of custom color In an instrumental test on 30 subjects, this blush: - Provided 12 hours of hydration","Suggested Usage: -Apply the blush stick to your cheekbones, then blend toward your temples using your fingers or the DIOR Backstage No. 16 brush (sold separately). -For a more natural look, take a small amount of blush with the brush. -Professional tip: For even deeper, longwearing color, set the stick blush by applying DIOR’s Rosy Glow powder blush on top (sold separately).","A blush-stick format of Rosy Glow which provides pH-activated custom color and a radiant finish with a creamy, easy-to-blend texture.",,125760.0,https://www.sephora.com/productimages/sku/s2962389-main-zoom.jpg?imwidth=270,4.6265,913,True,True,True,True,False,False,False,,2026-06-25T01:01:07.269874+00:00
P1272,Benefit Cosmetics,Benetint Liquid Lip Tint & Cheek Stain,,https://www.sephora.com/product/benetint-cheek-lip-stain-P1272?skuId=2869519,"A collection of fan-fave lip and cheek tints that come in a range of shades—all long-wearing, non-drying, and transfer-proof.","What it is: A collection of fan-fave lip and cheek tints that come in a range of shades—all long-wearing, non-drying, and transfer-proof. Ingredient Callouts: Free of formaldehydes, formaldehyde-releasing agents, phthalates, mineral oil, retinyl palmitate, oxybenzone, coal tar, hydroquinone, sulfates SLS & SLES, triclocarban, triclosan, and contains less than one percent synthetic fragrance. What Else You Need to Know: Cherry, mango, pink lemonade—whatever tint color you're craving, Benefit Cosmetics has an option for you. These long-wearing tints have non-drying formulas that apply and build easily and feel comfortable on lips and cheeks. Apply one coat with the precise, doe-foot applicator for a sheer hint of tint or layer for more vibrant color that lasts all day. The formula is also smudge-, transfer-, and kiss-proof.","Suggested Usage: -Glide onto lips and layer to build intensity. -For ombre lips, dab on the inner part of lips and blend outward with fingertip. Dot and blend quickly onto cheeks for a long-lasting flush. -Beauty tip: Layer your two favorite tints to make your own custom color for lips or cheeks. Or wear under your favorite lipstick or gloss.","A collection of fan-fave lip and cheek tints that come in a range of shades—all long-wearing, non-drying, and transfer-proof.",,826498.0,https://www.sephora.com/productimages/sku/s2869519-main-zoom.jpg?imwidth=270,4.1721,6547,True,False,False,False,False,False,False,,2026-06-25T01:01:17.126234+00:00
P504025,HAUS LABS BY LADY GAGA,Color Fuse Talc-Free Blush Powder With Fermented Arnica,,https://www.sephora.com/product/haus-labs-by-lady-gaga-color-fuse-blush-P504025?skuId=2760908,"Talc-free blush with redness reducing fermented arnica and hydrating squalane and hydraberry. One swipe, blendable color that lasts all day.","What it is: Talc-free blush with redness reducing fermented arnica and hydrating squalane and hydraberry. One swipe, blendable color that lasts all day. Finish: Natural Formulation: Pressed Powder Highlighted Ingredients: - Fermented Arnica: Visibly reduces redness and irritation - Hydraberry: Extracted from red raspberries, delivers immediate and long range skin hydration and supports the skin barrier - Plant Squalane: Nourishes and softens skin Ingredient Callouts: Free of parabens, formaldehydes, formaldehyde-releasing agents, phthalates, mineral oil, retinyl palmitate, oxybenzone, coal tar, hydroquinone, sulfates SLS & SLES, triclocarban, triclosan, and contains less than one percent synthetic fragrance. It is also vegan, gluten-free and cruelty-free. What Else You Need to Know: Ultra-soft, ultra-pigmented and ultra-viral, this silky smooth formula melts seamlessly to deliver a buildable rush of long-wearing color on any skin tone. It’s talc-free and skincare-infused with fermented arnica, vitamins C and E, plant squalane and shea butter. Research Results: Based on a 3rd party consumer perception study of 32 panelists after application: -100% agree it is weightless on skin -97% agree it does not feel cakey or drying -97% agree it provides dimension to cheeks Clean at Sephora is our commitment to offering effective products without certain ingredients, such as parabens, sulfates, phthalates, and mineral oils. Learn more here .","Suggested Usage: -Use the Haus Labs Dual-Ended Multi-Purpose Brush (sold separately) to apply and diffuse. -Build for intensity. -For an even more radiant, dimensional finish, top with any shade of Bio-Radiant Gel-Powder Highlighter with Fermented Arnica (sold separately).","Talc-free blush with redness reducing fermented arnica and hydrating squalane and hydraberry. One swipe, blendable color that lasts all day.",,422812.0,https://www.sephora.com/productimages/sku/s2760908-main-zoom.jpg?imwidth=270&pb=clean-at-sephora,4.6,1125,True,False,False,False,False,False,False,,2026-06-25T01:01:22.271782+00:00
P524689,REFY,Water Blush Liquid Cushion with Ceramides,,https://www.sephora.com/product/water-blush-P524689?skuId=2969715,"A sheer and hydrating water-based blush in a Korean-inspired cushion compact for a buildable, weightless wash of natural, skin-like color.","What it is: A sheer and hydrating water-based blush in a Korean-inspired cushion compact for a buildable, weightless wash of natural, skin-like color. Ingredient Callouts: It is vegan and cruelty-free. What Else You Need to Know: This skincare-infused, water-based blush melts seamlessly into skin for a dewy, fresh glow. The Korean-made cushion compact allows effortless, buildable application without streaking or patching. Pair it with the REFY Duo Brush 2.0 (sold separately) for seamless blending. This blush is lightweight, breathable, and designed for real life to enhance skin without looking like makeup.","Suggested Usage: -Using the REFY Duo Brush 2.0 (sold separately) or a fluffy blush brush, gently press into the cushion to release the formula. -Build onto the cheeks and sweep across the nose for a natural, sunkissed flush. -Firmly close the inner lid after each use to keep the formula fresh. -TIP: If the cushion feels drier over time, gently press down on the sponge to help release more formula from within.","A sheer and hydrating water-based blush in a Korean-inspired cushion compact for a buildable, weightless wash of natural, skin-like color.",,11056.0,https://www.sephora.com/productimages/sku/s2969715-main-zoom.jpg?imwidth=270,4.8571,28,True,True,False,False,False,False,False,,2026-06-25T01:01:30.685761+00:00
P514892,Tower 28 Beauty,GetSet® Blur + Set Matte Powder Blush,,https://www.sephora.com/product/getset-blur-set-matte-powder-blush-P514892?skuId=2843084,"The first-ever setting blush, combining the benefits of a setting powder with a richly pigmented blush for 12-hr fade-proof color and blurred skin, now available in two limited-edition shades made with Toni Bravo.","What it is: The first-ever setting blush, combining the benefits of a setting powder with a richly pigmented blush for 12-hr fade-proof color and blurred skin, now available in two limited-edition shades made with Toni Bravo. Finish: Matte Formulation: Pressed Highlighted Ingredients: - Kaolin Clay: Gentle on sensitive skin and controls shine. - Squalane: Delivers hydration + anti-inflammatory - Hydrophobic Silica: Improves sweat-resistance. Ingredient Callouts: Free of parabens, phthalates, and contains less than one percent synthetic fragrance. It is also vegan and cruelty-free. What Else You Need to Know: This clean, 100% talc-free formula sweeps on cheeks instantly blurring pores + smoothing texture with a splash of vibrant color in a matte finish. Like a setting powder, it has built-in shine control and is sweat-proof to help makeup last all day. Safe for sensitive skin, it’s also non-irritating, derm-approved, and clinically proven. 100% compliant with the National Eczema Association ingredient guidelines. Clinical Results: Based on a third-party test with 34 participants: - 94% agree that powder feels breathable - 94% agree skin looked smoother - 94% agree the powder controlled and reduced shine Clean Clean at Sephora is our commitment to offering effective products without certain ingredients, such as parabens, sulfates, phthalates, and mineral oils. Learn more here . This product is an Allure Best of Beauty award winner.",Suggested Usage: -Sweep on with a fluffy brush. -Pro tip: Apply on top of BeachPlease Luminous Cream Blush (sold separately) for an extra hit of color to lock it all in.,"The first-ever setting blush, combining the benefits of a setting powder with a richly pigmented blush for 12-hr fade-proof color and blurred skin, now available in two limited-edition shades made with Toni Bravo.",,182886.0,https://www.sephora.com/productimages/sku/s2843084-main-zoom.jpg?imwidth=270&pb=allure-2025-best-of-beauty-award-winner,4.5747,435,False,False,True,False,True,False,False,,2026-06-25T01:01:36.137391+00:00
P508264,Rare Beauty by Selena Gomez,Mini Soft Pinch Liquid Blush,,https://www.sephora.com/product/mini-soft-pinch-liquid-blush-P508264?skuId=2893329,"A weightless, long-lasting mini liquid blush that blends and builds beautifully for a soft, healthy flush.","What it is: Weightless, long-lasting liquid blush with up to 12-hour wear. Blends and builds beautifully for a soft, healthy flush in matte or dewy finishes. Ingredient Callouts: Free of parabens, formaldehydes, formaldehyde-releasing agents, phthalates, mineral oil, retinyl palmitate, oxybenzone, coal tar, hydroquinone, sulfates SLS & SLES, triclocarban, triclosan, and contains less than one percent synthetic fragrance. It is also cruelty-free and comes in recyclable packaging. What Else You Need to Know: This blush creates a pinch-perfect flush using this featherweight formula infused with long-lasting pigments that last all day. Available in matte or dewy finishes, this liquid blush blends beautifully to create soft, buildable color with a natural second-skin finish. This product is an Allure Best of Beauty award winner.",Suggested Usage: -Gently remove excess product from applicator. -Use the doe-foot applicator and place one or two dots on each cheek. -Use fingertips and gently pat into skin for a seamless finish.,"A weightless, long-lasting mini liquid blush that blends and builds beautifully for a soft, healthy flush.",,827796.0,https://www.sephora.com/productimages/sku/s2893329-main-zoom.jpg?imwidth=270&pb=allure-2022-bestofbeauty-badge,4.3624,1708,True,False,True,False,False,False,False,,2026-06-25T01:01:40.640503+00:00
P500253,Benefit Cosmetics,Silky-Soft Powder Blush,,https://www.sephora.com/product/box-o-powder-blush-P500253?skuId=2872166,"A silky-soft, buildable, blendable blush that feels ultrafine and weightless and gives a soft-focus, airbrushed effect.","What it is: A silky-soft, buildable, blendable blush that feels ultrafine and weightless and gives a soft-focus, airbrushed effect. Highlighted Ingredients: - Freshwater Pearl and Synthetic Sapphire: Provide a luminous, light-reflecting glow for skin that looks smooth and radiant. Ingredient Callouts: Free of parabens, formaldehydes, formaldehyde-releasing agents, phthalates, mineral oil, retinyl palmitate, oxybenzone, coal tar, hydroquinone, sulfates SLS & SLES, triclocarban, triclosan, and contains less than one percent synthetic fragrance. What Else You Need to Know: Benefit Cosmetics’ WANDERful World Blush collection features a versatile shade range that’s bursting with color. These blushes are sweatproof, humidity-proof, smudgeproof, and non-comedogenic. They build easily, blend seamlessly, and have a translucent base for immediate color payoff and no white cast.","Suggested Usage: -Swirl Benefit Cosmetics’ Multitasking Cheek Brush (sold separately) in blush and sweep onto cheeks. -Blend and build as desired on bare face or over makeup. Three ways to play with your favorite shade: -Apply to the apples of your cheeks for a classic, natural look. -For a sunkissed flush, sweep across your nose and cheeks. -Contour above your cheekbone for a subtle lift. For a full glam glow: -Pair your blush with Benefit Cosmetics’ award-winning Hoola matte bronzer and any of their highlighters like Dandelion Twinkle, Cookie, or Tickle (each sold separately). Pro tip: -Apply the shade Starlaa to eyelids as a flattering eyeshadow.","A silky-soft, buildable, blendable blush that feels ultrafine and weightless and gives a soft-focus, airbrushed effect.",,213409.0,https://www.sephora.com/productimages/sku/s2872166-main-zoom.jpg?imwidth=270,4.5915,2394,True,False,False,True,False,False,False,,2026-06-25T01:01:45.172862+00:00
P517095,ILIA,Soft Focus Blurring Blush - Talc-Free Powder Blush,,https://www.sephora.com/product/soft-focus-blurring-blush-P517095?skuId=2887974,"A talc-free, noncomedogenic blush that visibly blurs pores and smooths texture—for buildable, featherweight color that lasts up to 12 hours.","What it is: A talc-free, noncomedogenic blush that visibly blurs pores and smooths texture—for buildable, featherweight color that lasts up to 12 hours. Coverage: Light Formulation: Pressed Powder Highlighted Ingredients: - Soft Focus Complex: Blurs and smooths with the perfect ratio of light-filtering powders. - Edelweiss Extract: Visibly lifts and smooth, making skin look more youthful. lifts and smooths for a more youthful look. - Winged Kelp Extract: Is a potent replenisher that restores hydration and supports firmer-looking skin. Ingredient Callouts: This product is cruelty-free. What Else You Need to Know: Inspired by a blurring camera filter, this foolproof formula (previously found in the limited edition Ethereal Baked Face Palette) diffuses pores + texture with a blurred, dimensional finish. Light-filtering powders blend + build seamlessly—while skincare ingredients hydrate, smooth + firm over time. Clinical Results: In a clinical study of 52 people: Immediately: - 94% said it blurred and smoothed skin texture After 8 hours: - 94% said the color lasted all day After 28 days: - 94% said their skin looked smoother and more refined Clean at Sephora Clean at Sephora is our commitment to offering effective products without certain ingredients, such as parabens, sulfates, phthalates, and mineral oils. Learn more here .","Suggested Usage: -Dip the ILIA Precision Powder Brush (sold separately) into the compact and tap off any excess. -Sweep onto cheeks in soft, circular motions. -Apply in layers for more intense color payoff. -Layer under or over the ILIA Multi-Stick (sold separately) for a custom flush. Recycling Instructions: -Place the paper carton in your recycling bin -Pop out the blush tray and discard -Drop the compact in your recycling bin, or recycle via Pact","A talc-free, noncomedogenic blush that visibly blurs pores and smooths texture—for buildable, featherweight color that lasts up to 12 hours.",,88544.0,https://www.sephora.com/productimages/sku/s2887974-main-zoom.jpg?imwidth=270&pb=clean-at-sephora,4.82,811,False,False,False,False,False,False,False,,2026-06-25T01:01:50.262901+00:00
P515519,Rare Beauty by Selena Gomez,Soft Pinch Matte Bouncy Blush,,https://www.sephora.com/product/soft-pinch-matte-bouncy-blush-P515519?skuId=2936425,"A cushiony, cream-to-powder blush that gives the dreamiest flush of color with a lasting, blurred-matte finish.","What it is: A cushiony, cream-to-powder blush that gives the dreamiest flush of color with a lasting, blurred-matte finish. Ingredient Callouts: Free of parabens, formaldehydes, formaldehyde-releasing agents, phthalates, mineral oil, retinyl palmitate, oxybenzone, coal tar, hydroquinone, sulfates SLS & SLES, triclocarban, triclosan, and contains less than one percent synthetic fragrance. It is also cruelty-free. What Else You Need to Know: This bouncy, buildable formula has a putty-like texture that blends like cream and blurs like powder. It gives cheeks an airy, cloud-like flush with a smooth, weightless matte finish that won’t settle, emphasize texture, or dry out your skin. It’s water-, sweat-, and humidity-resistant and won’t transfer or smudge. Clinical Results: In an independent consumer perception study of 55 people: - 100% said it blends seamlessly and doesn’t drag upon application - 100% said it instantly blurs skin - 100% said it doesn’t settle into creases or emphasize skin texture This product is an Allure Best of Beauty award winner.","Suggested Usage: -Use your fingertips or the Soft Pinch Blush Brush (sold separately) to apply the blush directly onto your skin. Build as desired. -For best results, be sure to apply to skin that is prepped and hydrated with moisturizer.","A cushiony, cream-to-powder blush that gives the dreamiest flush of color with a lasting, blurred-matte finish.",,204955.0,https://www.sephora.com/productimages/sku/s2936425-main-zoom.jpg?imwidth=270&pb=allure-2025-best-of-beauty-award-winner,4.8629,1677,False,False,True,False,False,False,False,,2026-06-25T01:01:54.740892+00:00
P433005,SEPHORA COLLECTION,Sephora Colorful® Blush,,https://www.sephora.com/product/sephora-colorful-blush-P433005?skuId=2496065,An intensely pigmented blush with a superfine texture.,"What it is: An intensely pigmented blush with a superfine texture. Coverage: Medium Formulation: Pressed Powder Ingredient Callouts: This product is vegan. What Else You Need to Know: Thanks to its superfine texture, this buildable blush delivers powerful color with just one swipe. It comes in a variety of vibrant shades with both matte and shimmer finishes to instantly awaken all skin tones.","Suggested Usage: -For the perfect application, use with Blush Brush 04 (sold separately). -For an even longer-lasting result, finish with a few pumps of All Day Makeup Setting Spray (sold separately). -For a sunkissed look, start by spreading some color along the top of your cheekbone. Without lifting the brush, swipe across the bridge of your nose to your other cheekbone. The line you’ve drawn should be roughly parallel to the ground. Blend in for a more natural finish. -For a lifting effect, start at the middle of your cheek, at iris level. (You want to avoid coloring the apple of your cheek.) Extend to your temple using an upward motion.",An intensely pigmented blush with a superfine texture.,,412731.0,https://www.sephora.com/productimages/sku/s2496065-main-zoom.jpg?imwidth=270&pb=2023-03-sephora-value-2023,4.2295,658,False,False,True,False,False,False,False,,2026-06-25T01:01:58.952516+00:00
P516566,MAKEUP BY MARIO,Soft Pop Cream Blush Stick,,https://www.sephora.com/product/soft-pop-blush-stick-P516566?skuId=2867638,"A dual-ended blush stick with medium, buildable coverage for a soft pop of color and a dewy finish—new packaging and brush, same iconic formula.","What it is: A dual-ended blush stick with medium, buildable coverage for a soft pop of color and a dewy finish—new packaging and brush, same iconic formula. Ingredient Callouts: Free of parabens, formaldehydes, formaldehyde-releasing agents, phthalates, retinyl palmitate, oxybenzone, coal tar, hydroquinone, sulfates SLS & SLES, triclocarban, and triclosan. It is also cruelty-free. What Else You Need to Know: This easy-to-use cream blush is Mario’s favorite way to add a healthy-looking flush of color to the cheeks with natural radiance. The emollient-infused formula is ideal for all skin types, feels comfortable all day, and offers a fresh look with a soft pop. It features a custom brush for effortless blending.","Suggested Usage: -Smile softly to find the apples of your cheeks and apply the blush stick to the higher part of the apples towards the hairline. -Gently blend outward toward the hairline with the built-in brush to lift. -The new brush is angled with soft bristles to effortlessly blend and diffuse product. -Thoughtfully designed, the brush is removable for convenient cleaning.","A dual-ended blush stick with medium, buildable coverage for a soft pop of color and a dewy finish—new packaging and brush, same iconic formula.",,54139.0,https://www.sephora.com/productimages/sku/s2867638-main-zoom.jpg?imwidth=270,4.7846,520,False,False,True,False,False,False,False,,2026-06-25T01:02:03.146717+00:00
P511567,Armani Beauty,Cheek Tint Longwear Lightweight Liquid Blush,,https://www.sephora.com/product/giorgio-armani-beauty-luminous-silk-cheek-tint-P511567?skuId=2947760,A lightweight liquid blush that quickly melts into skin to deliver a luminous flush of color—for a glowing makeup look that lasts up to 12 hours.,What it is: A lightweight liquid blush that instantly melts into skin and delivers a flush of color that lasts up to 12 hours in both natural and radiant shades. Coverage: Light Finish: Natural Formulation: Liquid What Else You Need to Know: This hydrating blush tint is made with Micro–fil™ technology to allow the formula to seamlessly blend into the skin without looking patchy. The blush is buildable to achieve either a healthy flush of color or a sunkissed look. This product is an Allure Best of Beauty award winner.,"Suggested Usage: -Using the precision tip applicator, apply one dot to the apples of the cheeks and blend using fingertips or brush for a natural flush of color. -For a sunkissed look, apply two dots onto high points of cheekbones, blending upwards. Sweep excess across bridge of nose, forehead, and chin. -For maximum payoff and glow, layer any cheek tint with Luminous Silk Glow Blush in shade 50 (sold separately). -Can also be applied to lips for a flush of color.",A lightweight liquid blush that quickly melts into skin to deliver a luminous flush of color—for a glowing makeup look that lasts up to 12 hours.,,269430.0,https://www.sephora.com/productimages/sku/s2947760-main-zoom.jpg?imwidth=270,4.6608,2329,True,False,False,False,False,False,False,,2026-06-25T01:02:06.693262+00:00
P506130,MAKEUP BY MARIO,Soft Pop Plumping Cream Blush Veil,,https://www.sephora.com/product/soft-pop-plumping-blush-veil-P506130?skuId=2783231,A weightless cream blush that is made with hyaluronic acid to hydrate and plump skin with a sheer veil of color.,"What it is: A weightless cream blush that is made with hyaluronic acid to hydrate and plump skin with a sheer veil of color. Coverage: Light Finish: Radiant Formulation: Cream Highlighted Ingredients: - Hyaluronic Acid: Plumps and hydrates skin with a volumizing effect. - Pearlescent Pigments: Create a subtle luminous finish. Ingredient Callouts: Free of parabens, formaldehydes, phthalates, retinyl palmitate, oxybenzone, coal tar, hydroquinone, sulfates SLS & SLES, triclocarban, and contains less than one percent synthetic fragrance. It is also vegan and cruelty-free. What Else You Need to Know: This sheer formula is made with hyaluronic acid to plump and hydrate while enhancing cheeks with a dewy finish. The noncomedogenic blush grips the skin while pearlescent pigments create a luminous finish for the perfect ‘no-makeup makeup’ effect.","Suggested Usage: -Apply the Soft Pop Plumping Blush Veil over the SoftSculpt™ Transforming Skin Enhancer (sold separately) or your favorite base for a warm, dewy look. -Work the F1 Brush until hairs are evenly coated, then apply onto the apples of the cheeks, blending up towards the temple. Apply with fingertips for an even more natural effect. Pro Tip: -Apply the Soft Pop Plumping Blush Veil over your favorite setting powder for a luminous last step or set it with Soft Pop Powder Blush for a full-coverage finish. -Dab onto lips for a monochromatic pop of color.",A weightless cream blush that is made with hyaluronic acid to hydrate and plump skin with a sheer veil of color.,,426069.0,https://www.sephora.com/productimages/sku/s2783231-main-zoom.jpg?imwidth=270,4.619,1378,True,False,False,False,False,False,False,,2026-06-25T01:02:12.871638+00:00
P516850,Charlotte Tilbury,Unreal Lip + Cheek Glow Blush Stick with Hyaluronic Acid,,https://www.sephora.com/product/unreal-blush-P516850?skuId=2868123,"An ultra-hydrating, luminous blush with buildable and blendable color that lasts up to eight hours on cheeks and lips.","What it is: An ultra-hydrating, luminous blush with buildable and blendable color that lasts up to eight hours on cheeks and lips. Highlighted Ingredients: - Collageneer: Visibly firms and smooths. - Multi-Molecular Weight Hyaluronic Acid: Intensely moisturizes and hydrates for up to 24 hours. - Color Light-Mapping Mesh Technology: Pearlescent pigments diffuse light for a dream-sheen luminous finish. Ingredient Callouts: Free of parabens, formaldehydes, formaldehyde-releasing agents, phthalates, retinyl palmitate, oxybenzone, coal tar, hydroquinone, sulfates SLS & SLES, triclocarban, triclosan, and contains less than one percent synthetic fragrance. It is also vegan and cruelty-free. What Else You Need to Know: Charlotte Tilbury's Unreal Blush is supercharged with skin-loving ingredients that hydrate and visibly plump while delivering long-lasting color for a buttery-smooth application. This easy-to-use formula features microfine pearlescent pigments for a glazed sheen and luminous pop of color on cheeks and lips. Clinical Results: In a test with 33 people, results show the blush: - Instantly moisturizes - Locks in hydration for up to 24 hours - Helps strengthen the skin barrier In a test with 33 people, after 1 application: - Skin looks 89% smoother In a user trial with 210 people, over 1 week: - 93% agree it is mistake-proof - 94% agree it provides a natural-looking pop of color and a second-skin finish - 97% agree it feels weightless",Suggested Usage: -Build and blend across cheeks and/or lips with your finger or a brush for an unreal pop of color. -Tilbury tip: Apply across the bridge of your nose to mimic a natural sunkissed glow.,"An ultra-hydrating, luminous blush with buildable and blendable color that lasts up to eight hours on cheeks and lips.",,116545.0,https://www.sephora.com/productimages/sku/s2868123-main-zoom.jpg?imwidth=270,4.671,614,False,False,True,False,False,False,False,,2026-06-25T01:02:17.818965+00:00
P515371,Glow Recipe,Watermelon Glow Niacinamide Dewy Flush - Brightening Serum Blush,,https://www.sephora.com/product/watermelon-glow-niacinamide-dewy-flush-brightening-serum-blush-P515371?skuId=2914901,"A tinted cheek serum that visibly plumps cheeks, brightens dark spots, and hydrates while providing a buildable, natural flush of color.","What it is: A tinted cheek serum that visibly plumps cheeks, brightens dark spots, and hydrates while providing a buildable, natural flush of color. Skin Type: Normal, Dry, Combination Skincare Concerns: Pores, Dark Spots, Dryness Benefits: Brightening, Hydrating Ingredient Callouts: Free of parabens, formaldehydes, formaldehyde-releasing agents, phthalates, mineral oil, retinyl palmitate, oxybenzone, coal tar, hydroquinone, sulfates SLS & SLES, triclocarban, triclosan, and contains less than one percent synthetic fragrance. What Else You Need to Know: This Korean skincare innovation delivers a soft flush of color to cheeks while being powered by 100% skincare. It's unique sheer, dewy, yet buildable formula clinically brightens dark spots, improves texture, minimizes pores, and hydrates. Clinical Results: In a consumer-use study with 32 participants during a four-week period showed immediately: - 100% improved skin moisture - 100% agree Dewy Flush applies seamlessly to skin and feels weightless on skin - 90% said skin looked smoother and it did not emphasize pores Based on a consumer use study of 32 participants after four weeks: - 97% agree skin looks and feels hydrated - 90% agree Dewy Flush leaves skin looking glowing and dewy - 94% of panelists showed improvement in hyperpigmentation",Suggested Usage: -Use the doe-foot to dab Dewy Flush onto each cheek. -Build and layer to desired flush. -Gently pat into skin with your fingertips for a naturally dewy flush—no brush or expertise needed! -Glow tip: Apply Dewy Flush on the lips for a matching flush of color.,"A tinted cheek serum that visibly plumps cheeks, brightens dark spots, and hydrates while providing a buildable, natural flush of color.",,201133.0,https://www.sephora.com/productimages/sku/s2914901-main-zoom.jpg?imwidth=270&pb=clean-planet-aware,4.6123,1153,False,False,True,False,False,False,False,,2026-06-25T01:02:22.364025+00:00
P518601,HUDA BEAUTY,Blush Filter Blurring Blushlighters Palette,,https://www.sephora.com/product/huda-beauty-blush-filter-blurring-blushlighter-palette-P518601?skuId=2954642,A limited-edition blush palette with three ultra-pigmented matte powder blushes and a highlighter—wear alone or swirl shades for an ethereal look.,"What it is: A limited-edition ethereal blush palette with three ultra-pigmented matte powder blushes and one highlighter—wear alone or swirl shades for an ethereal look. Coverage: Light Ingredient Callouts: This product is cruelty-free. What Else You Need to Know: HUDA BEAUTY’S first ever powder blush! These buildable blushes are so easy to use with ultra-pigmented powder matte and pearl ‘blushlighter’ formulas. Designed for multi-use, these matte blushes deliver buildable pigments for effortless color payoff, topped off with a highlighting shade for a soft-focus, blurred, and filtered finish. Available in four palettes, each has one shade that matches a shade from HUDA BEAUTY’S Liquid Blush Filter for easy layering and intensity. These include: Cotton Candy in Baby Pink, Sunset Lychee in Toasty Peach, Strawberry Cream in Rose Berry, and Latte in Strawberry Latte. This Palette Contains: - 4 x Blushlighters","Suggested Usage: -Use an angled brush to apply each shade individually or swirl all shades in Blush Filter Palette for an Ethereal blush look. -On the high points of your face, like the cheekbones, bridge of the nose, and cupid’s bow, top off with blushlighter for a multidimensional glow. -For more intensity, layer on top of your fave Blush Filter Liquid Blush shade HUDA’S FAVE PALETTE Rose Berry.",A limited-edition blush palette with three ultra-pigmented matte powder blushes and a highlighter—wear alone or swirl shades for an ethereal look.,,115654.0,https://www.sephora.com/productimages/sku/s2954642-main-zoom.jpg?imwidth=270,4.6402,984,True,True,True,False,False,False,False,,2026-06-25T01:02:26.104185+00:00
P504072,Too Faced,Cloud Crush Blurring Powder Blush,,https://www.sephora.com/product/too-faced-cloud-crush-blurring-powder-blush-P504072?skuId=2642502,"An ultrasmooth, airy, and blurring blush infused with a flower extract blend, available in diffused satin and matte finishes.","What it is: An ultrasmooth, airy, and blurring blush infused with a flower extract blend, available in diffused satin and matte finishes. Coverage: Light Finish: Natural Formulation: Pressed Powder Ingredient Callouts: Free of parabens. It is also cruelty-free. What Else You Need to Know: This cushiony velvet powder smells like a tropical beach and offers a seamless wash of buildable, rejuvenating color for a natural blurring effect with a soft, second-skin feel that wears like a dream. The buildable, blendable formula is made with 93 percent naturally derived ingredients.","Suggested Usage: -Using a blush brush, mark an ""X"" shape on the apple of the cheek. Then, blend out in an ""O"" motion. Repeat until the color payoff is achieved. -Less is more. Apply in light layers and build until desired look is achieved. Pro Tip: Apply blush for your signature face shape. -Place and blend blush in the Signature Move Technique of ""X"" and ""O."" -For a round face shape, place blush in an angle along the highlight points of the cheeks, blending into the cheek. -For an oval face shape, place blush in a vertical angle from the top of the cheek down to the apple of the cheeks. -For a square face shape, place blush starting at the apple of the cheek and blend across to the ear. The angle should be in a straight horizontal line. -For a heart face shape, place blush at the apple of the cheeks and sweep upward to the top of the ear in a vertical line.","An ultrasmooth, airy, and blurring blush infused with a flower extract blend, available in diffused satin and matte finishes.",,260689.0,https://www.sephora.com/productimages/sku/s2642502-main-zoom.jpg?imwidth=270,4.4671,987,False,False,False,False,False,False,False,,2026-06-25T01:02:31.020521+00:00
P512289,MAC Cosmetics,Glow Play Cushiony Lightweight Buildable Blurring Blush,,https://www.sephora.com/product/mac-cosmetics-glow-play-cushiony-blush-P512289?skuId=2807055,"A velvety, buildable blush that provides glowy color in a lightweight formula with skin-conditioning ingredients.","What it is: A velvety, buildable blush that provides glowy color in a lightweight formula with skin-conditioning ingredients. Formulation: Cream Highlighted Ingredients: - Jojoba and Grape Seed Oils: Condition skin. - Vitamin E: Provides a smooth, comfortable feel. Ingredient Callouts: Free of parabens and phthalates. It is also vegan. What Else You Need to Know: This buildable, glowy blush blurs the look of pores and adds a natural-looking flush of color to cheeks or lips—no mirror needed. The fingertip-friendly, velvety formula features skin-conditioning jojoba and grape seed oils, plus vitamin E for a smooth, comfortable feel.","Suggested Usage: -Smooth blush over cheeks or lips with your fingertips, or use a cheek brush if desired.","A velvety, buildable blush that provides glowy color in a lightweight formula with skin-conditioning ingredients.",,58184.0,https://www.sephora.com/productimages/sku/s2807055-main-zoom.jpg?imwidth=270,4.6263,463,False,False,False,False,False,False,False,,2026-06-25T01:02:34.814928+00:00
P518147,Summer Fridays,Blush Butter Balm Hydrating Cream Blush with Peptides,,https://www.sephora.com/product/blush-butter-balm-P518147?skuId=2879328,A buttery blush infused with skincare ingredients that blends effortlessly into the skin for a sheer flush of dewy color.,"What it is: A buttery blush infused with skincare ingredients that blends effortlessly into the skin for a sheer flush of dewy color. Highlighted Ingredients: - Ceramides + Peptides: Support a healthy moisture barrier, helping to smooth and plump the skin. - Trio of Butters (Shea Butter, Mango Seed, and Illipe): Enriched with essential fatty acids to create a creamy, hydrating texture. - Hyaluronic Acid: Acts as a moisture magnet to plump out fine lines. Ingredient Callouts: Free of parabens, phthalates, and sulfates SLS & SLES. It is also vegan and cruelty-free. What Else You Need to Know: Available in six dewy shades, this cream blush delivers long-lasting, buildable color and is formulated with a trio of butters and hyaluronic acid for moisture-locking hydration. Research Results: - 100% agreed it was blendable + buildable on their skin* - 100% agreed it gave them a healthy + radiant appearance* - 93% agreed it lasted on their skin* *In a consumer perception study of 32 participants aged 18-50.","Suggested Usage: -Using a brush, sponge, or your fingertips, blend into cheeks or lips for a flush of color.",A buttery blush infused with skincare ingredients that blends effortlessly into the skin for a sheer flush of dewy color.,,115843.0,https://www.sephora.com/productimages/sku/s2879328-main-zoom.jpg?imwidth=270&pb=clean-at-sephora,4.7799,768,False,False,False,False,False,False,False,,2026-06-25T01:02:39.002119+00:00
P506281,Westman Atelier,Mini Petite Baby Cheeks Lip + Cheek Cream Blush Stick,,https://www.sephora.com/product/westman-atelier-mini-petite-baby-cheeks-lip-cheek-cream-blush-stick-P506281?skuId=2670990,"A clean, natural flush for cheeks with a buildable, hydrating finish that complements all skin tones—in a petite, portable, travel-ready size.","What it is: A healthy flush of clean color in just one swipe. The creamy, blendable formula melds with skin for a hydrating, natural finish. Coverage: Medium Finish: Natural Formulation: Stick Highlighted Ingredients: - Jojoba Seed Oil: Improves hydration and allows for seamless blendability. - Raspberry Leaf Stem Cell Extract: Boosts hydration, moisturizes deeply. - Biomimicry Pigment Technology: Mimics the structure of skin’s ceramides for nourishing payoff that lasts. Ingredient Callouts: This product is vegan and cruelty-free. What Else You Need to Know: The multi-use formula for cheeks and lips is infused with hydrating ingredients for a flushed-from-within pop of color. Biomimicry pigment technology boosts pigment payoff and makes layering over liquid or powder formulas effortless. Mix and match these ultra flattering shades to your mood. Clean at Sephora is our commitment to offering effective products without certain ingredients, such as parabens, sulfates, phthalates, and mineral oils. Learn more here .",Suggested Usage: Gucci Westman's Tip: Work in a small oval motion blending up and outward as you go. For Cheeks: Apply the stick directly to skin or dab onto Westman Atelier Baby Blender Brush or fingers. Gently blend onto the middle of your cheekbone. For Lips: Pop onto lips for a monochromatic look and juicy pop of color,"A clean, natural flush for cheeks with a buildable, hydrating finish that complements all skin tones—in a petite, portable, travel-ready size.",,149334.0,https://www.sephora.com/productimages/sku/s2670990-main-zoom.jpg?imwidth=270&pb=clean-at-sephora,4.2957,301,True,False,False,False,False,False,False,,2026-06-25T01:02:42.931507+00:00
P504051,Danessa Myricks Beauty,Yummy Skin Blurring Balm Powder Flushed - Matte Color for Cheek & Lip,,https://www.sephora.com/product/danessa-myricks-beauty-yummy-skin-blurring-balm-powder-flushed-P504051?skuId=2836625,"A buildable, soft matte formula that blurs and smooths cheek and lip with all day wear.","What it is: Inspired by our award-winning Blurring Balm Powder, this buildable, soft matte formula blurs and smooths cheek and lip with all day wear. Highlighted Ingredients: - Upsalite: Supports and absorbs excess sebum and sweat while maintaining skin hydration. - Olive-Derived Squalane: Known to support oil production and diminish visible signs of aging. - Hyaluronic Acid: Promotes skin hydration. Ingredient Callouts: Free of parabens, formaldehydes, formaldehyde-releasing agents, phthalates, mineral oil, retinyl palmitate, oxybenzone, coal tar, hydroquinone, sulfates SLS & SLES, triclocarban, triclosan, and contains less than one percent synthetic fragrance. It is also vegan, gluten-free, cruelty-free, and comes in recyclable packaging. What Else You Need to Know: This powder is formulated with upsalite technology for unrivaled blurring and oil control. This Swedish technology creates a soft focus, smoothing effect on pores and fine lines. Create the perfect flush of color on cheeks and lips with ease. This product is an Allure Best of Beauty award winner.","Suggested Usage: It's as simple as SWIRL, PRESS, TAP to BLEND & BLUR. -Swirl your fingers or a brush into the color. - Then, press onto your cheeks & lips. - Next, tap and blend for a fearless flush. -Repeat this step as many times as you’d like to build color.","A buildable, soft matte formula that blurs and smooths cheek and lip with all day wear.",,249825.0,https://www.sephora.com/productimages/sku/s2836625-main-zoom.jpg?imwidth=270,4.7984,1369,False,False,False,False,False,False,False,,2026-06-25T01:02:45.840646+00:00
P384963,Hourglass,Ambient Lighting Blush Collection,,https://www.sephora.com/product/ambient-lighting-blush-collection-P384963?skuId=2378586,A groundbreaking hybrid that combines the customized lighting effects of Ambient Lighting Powder or Strobe Powder with a spectrum of breathtakingly modern hues.,"What it is: A groundbreaking hybrid that combines the customized lighting effects of Ambient Lighting Powder or Strobe Powder with a spectrum of breathtakingly modern hues. What it does: While traditional blush tends to be flat, the Ambient® Lighting Blush Collection uses Photoluminescent Technology to exhibit depth and dimension with seamless blending. The handmade powders are formulated using an advanced miscelare techniquewhich means ""to mix"" in Italiancreating the perfect balance of pigment and powder. No two look alike. The Ambient® Lighting Blush Collection features airy, lightweight blushes to flatter a range of skin tones. Hourglass’s original collection of Ambient® Lighting Blush fuses universally flattering Ambient Lighting Powders with vivid cheek colors for soft-focus, multidimensional color with a naturally radiant finish. The new collection of Ambient Strobe Lighting Blush fuses the illuminating effects of Ambient Strobe Lighting Powder with modern color to brighten cheeks for glowing, lit-from-within color with a shimmer finish. What it is formulated WITHOUT: - Parabens - Sulfates - Phthalates What else you need to know: The optically transparent particles alter the appearance of the skin by manipulating and refracting favorable light. The result is skin that looks smooth, even, and enhancednot masked. The soft-focus technology helps to minimize the look of wrinkles and imperfections, neutralize discoloration, and emulate the appearance of young, healthy skin. ""Traditional blush can read as flat, and so I was inspired to create something that was far more seamless. The Ambient Lighting Blush Collection fuses two advanced formulas to create something entirely new. It’s unlike any other product on the market.""Carisa Janes, Hourglass Brand Founder Hourglass products are 100 percent cruelty-free.",Suggested Usage: -Use the Hourglass No.2 Foundation/Blush Brush and swirl the entire blush tile with your brush to pick up the perfect balance of pigment and powder. -Apply to cheeks and blend upward.,A groundbreaking hybrid that combines the customized lighting effects of Ambient Lighting Powder or Strobe Powder with a spectrum of breathtakingly modern hues.,,440722.0,https://www.sephora.com/productimages/sku/s2378586-main-zoom.jpg?imwidth=270,4.5094,2299,False,False,False,False,False,False,False,,2026-06-25T01:02:50.291492+00:00
P511166,NARS,Mini Talc-Free Powder Blush,,https://www.sephora.com/product/nars-mini-talc-free-powder-blush-P511166?skuId=2756062,"A pressed powder blush that is now in an upgraded formula that lasts for up to 16 hours and features a true-color payoff with a comfortable, weightless feel.","What it is: A fan fave mini pressed powder blush, now in an upgraded talc-free formula that lasts for up to 16 hours, featuring true-color payoff with a comfortable, weightless feel. Highlighted Ingredients: - Naturally-Derived and Mineral-Based Pigments: Deliver true-color payoff and ensure a high-impact effect. - Pearlescent Pigments: Blurs the look of imperfections. - Superfine, Micronized Pigments: Provide an irresistibly silky, blendable application. Ingredient Callouts: Free of parabens, formaldehydes, formaldehyde-releasing agents, phthalates, mineral oil, retinyl palmitate, oxybenzone, coal tar, hydroquinone, sulfates SLS & SLES, triclocarban, triclosan. What Else You Need to Know: Blush lasts for up to 16 hours with a comfortable, weightless feel. Pure Pigment Blend, an innovative combination of four types of pigment, achieves high-impact, true-color payoff. Irresistibly silky, blendable formula glides on smoothly and evenly while helping to blur the look of imperfections.","Suggested Usage: - Start application where the strongest color impact is desired; the strongest color payoff will be at the first point of brush contact to skin. - For a natural rush of color, gently buff color onto skin using sweeping circular motions with NARS #16 Blush Brush for more color payoff, or NARS Yachiyo Brush for softer color payoff (brushes sold separately). - For a seamless pop of color, layer two shades of Blush. Start with a base color in a shade that gives a subtle color to the cheeks. Layer a brighter shade in a similar tone on the apples of the cheek, then blend edges to diffuse into base color. - For a touch-up or additional coverage, use a stippling motion when applying Blush to press color onto skin without disrupting coverage already created.","A pressed powder blush that is now in an upgraded formula that lasts for up to 16 hours and features a true-color payoff with a comfortable, weightless feel.",,82050.0,https://www.sephora.com/productimages/sku/s2756062-main-zoom.jpg?imwidth=270&pb=allure-2024-bestofbeauty,3.3882,152,False,False,False,False,False,False,False,,2026-06-25T01:02:54.777392+00:00
P516161,MAKEUP BY MARIO,Mini Soft Pop Blush Stick,,https://www.sephora.com/product/mini-soft-pop-blush-stick-P516161?skuId=2867588,This mini cream blush stick offers medium buildable coverage for a soft pop of color with a dewy finish ideal for all skin types.,"What it is: This mini cream blush stick offers medium buildable coverage for a soft pop of color with a dewy finish ideal for all skin types. Coverage: Medium Formulation: Cream Ingredient Callouts: Free of parabens, formaldehydes, formaldehyde-releasing agents, phthalates, retinyl palmitate, oxybenzone, coal tar, hydroquinone, sulfates SLS & SLES, triclocarban, and triclosan. It is also vegan, gluten-free, and cruelty-free. What Else You Need to Know: This easy-to-use mini cream blush stick is Mario’s favorite way to add a healthy-looking flush of color to the cheeks and leave skin looking naturally radiant. The noncomedogenic, emollient-infused formula feels comfortable all day and offers a fresh finish with no oily sensation.",Suggested Usage: -Smile softly to find the apples of your cheeks and apply the blush stick to the higher part of the apples towards the hairline. -Gently blend outward toward the hairline with your fingers or blend with the F1 Brush (sold separately).,This mini cream blush stick offers medium buildable coverage for a soft pop of color with a dewy finish ideal for all skin types.,,58915.0,https://www.sephora.com/productimages/sku/s2867588-main-zoom.jpg?imwidth=270,4.7846,520,False,False,True,False,False,False,False,,2026-06-25T01:03:00.057258+00:00
P468431,Westman Atelier,Baby Cheeks Lip + Cheek Cream Blush Stick,,https://www.sephora.com/product/westman-atelier-baby-cheeks-blush-stick-P468431?skuId=2434165,"A clean, baby-fresh color for cheeks, lips, and lids with a hydrating finish that complements all skin tones.","What it is: A healthy flush of clean color in just one swipe. The creamy, blendable formula melds with skin for a hydrating, natural finish. Coverage: Medium Finish: Natural Formulation: Stick Highlighted Ingredients: - Jojoba Seed Oil: Improves hydration and allows for seamless blendability. - Raspberry Leaf Stem Cell Extract: Boosts hydration, moisturizes deeply. - Biomimicry Pigment Technology: Mimics the structure of skin’s ceramides for nourishing payoff that lasts. Ingredient Callouts: This product is cruelty-free. What Else You Need to Know: The multi-use formula for cheeks and lips is infused with hydrating ingredients for a flushed-from-within pop of color. Biomimicry pigment technology boosts pigment payoff and makes layering over liquid or powder formulas effortless. Mix and match these ultra flattering shades to your mood. Clean at Sephora is our commitment to offering effective products without certain ingredients, such as parabens, sulfates, phthalates, and mineral oils. Learn more here .",Suggested Usage: -Gucci Westman's Tip: Work in a small oval motion blending up and outward as you go. -For cheeks: Apply the stick directly to skin or dab onto Westman Atelier Baby Blender Brush or fingers. Gently blend onto the middle of your cheekbone. -For Lips: Pop onto lips for a monochromatic look and juicy pop of color.,"A clean, baby-fresh color for cheeks, lips, and lids with a hydrating finish that complements all skin tones.",,261987.0,https://www.sephora.com/productimages/sku/s2434165-main-zoom.jpg?imwidth=270&pb=clean-at-sephora,4.5482,726,False,False,False,False,False,False,False,,2026-06-25T01:03:04.996309+00:00
P504521,Glossier,Cloud Paint Gel Cream Blush,,https://www.sephora.com/product/glossier-cloud-paint-gel-cream-blush-P504521?skuId=2649390,"An easy-to-use, buildable gel-cream blush for a sunset-inspired flush so natural, it’s like your skin made it.","What it is: An easy-to-use, buildable gel-cream blush for a sunset-inspired flush so natural, it’s like your skin made it. Coverage: Light Formulation: Cream Highlighted Ingredients: - Soluble Collagen: Retains water and leaves cheeks looking fresh and dewy. - Smooth Gel System: Has a lightweight gel-cream texture for silky, even application. - Blurring Powder Pigments: Give a soft, diffused, seamless finish with no streakiness. Ingredient Callouts: It is cruelty-free. What Else You Need to Know: This lightweight gel-cream blush uses sheer, buildable pigments for finger-first, easy application. Its special blurring formula creates a soft, smooth, dewy glow without emphasizing pores or texture. If you can finger paint, you can Cloud Paint—for a sunset-inspired flush.",Suggested Usage: -Gently squeeze a tiny dot of blush onto fingers. -Dab your fingertips directly onto skin to blend. -Apply blush directly to the apples of your cheeks and then blend up and out. -Team tip: mix multiple shades of blush together to create a custom cheek shade. Combine shades on the back of your hand before applying to cheeks.,"An easy-to-use, buildable gel-cream blush for a sunset-inspired flush so natural, it’s like your skin made it.",,310924.0,https://www.sephora.com/productimages/sku/s2649390-main-zoom.jpg?imwidth=270,4.2482,1257,True,False,True,False,False,False,False,,2026-06-25T01:03:09.888488+00:00
P505541,Saie,Glow Sculpt Multi-Use Cream Highlighting Blush,,https://www.sephora.com/product/saie-the-glow-sculpt-P505541?skuId=2679462,"A silky cream formula that achieves a radiant, lifted effect while moisturizing and nurturing skin.","What it is: This silky cream blush-highlighter hybrid is talc free and melts in for a radiant, lifted effect while moisturizing and nourishing skin. Highlighted Ingredients: - Kukui Oil: Moisturizes, soothes, and nurtures skin. - Hyaluronic Acid: Locks in moisture for hydrated skin. - Micropearl: Finely milled particles of mica create a radiant, lifted effect without glitter. Ingredient Callouts: This product is vegan, gluten-free, cruelty-free, and comes in recyclable packaging. What Else You Need to Know: These clean pigments blend with fine micropearls to create the ultimate buildable shimmery blush or sculpting glowy highlighter. Formulated with hydrating Hyaluronic Acid and moisturizing Kukui Oil, Glow Sculpt’s formula leaves a weightless, diffused glow that’s never chalky or glittery. This product is an Allure Best of Beauty award winner. Products formulated without certain ingredients, including parabens, sulfates, phthalates, and mineral oils, from brands that have met our specific criteria for ingredient sourcing and formulation, packaging, environmental commitments, and consumer transparency. Learn more here . This product is an Allure Best of Beauty award winner.","Suggested Usage: -After applying your typical complexion routine, layer Glow Sculpt on top. Glow Sculpt stacks nicely on top of or below your blush or bronzer. -Use your fingertips or The Double Brush, specifically designed for Glow Sculpt, for seamless application anywhere you want to add a touch of blushy glow like the high points of cheekbones, cupid's bow, or bridge of nose. The large end of the brush works to sculpt the cheeks while the smaller end works for precise application like highlighting. Saie's Makeup Artist Tips: -Layer on Glow Sculpt to achieve higher impact blushy glow -Stack multiple Glow Sculpt shades together for mult-dimensional look -If you notice creasing, tap with finger or small end of The Double Brush (sold separately) to blend back into skin. Recycling Instructions: -Glow Sculpt is made from 50 percent PCR. -Once your Glow Sculpt is empty, remove the empty pan out of your compact and recycle with aluminum recycling. Refill Product Instructions: -Pop the empty pan out of your Glow Sculpt compact. -Refill with your favorite shade or try a new one. -Insert your refill into the magnetic well and you're ready to glow.","A silky cream formula that achieves a radiant, lifted effect while moisturizing and nurturing skin.",,147246.0,https://www.sephora.com/productimages/sku/s2679462-main-zoom.jpg?imwidth=270&pb=allure-2024-bestofbeauty,4.4329,462,True,False,True,False,False,False,False,,2026-06-25T01:03:14.657698+00:00
P521356,Prada,Touch Cream-To-Powder Soft Blur Longwear Blush,,https://www.sephora.com/product/prada-touch-cream-to-powder-soft-blur-longwear-blush-P521356?skuId=2952737,"Your touch of Prada. A lightweight, cream-to-powder blush that melts into skin for a buildable, blurred, soft-matte finish that lasts all day.","What it is: Your touch of Prada. A lightweight, cream-to-powder blush that melts into skin for a buildable, blurred, soft-matte finish that lasts all day. What Else You Need to Know: Blends like a cream, lasts like a powder: This innovative, blendable formula transforms from a creamy balm to a blurred, soft-matte finish for up to 12 hours of long wear, no setting needed. Sculpt and lift the look of cheekbones with eight vibrant and stackable blush shades. Clinical Results: In a test: - 99% agree on instant flash of color - 93% agree on healthy-looking complexion - 92% agree on lightweight feel that does not feel sticky or greasy - 94% agree on buildable formula - 88% agree skin appears softly mattified","Suggested Usage: -Apply with your finger or a brush and tap onto cheeks. -Color is buildable, from a subtle tint to a bold pop of color. -For a monochromatic look, apply to cheeks and lips.","Your touch of Prada. A lightweight, cream-to-powder blush that melts into skin for a buildable, blurred, soft-matte finish that lasts all day.",,35266.0,https://www.sephora.com/productimages/sku/s2952737-main-zoom.jpg?imwidth=270,4.7201,1204,False,False,False,False,False,False,False,,2026-06-25T01:03:18.463222+00:00
P472325,MAKEUP BY MARIO,Soft Pop Powder Blush,,https://www.sephora.com/product/makeup-by-mario-soft-pop-powder-blush-P472325?skuId=2449726,"A long-lasting, silky powder blush that is super blendable and gives an instant pop of color to your cheeks, brightening and lifting your complexion.","What it is: A long-lasting, silky powder blush that is super blendable and gives an instant pop of color to your cheeks, brightening and lifting your complexion. What Else You Need to Know: The luxe, silky formula glides on, layers well over cream, and blends effortlessly. It is infused with micronized clay to restore radiance and a patented polymer for long-lasting color and comfort. This product is an Allure Best of Beauty award winner.",Suggested Usage: -Smile softly to find the apples of your cheeks and use the F3 Brush (sold separately) to apply to the apples and blend up toward your hairline. -Wears beautifully alone or over the Soft Pop Blush Stick (sold separately).,"A long-lasting, silky powder blush that is super blendable and gives an instant pop of color to your cheeks, brightening and lifting your complexion.",,233464.0,https://www.sephora.com/productimages/sku/s2449726-main-zoom.jpg?imwidth=270&pb=allure-best-2021-badge,4.3096,281,False,False,True,False,False,False,False,,2026-06-25T01:03:22.578292+00:00
P437097,MILK MAKEUP,Lip + Cheek Non-Comedogenic Cream Blush Stick,,https://www.sephora.com/product/milk-lip-cheek-cream-blush-stick-P437097?skuId=2639664,A multi-use cream blush and lip color with a nourishing formula that builds and blends effortlessly for a natural flush.,"What it is: A multi-use cream blush and lip color with a nourishing formula that builds and blends effortlessly for a natural flush. Highlighted Ingredients: - Mango Butter, Avocado Oil, and Apricot Oil: Help nourish skin, boost hydration, and make formula creamy and blendable. Ingredient Callouts: This product is gluten-free and cruelty-free. What Else You Need to Know: This easy-to-use, twist-up stick can be used on both lips and cheeks for a quick pop of color. The hydrating formula builds color seamlessly and blends in easily, so you can swipe, blend, and go—no mirror required. Don't let the compact size fool you, you get more than 1,000 swipes in every stick! Clean at Sephora is our commitment to offering effective products without certain ingredients, such as parabens, sulfates, phthalates, and mineral oils. Learn more here .","Suggested Usage: -How to Open: Twist product up half-an-inch with protective disk still on. Then gently twist disk off, don't flick or pull! -Swipe the stick directly onto lips, cheeks, or both. -Blend in with your fingertips, brush, or sponge. -Build for more color payoff. -Pair Lip + Cheek with Milk Makeup Highlighter (sold separately) and Milk Makeup Matte Bronzer (sold separately) to complete your look. -Pro Tip: Before applying, warm stick directly on the back of your hand for an even more seamless application. -To remove inner disk, gently twist off. Don’t flick or pull.",A multi-use cream blush and lip color with a nourishing formula that builds and blends effortlessly for a natural flush.,,496793.0,https://www.sephora.com/productimages/sku/s2639664-main-zoom.jpg?imwidth=270&pb=clean-at-sephora,4.2446,3410,False,False,False,False,False,False,False,,2026-06-25T01:03:28.783552+00:00
P509577,LYS Beauty,Higher Standard Cream Glow Blush Sticks,,https://www.sephora.com/product/lys-beauty-higher-standard-cream-glow-blush-sticks-P509577?skuId=2735900,"An irresistibly creamy blush stick that delivers vibrant, one-swipe cheek color while visibly blurring skin to complete your look.","What it is: An irresistibly creamy blush stick that delivers vibrant, one-swipe cheek color while visibly blurring skin to complete your look. Formulation: Stick Coverage: Medium Highlighted Ingredients: - Green Tea Extract: Soothes and hydrates skin while reducing the appearance of redness and irritation. - Watermelon Seed Extract: Helps retain the skin’s moisture levels for radiant, healthier skin. - Rosehip Oil: Antioxidant-rich with vitamins A, C, and E to reduce the look of dark spots and improve moisture level. Ingredient Callouts: It is gluten-free and cruelty-free. What Else You Need to Know: This pigmented, ultra-creamy blush stick adds an immediate pop of color to the cheeks without accentuating texture or pores, giving your makeup look a naturally perfected, radiant glow. Its soft focus finish doubles as blush and subtle highlighter, bringing color to the complexion with luminous dimension. This product is an Allure Best of Beauty award winner. Clean at Sephora Clean at Sephora is our commitment to offering effective products without certain ingredients, such as parabens, sulfates, phthalates, and mineral oils. Learn more here .","Suggested Usage: -Apply the blush stick directly to the apples of the cheek. -Layer until you achieve desired intensity. -Use a brush, sponge, or fingertips to blend upward towards the hairline. -For a more natural finish, underpaint before applying foundation. -To set, lightly dust cheeks with Triple Fix Setting Powder (sold separately)","An irresistibly creamy blush stick that delivers vibrant, one-swipe cheek color while visibly blurring skin to complete your look.",,86553.0,https://www.sephora.com/productimages/sku/s2735900-main-zoom.jpg?imwidth=270&pb=allure-2024-clean,4.6288,229,False,False,False,False,False,False,False,,2026-06-25T01:03:35.328350+00:00
P522100,HUDA BEAUTY,Mini Blush Mocktail Duos,,https://www.sephora.com/product/mini-blush-mocktail-duos-P522100?skuId=2962694,A travel-ready set of blushes in a mini duo for foolproof blush on the go.,"What it is: A travel-ready set of blushes in a mini duo for foolproof blush on the go. Ingredient Callouts: Free of parabens, formaldehydes, formaldehyde-releasing agents, phthalates, mineral oil, retinyl palmitate, oxybenzone, coal tar, hydroquinone, sulfates SLS & SLES, triclocarban, triclosan, and contains less than one percent synthetic fragrance. These products are also vegan, gluten-free, and cruelty-free. What Else You Need to Know: Perfect for achieving that filtered look without the filter, Blush Filter’s formula has plenty of playtime, with blendable pigments that effortlessly melt into the skin for a soft-focus, ""air-blushed"" finish. This Set Contains: - 2 x 0.06 oz/ 2 mL Blush Filter Soft Glow Liquid Blushes",Suggested Usage: -Add three dots of blush onto targeted areas with peanut-shaped doe foot. -Blend with fingertips for a luminous glow. Huda’s Hacks: -Combine the two shades for an ombre blush effect starting with three dots of the lightest shade at the center of the cheek. -Add two dots of a darker shade higher up the cheekbone. -Blend with fingers. -Set with Easy Bake Loose Baking and Setting Powder (sold separately) for an ‘air blushed’ finish.,A travel-ready set of blushes in a mini duo for foolproof blush on the go.,,21697.0,https://www.sephora.com/productimages/sku/s2962694-main-zoom.jpg?imwidth=270,4.5882,17,True,True,True,False,False,False,False,"1 x Mini Blush Filter Liquid Blush in Strawberry Cream
1 x Mini Blush Filter Liquid Blush in Ube Cream",2026-06-25T01:03:39.178313+00:00
P517325,ciele,flush & PROTECT SPF 45+ powder blush,,https://www.sephora.com/product/flush-protect-spf-45-powder-blush-P517325?skuId=2867919,"A talc-free hybrid SPF 45+ powder blush that diffuses a radiant flush of color onto the cheeks with a silky, blurring finish.","What it is: A talc-free hybrid SPF 45+ powder blush that diffuses a radiant flush of color onto the cheeks with a silky, blurring finish. Formulation: Pressed Powder SPF: 45+ What Else You Need to Know: The velvety powder blush offers a lightweight and buildable burst of color that is acne-safe and made without pore cloggers. The formula has antioxidant properties that lower the risk of cellular damage to the skin and protects against UVA, UVB, blue light, and infrared radiation. Ingredient Callouts: This product is vegan and cruelty-free. Clean Clean at Sephora is our commitment to offering formulas that go beyond regulatory standards to avoid controversial ingredients without sacrificing effectiveness.","Suggested Usage: -Gently swirl brush into blush, then tap off any excess powder. -Sweep over cheeks and build to desired intensity. -Use The Flush Brush (sold separately).","A talc-free hybrid SPF 45+ powder blush that diffuses a radiant flush of color onto the cheeks with a silky, blurring finish.",,40002.0,https://www.sephora.com/productimages/sku/s2867919-main-zoom.jpg?imwidth=270&pb=clean-at-sephora,4.5106,188,False,False,True,False,False,False,False,,2026-06-25T01:03:42.890671+00:00
P522057,SEPHORA COLLECTION,Blush! Multiuse Cream Blush,,https://www.sephora.com/product/multiuse-cream-blush-P522057?skuId=2960367,"A blush that features a transformative two-in-one formula designed for cheeks and lips, delivering a natural, healthy flush.","What it is: A blush that features a transformative two-in-one formula designed for cheeks and lips, delivering a natural, healthy flush. Coverage: Medium Formulation: Cream What Else You Need to Know: Blush! Multiuse Cream Blush transforms from a cream into a powder upon application. Its intense pigmentation delivers fresh, vibrant color in a single stroke and blends effortlessly with fingers or a brush for a customizable flush. Available in fresh, vibrant shades housed in an adorable cardboard jar. Clinical Results: Clinical Study on 30 people immediately after application: -100% color intensity from the first stroke -97% seamlessly blendable -94% buildable formula","Suggested Usage: -Place the cream blush at the top of your cheekbones. -Dab some of the formula across the bridge of your nose for a just-back-from-the-beach effect. -To complete your look, add a touch of color to your lips. -For an even more blurred result, use the cheek brush 04 from the SEPHORA COLLECTION Essentials range.","A blush that features a transformative two-in-one formula designed for cheeks and lips, delivering a natural, healthy flush.",,13042.0,https://www.sephora.com/productimages/sku/s2960367-main-zoom.jpg?imwidth=270,4.4125,80,False,True,True,False,False,False,False,,2026-06-25T01:03:47.425743+00:00
P517845,NARS,"The Multiple Soft Blur Blush Stick for Cheeks, Eyes and Lips",,https://www.sephora.com/product/nars-the-mulitple-P517845?skuId=2891901,"A new, reimagined formula of NARS’s iconic multipurpose stick with vibrant, versatile shades for cheeks, lips, and eyes.","What it is: A new, reimagined formula of NARS’s iconic multipurpose stick with vibrant, versatile shades for cheeks, lips, and eyes. Highlighted Ingredients: - Soft-Focus Powders: Silky, ultrafine powders provide a blurred, perfected look. - Rhubarb Root Extract: Antioxidant that defends against environmental aggressors. - Peach Kernel Oil: Nourishes the skin for a healthy and supple complexion. Ingredient Callouts: Free of parabens, formaldehydes, formaldehyde-releasing agents, phthalates, mineral oil, retinyl palmitate, oxybenzone, coal tar, hydroquinone, sulfates SLS & SLES, triclocarban, and triclosan. What Else You Need to Know: François Nars’s iconic multipurpose stick is now reimagined in 12 vibrant, versatile shades for cheeks, lips, and eyes. Buildable coverage provides one-swipe, high-impact payoff for weightless color that lasts. The cream-to-powder texture swipes on a soft-focus finish that visibly blurs and perfects. This product is an Allure Best of Beauty award winner.","Suggested Usage: -Swipe onto the cheeks, lips, and eyes for a monochromatic look or apply to one area for targeted color. -Blend with fingertips to diffuse color using short sweeping or tapping motions. -If brush application is desired, pick up product directly from the stick with brush and blend onto skin. -For eyes, NARS recommends a small eyeshadow brush. -For an unexpected color pairing, layer under your favorite powder blush. -Choose a deeper shade and apply to lower cheekbones, then blend upward to create a color contouring effect.","A new, reimagined formula of NARS’s iconic multipurpose stick with vibrant, versatile shades for cheeks, lips, and eyes.",,83598.0,https://www.sephora.com/productimages/sku/s2891901-main-zoom.jpg?imwidth=270&pb=allure-2025-best-of-beauty-award-winner,4.4928,345,False,False,True,False,False,False,False,,2026-06-25T01:03:51.980169+00:00
P518494,Glossier,Cloud Paint Plush Blush,,https://www.sephora.com/product/cloud-paint-plush-blush-P518494?skuId=2902617,"An innovative blush with a one-of-a-kind, pillowy-soft texture that delivers long-wearing, buildable, soft-matte color while blurring the look of pores.","What it is: An innovative blush with a one-of-a-kind, pillowy-soft texture that delivers long-wearing, buildable, soft-matte color while blurring the look of pores. Highlighted Ingredients: - Clover Flower Extract: Antioxidant-rich to create a soft-focus, blurred effect on skin. - Powdered Ceramides and Botanical Glycerides: Skin-mimicking lipids lock in moisture for all-day soft-matte comfort. - Memory Cloud Texture: Unique technology creates a pillowy-soft texture that transforms to powder. Ingredient Callouts: This product is cruelty-free. What Else You Need to Know: Cloud Paint Plush Blush has a Memory Cloud Texture—it’s pillowy-soft to the touch and transforms into a weightless, blendable powder with buildable color. From a soft flush to a bold look, mix and blend shades with your fingers or the dual-ended Cloud Paint Cheek Brush (sold separately) for a sunset-inspired flush. Clinical Results: In an independent consumer testing panel of 33 people: - 100% of users agree skin has a healthy flush of color - After 8 hours, 100% of users agree product is comfortable, lightweight, and breathable on skin - After 8 hours, 96% of users agree skin looks soft-focused and diffused",Suggested Usage: Finger Application: -Press or glide finger over the surface of Cloud Paint Plush Blush. -Press formula gently into skin to apply where flush is desired. -Use fingers to blend out across cheeks. Brush Application: -Swirl Cloud Paint Cheek Brush (sold separately) over the surface of Cloud Paint Plush Blush. -Dab the brush on the area where flush is desired. -Use the brush to blend out color as desired.,"An innovative blush with a one-of-a-kind, pillowy-soft texture that delivers long-wearing, buildable, soft-matte color while blurring the look of pores.",,91283.0,https://www.sephora.com/productimages/sku/s2902617-main-zoom.jpg?imwidth=270,4.6901,355,False,False,True,False,False,False,False,,2026-06-25T01:03:56.228620+00:00
P516173,MAKE UP FOR EVER,Artist Color Crayon Waterproof Multi-Use Stick,,https://www.sephora.com/product/artist-color-crayon-P516173?skuId=2868768,"A pigmented, long-wearing color crayon in blendable shimmer and semi-matte finishes that can be used as blush, eyeshadow, contour, bronzer, or highlighter.","What it is: A pigmented, long-wearing color crayon in blendable shimmer and semi-matte finishes that can be used as blush, eyeshadow, contour, bronzer, or highlighter. Ingredient Callouts: Free of parabens, formaldehydes, formaldehyde-releasing agents, phthalates, mineral oil, retinyl palmitate, oxybenzone, coal tar, hydroquinone, sulfates SLS & SLES, triclocarban, triclosan, and contains less than one percent synthetic fragrance. It is also vegan, gluten-free, and cruelty-free. What Else You Need to Know: This creamy formula has a rich, buildable color payoff that can effortlessly sculpt, highlight, and enhance any look. It is perfect for cheeks, lips, and eyes, while the wide array of shades makes it easy to create anything from neutral and monochromatic to bold and artistic looks.","Suggested Usage: -This is a multi-use product formulated for versatility across cheeks, lips, and eyes, however there are some limitations. Shades 112, 226, 228, 308, 326, 424, and 808 cannot be used on eyes and shades 102, 104, 160, and 168 cannot be used on lips. -Twist up to reveal more product, no sharpening necessary. To Contour: -Select a shade one or two tones deeper than your skin. -Apply to desired areas, like your cheekbones and jawline, to create depth and dimension. -Blend in an upward motion for the most natural look. To Highlight: -Select a shimmer shade of your choice and apply on areas you want to illuminate, such as upper cheekbones, bridge of nose, chin, or Cupid’s bow. To Blush: -Select a shade of your choice and apply to apples of cheeks, blending upwards for a lifted effect. For the Eyes: -Select a shade that is suitable for use on the eyes. -Swipe a small amount of product onto your fingertip, then tap on the lid for a color-washed effect. For the Lips: -Select a shade that is suitable for the lips and apply through the center to the outer corners. -Blend with your fingers for a diffused effect. -Pro tip: For a monochromatic look, select your favorite shade that is suitable for all-over wear and follow the steps above for a unified veil of color.","A pigmented, long-wearing color crayon in blendable shimmer and semi-matte finishes that can be used as blush, eyeshadow, contour, bronzer, or highlighter.",,84532.0,https://www.sephora.com/productimages/sku/s2868768-main-zoom.jpg?imwidth=270,4.6517,580,True,False,False,False,False,False,False,,2026-06-25T01:04:00.081040+00:00
P468353,Danessa Myricks Beauty,"Colorfix - Multi-Use Eye, Cheek & Lip Waterproof Liquid Pigment",,https://www.sephora.com/product/danessa-myricks-colorfix-24-hour-cream-color-P468353?skuId=2798098,"An award-winning, multi-use, long-wearing, waterproof, and buildable all-over high pigment color.","What it is: An award-winning, multi-use, long-wearing, waterproof, and buildable all-over high pigment color. Benefits: Long-wearing, Waterproof Ingredient Callouts: Free of parabens, formaldehydes, formaldehyde-releasing agents, phthalates, mineral oil, retinyl palmitate, oxybenzone, coal tar, hydroquinone, sulfates SLS & SLES, triclocarban, triclosan, and contains less than one percent synthetic fragrance. It is also vegan, gluten-free, cruelty-free, and comes in recyclable packaging. What Else You Need to Know: Experience a range of layer-able finishes (nude, matte, metallic, liquid metal, foil, sparkler, glaze) in budge-proof shades. Colorfix features squeezable packaging with a precision tip to mix, match, layer, and play. Their ""Forever Fix Complex"" combines film formers, dry oils, and high-intensity pigments for easy glide-on application and long-lasting wear. This product is an Allure Best of Beauty award winner.","Suggested Usage: -Colorfix is an anyone, anywhere, anyway product. Create customized colors and finishes. Simply squeeze, dot, swipe. Blend with finger or brush. -Eyeshadow: Use as a base, stand-alone eyeshadow or blend multiple shades together. -Liner and Brows: For waterproof liner and brows use an angle or pointed brush. -Lips: Outline, fill in, and gloss over your lips for a plump look that lasts. -Cheeks: Use as a highlight, blush color, or sculpted contour. -Topper: Tap or swipe all over face for fall out free glimmer. -Gloss: Use alone for a glossy look on the eyes or lips. Layer on top of other Colorfix Finishes for longwearing color and texture.","An award-winning, multi-use, long-wearing, waterproof, and buildable all-over high pigment color.",,481811.0,https://www.sephora.com/productimages/sku/s2798098-main-zoom.jpg?imwidth=270,4.4527,349,True,False,False,False,True,False,False,,2026-06-25T01:04:03.190440+00:00
P411848,ILIA,Multi-Stick Cream Blush + Highlighter + Lip Tint,,https://www.sephora.com/product/multi-stick-P411848?skuId=2564359,A buildable wash of color for cheeks and lips—now in a dewy and luminous finish to instantly wake up skin.,"What it is: A buildable wash of color for cheeks and lips—now in a dewy and luminous finish to instantly wake up skin. Coverage: Light Finish: Natural and Shimmer available Formulation: Cream Highlighted Ingredients: - Shea Butter: Nourishes skin and creates a creamy texture that melts on contact. - Avocado Oil: Softens and nourishes skin with antioxidants and fatty acids. - Orange Peel Wax: Protects and conditions skin with a breathable feel. Ingredient Callouts: This product is cruelty-free. What Else You Need to Know: This creamy, multiuse formula melts with the warmth of skin for a fresh, foolproof veil of color anyone can wear. The twist-up stick makes it easy to apply on the go—just swipe and blend for skin that looks and feels alive.",Suggested Usage: -Apply to cheeks and lips straight from the tube. -Use your fingers or a brush to blend into cheeks. -Repeat for more color payoff. -Multi-Stick blends effortlessly over Super Serum Skin Tint SPF 40 (sold separately) or True Skin Serum Foundation (sold separately).,A buildable wash of color for cheeks and lips—now in a dewy and luminous finish to instantly wake up skin.,,393779.0,https://www.sephora.com/productimages/sku/s2564359-main-zoom.jpg?imwidth=270&pb=clean-at-sephora,4.1099,2284,True,False,False,False,False,False,False,,2026-06-25T01:04:06.734441+00:00
P522523,PATRICK TA,Liquid Transition Brightening Blush,,https://www.sephora.com/product/liquid-transition-brightening-blush-P522523?skuId=2976231,A liquid brightening blush that seamlessly transitions color from the under-eyes to the cheeks.,"What it is: A liquid brightening blush that seamlessly transitions color from the under-eyes to the cheeks. Ingredient Callouts: Free of parabens, formaldehydes, formaldehyde-releasing agents, phthalates, mineral oil, retinyl palmitate, oxybenzone, coal tar, hydroquinone, sulfates SLS & SLES, triclocarban, triclosan, and contains less than one percent synthetic fragrance. It is also cruelty-free. What Else You Need to Know: This innovative product is the first step of your blush routine, made to bridge the gap between the under-eyes and the cheeks. Each brightening shade delivers a sheer boost of color at the perfect opacity. Silky, skin-like, and super-lightweight, the formula flows naturally into your signature blush.","Suggested Usage: -Apply before Major Headlines Double-Take Crème & Powder Blush Duo (sold separately). -Place Major Skin Soft Blur Brightening Concealer (sold separately) on the inner corners of the eyes and the under-eyes. -Add Liquid Transition Brightening Blush (sold separately) to the outer edge of your concealer. -Blend the transition blush into the outer edge of your concealer using the dense end of the Dual-Ended Transition Blush Brush (sold separately), always using pressing motions. -Finish blending the lighter concealer into the inner corners with the Major Skin 5-In-1 Blending Sponge (sold separately).",A liquid brightening blush that seamlessly transitions color from the under-eyes to the cheeks.,,10783.0,https://www.sephora.com/productimages/sku/s2976231-main-zoom.jpg?imwidth=270,4.693,456,True,True,False,False,False,False,False,,2026-06-25T01:04:10.190486+00:00
P467451,Rare Beauty by Selena Gomez,Stay Vulnerable Melting Cream Blush,,https://www.sephora.com/product/rare-beauty-by-selena-gomez-stay-vulnerable-melting-blush-P467451?skuId=2418663,"A breakthrough, mistake-proof, liquid-like cream blush that melts into a second skin for the most natural-looking wash of soft-focus color.","What it is: A breakthrough, mistake-proof, liquid-like cream blush that melts into a second skin for the most natural-looking wash of soft-focus color. Ingredient Callouts: Free of parabens, formaldehydes, formaldehyde-releasing agents, phthalates, mineral oil, and sulfates SLS & SLES. It is also cruelty-free. What Else You Need to Know: This first-of-its-kind water-resistant blush combines pigments with a non-greasy blend of weightless oils and spherical powders for a natural flush you can’t mess up. The ultralightweight, liquid-like cream melts on contact and blends to a smooth, satin finish that won’t cake, crease, or clog pores. This product is an Allure Best of Beauty award winner.","Suggested Usage: -Use a dense brush or your fingertips to dab onto the apples of your cheeks and blend. Apply more layers as desired. -Complete your look with the Stay Vulnerable Liquid Eyeshadow and Stay Vulnerable Glossy Lip Balm (both sold separately), which come in the same five complementary shades as the Stay Vulnerable Melting Blush for effortless matching for eyes, cheeks, and lips.","A breakthrough, mistake-proof, liquid-like cream blush that melts into a second skin for the most natural-looking wash of soft-focus color.",,482147.0,https://www.sephora.com/productimages/sku/s2418663-main-zoom.jpg?imwidth=270,4.2116,1720,False,False,True,False,False,False,False,,2026-06-25T01:04:14.631667+00:00
P507753,ciele,blush & PROTECT SPF 50+ liquid blush,,https://www.sephora.com/product/blush-protect-spf-50-liquid-blush-P507753?skuId=2867935,A mineral SPF 50+ liquid blush that blends into the cheeks with a hydrating formula that gives a buildable burst of color and a radiant finish.,"What it is: A mineral SPF 50+ liquid blush that blends into the cheeks with a hydrating formula that gives a buildable burst of color and a radiant finish. Highlighted Ingredients: - Allantoin: Moisturizes, heals, and soothes the skin. - Bisabolol: Calms, visibly brightens, and reduces the look of redness. Ingredient Callouts: This product is vegan, gluten-free, cruelty-free, and comes in recyclable packaging. What Else You Need to Know: The liquid blush offers a lightweight, buildable burst of color that is acne-safe and made without pore cloggers. The formula has antioxidant properties that lower the risk of cellular damage to the skin and protects against UVA, UVB, blue light, and Infrared radiation. Clean at Sephora is our commitment to offering effective products without certain ingredients, such as parabens, sulfates, phthalates, and mineral oils. Learn more here .","Suggested Usage: -Use the doe-foot applicator to place a small drop of liquid blush onto the center of the cheek. -Blend with fingers, brush, or sponge. -For deeper color, add more as desired. -Layer over tint & PROTECT SPF 50+ tinted serum foundation (sold separately) or use alone for a healthy flush of color. Recycling Instructions: -Use scissors to remove doe foot from the end of the applicator. -Rinse remaining product from bottle and cap. -Place bottle, cap, and box into recycling bin.",A mineral SPF 50+ liquid blush that blends into the cheeks with a hydrating formula that gives a buildable burst of color and a radiant finish.,,85408.0,https://www.sephora.com/productimages/sku/s2867935-main-zoom.jpg?imwidth=270&pb=clean-at-sephora,4.6446,377,False,False,True,False,False,False,False,,2026-06-25T01:04:19.031926+00:00
P520021,Gucci,Glow Dewy Powder Blush,,https://www.sephora.com/product/gucci-glow-dewy-powder-blush-P520021?skuId=2928448,"A longwearing blush with a thin, silky-smooth texture that delivers a buildable color payoff for either a subtle wash of color or a bold look.","What it is: A longwearing blush with a thin, silky-smooth texture that delivers a buildable color payoff for either a subtle wash of color or a bold look. Coverage: Medium Finish: Radiant Formulation: Pressed Powder Highlighted Ingredients: - Hyaluronic Acid: Hydrates. - Black Rose Oil: Soothes and comforts skin. Ingredient Callouts: Free of parabens, phthalates, and sulfates SLS & SLES. What Else You Need to Know: Get the Gucci Glow with the Gucci Glow Blush, the next generation of highlighting blush. Available in 6 long-lasting, dewy, and pearly shades, this Gucci Beauty product is delivered in a thin, silky-soft texture that falls between a cream blush and a powder. The lightweight texture blends seamlessly on skin, providing medium-to-full color payoff, from subtle to bold, for a healthy-looking radiant finish. Infused with hyaluronic acid and black rose oil, Gucci Glow Blush offers hydrating and soothing comfort.","Suggested Usage: -Gently rub the formula with a dense brush, not too fluffy, to properly enjoy the silky-emollient infused formula. -Sweep along the cheekbones, working upward and outward. -For a lifted look, apply some blush to the temples.","A longwearing blush with a thin, silky-smooth texture that delivers a buildable color payoff for either a subtle wash of color or a bold look.",,15286.0,https://www.sephora.com/productimages/sku/s2928448-main-zoom.jpg?imwidth=270,4.6543,703,False,False,False,False,False,False,False,,2026-06-25T01:04:23.199478+00:00
P512305,Yves Saint Laurent,Make Me Blush 12H Blurring Liquid Blush,,https://www.sephora.com/product/yves-saint-laurent-make-me-blush-12h-blurring-liquid-blush-P512305?skuId=2872182,"A highly pigmented and creamy liquid-to-powder blush that's blendable, buildable, and melts into skin for a blurring, soft-cloud finish and up to 12 hours of wear.","What it is: A highly pigmented and creamy liquid-to-powder blush that's blendable, buildable, and melts into skin for a blurring, soft-cloud finish and up to 12 hours of wear. What Else You Need to Know: This is a weightless and long-lasting liquid blush with a creamy formula that stays all day and dries like your favorite powder blush. It’s ultra-buildable for a healthy flush or rush of vibrant color and easily blendable for a blurred, soft cloud-skin finish.",Suggested Usage: -Apply one dot and blend with fingers for a healthy flush of color. -Apply two dots and blend upward for a boosted blush. -Apply three dots and blend for a rush of color.,"A highly pigmented and creamy liquid-to-powder blush that's blendable, buildable, and melts into skin for a blurring, soft-cloud finish and up to 12 hours of wear.",,104656.0,https://www.sephora.com/productimages/sku/s2872182-main-zoom.jpg?imwidth=270,4.6869,1760,False,False,False,False,False,False,False,,2026-06-25T01:04:28.143875+00:00
P515938,SEPHORA COLLECTION,Blush & Go Longwear Matte Liquid Blush For Lip and Cheek,,https://www.sephora.com/product/sephora-collection-blush-go-matte-liquid-blush-P515938?skuId=2871077,"A long-wearing liquid blush with an ultrafine texture, pigmented matte finish, and comfy cushion applicator for fun, foolproof color.","What it is: A long-wearing liquid blush with an ultrafine texture, pigmented matte finish, and comfy cushion applicator for fun, foolproof color. What Else You Need to Know: This is a buildable blush that washes cheeks and lips in a soft veil of weightless, luminous color. The sponge tip applies evenly without streaking or fading—leveling up cheekbones for a plumped, lifted effect. It is transfer-proof and long-wearing, lasts all day, and its color stays fresh and vibrant for a blush that doesn’t fade. Clinical Results: In a clinical study on 31 people, after 28 days of use: - 100% of people said the product did not alter the result of the makeup worn under it - 100% of people said the formula was ultrafine and lightweight - 97% of people said the product had an instant healthy-glow effect","Suggested Usage: -Can be applied under or over makeup, without altering its results. -Shake vigorously before use. -Use the foam applicator to apply a dot of formula directly to your cheek. -Blend color with your fingertips for a perfectly even, streak-free result. -Continue to build color until you achieve your desired pop.","A long-wearing liquid blush with an ultrafine texture, pigmented matte finish, and comfy cushion applicator for fun, foolproof color.",,42564.0,https://www.sephora.com/productimages/sku/s2871077-main-zoom.jpg?imwidth=270&pb=2023-03-sephora-value-2023,3.7391,138,False,False,False,False,False,False,False,,2026-06-25T01:04:31.834519+00:00
P520786,tarte,macaron blush & glow™ duo,,https://www.sephora.com/product/macaron-blush-glow-duo-honey-blossom-P520786?skuId=2989978,A two-in-one macaron cream and powder blush duo that’s tarte’s secret recipe for the perfect pop of color.,"What it is: A two-in-one macaron cream and powder blush duo that’s tarte’s secret recipe for the perfect pop of color. Highlighted Ingredients: - Peptides: Recues look of fine lines and wrinkles. - Hyaluronic Acid: Moisturizes for firmer, more supple-looking skin. - Maracuja Oil: Rich in essential fatty acids and vitamin C for smoother, softer lips. Ingredient Callouts: Free of formaldehydes, formaldehyde-releasing agents, phthalates, mineral oil, retinyl palmitate, oxybenzone, coal tar, hydroquinone, sulfates SLS & SLES, triclocarban, triclosan. These products are also vegan and cruelty-free. What Else You Need to Know: Look like a snack from day to play with sweet cheeks that won’t cake. The duo features dreamy cream and radiant powder to wear solo or stacked. Peptides, hyaluronic acid, and maracuja blur, hydrate, and plump look of skin. Tarte blend bar™ doubles as divider to keep formulas clean and mixing ledge to diffuse.",Suggested Usage: -Swipe. Blend. Stack them up or wear solo. -Dip brush into cream and tap onto the tarte blend bar™ to diffuse blend along cheekbones and across the bridge of nose sweep radiant powder onto cheeks and high points of the face,A two-in-one macaron cream and powder blush duo that’s tarte’s secret recipe for the perfect pop of color.,,19233.0,https://www.sephora.com/productimages/sku/s2989978-main-zoom.jpg?imwidth=270,4.7143,105,False,True,False,False,True,False,False,,2026-06-25T01:04:35.410958+00:00
P505416,Armani Beauty,Luminous Silk Blurring Natural Glow Powder Blush,,https://www.sephora.com/product/luminous-silk-glow-blush-P505416?skuId=2662864,A silky powder blush that visibly smooths skin’s texture and delivers a luminous yet natural-looking flush of color.,"What it is: A silky powder blush that visibly smooths skin’s texture and delivers a luminous yet natural-looking flush of color. Finish: Radiant Formulation: Pressed Powder What Else You Need to Know: This ultra-finely milled blush glides on like silk and is infused with spherical, light-reflecting pigments for a soft-focus, glowy effect. The buildable and blendable formula allows for mistake-proof application and lasting color that layers beautifully with your other makeup. Clinical Results: In a consumer test on 65 women, after 7 days: - 86% agreed skin texture appeared smooth - 95% agreed that skin was comfortable This product is an Allure Best of Beauty award winner.","Suggested Usage: -Gently swirl a blush brush into pan to coat bristles. -Lightly tap off excess powder and apply to cheeks in sweeping or circular motions. For a sunkissed look: -Gently coat tip of blush brush with powder and sweep across cheeks in a ""W"" motion, starting at outside of face. -Lightly dust high points of face, including bridge of nose and top of forehead and chin. For a naturally flushed look: -Using wider/flatter end of blush brush, lightly pat color onto apples of cheeks with swift, circular motions. -For a more precise pop of color, use a tapered brush for added control.",A silky powder blush that visibly smooths skin’s texture and delivers a luminous yet natural-looking flush of color.,,102183.0,https://www.sephora.com/productimages/sku/s2662864-main-zoom.jpg?imwidth=270&pb=allure-2023-bestofbeauty-badge,4.4435,363,False,False,False,False,False,False,False,,2026-06-25T01:04:39.834572+00:00
P521688,Laura Mercier,Blush Color Infusion Duo Talc-Free Powder Blush,,https://www.sephora.com/product/laura-mercier-blush-color-infusion-duo-talc-free-powder-blush-P521688?skuId=2952521,"A uniquely creamy, blurring, talc-free powder blush infused with encapsulated ceramides for a natural-, healthy-looking flush of color that lasts up to 16 hours.","What it is: A uniquely creamy, blurring, talc-free powder blush infused with encapsulated ceramides for a natural-, healthy-looking flush of color that lasts up to 16 hours. Highlighted Ingredients: - Light-Diffusing Micro Spheres: Microfine powders enhance product adhesion for a smooth look and feel. - Encapsulated Ceramides: Provide a rich and creamy texture while locking in moisture. - Blurring Powders: Blur wrinkles, pores, and skin imperfections. Ingredient Callouts: Free of parabens, formaldehydes, formaldehyde-releasing agents, phthalates, mineral oil, retinyl palmitate, oxybenzone, coal tar, hydroquinone, sulfates SLS & SLES, triclocarban, triclosan, and contains less than one percent synthetic fragrance. What Else You Need to Know: The silky-smooth formula blends matte and luminous light-diffusing pigments for the most natural flush of color. Infused with encapsulated ceramides and blurring powders, this blush has a uniquely creamy feel that smooths the look of skin texture, seamlessly building from a sheer to a vibrant flush of color. Clinical Results: In a consumer perception study of 30 participants at an independent lab: - 100% agree it creates an enlivened, healthy flush on cheeks - 100% agree it smooths skin texture and blurs the look of skin all day/for up to 16 hours - 100% agree it is easy to use, appears natural, and never looks overdone","Suggested Usage: Laura's Technique for a Natural, Flushed-From-Within Look: -To reveal a healthy-looking flush of color, swirl the matte and luminous shades together using the Cheek Color Brush, desaturate on the back of the hand, and apply onto the apples of the cheek in a horseshoe shape using circular motions from the outside in. -To blend, use the flat side of the brush with the handle pointing down for a natural diffusion. Laura's Technique for Creating Fullness with Dimension: -For a more dimensional look, apply only the matte shade onto the apples of the cheek. -Then, sweep the luminous shade at the high points or where desired to create fullness, blending away and back towards the hairline. The contrast of the luminous shade layered above the matte will create a lifted look to the cheek. Pro Tips: -For the best results, apply after setting complexion with Translucent Loose Setting Powder Original or Translucent Loose Setting Powder Ultra-Blur (each sold separately). -Bringing color up the undereye can minimize the appearance of dark circles. -Sweep the same shades onto the browbone to create a harmonious look. -For a more sheer application, layer with Translucent Loose Setting Powder or Translucent Loose Setting Powder Ultra-Blur (each sold separately). Tap a small amount of Translucent Loose Setting Powder onto a tissue. Dip brush into Translucent Loose Setting Powder and saturate the bristles before picking up blush.","A uniquely creamy, blurring, talc-free powder blush infused with encapsulated ceramides for a natural-, healthy-looking flush of color that lasts up to 16 hours.",,8677.0,https://www.sephora.com/productimages/sku/s2952521-main-zoom.jpg?imwidth=270,4.2857,7,False,False,False,False,False,False,False,,2026-06-25T01:04:44.256188+00:00
P419107,NUDESTIX,Nudies Cream Blush Stick,,https://www.sephora.com/product/nudies-all-over-face-color-P419107?skuId=2834398,,,,,,,https://www.sephora.com/productimages/sku/s2834398-main-zoom.jpg?imwidth=270&pb=clean-at-sephora,4.4499,1876,True,False,False,False,False,True,False,,2026-06-25T01:04:48.407019+00:00
P522446,Fenty Beauty by Rihanna,Shake N' Play Liquid Blush,,https://www.sephora.com/product/shake-n-play-liquid-blush-P522446?skuId=2978831,"A lightweight liquid blush that has buildable, fade-resistant color and a natural, blurred finish that lasts up to 12 hours.","What it is: A lightweight liquid blush that has buildable, fade-resistant color and a natural, blurred finish that lasts up to 12 hours. What Else You Need to Know: This liquid blush delivers a natural, blurred finish, that builds from a hint of tint to full-on color—one dot for blurred, two or more for bold. Shake to load and dot with the mess-free, squish-tip sponge. It’s transfer-proof, waterproof, and lasts up to 12 hours, resisting sweat, humidity, and fading.","Suggested Usage: -Shake to mix and load sponge with fresh color. -Dot your desired look: one dot for a little pop, two or more for a bold finish. -Stipple up and blend with Fenty Beauty by Rihanna’s face shaping brush 125 (sold separately) for the most even, diffused finish.","A lightweight liquid blush that has buildable, fade-resistant color and a natural, blurred finish that lasts up to 12 hours.",,9990.0,https://www.sephora.com/productimages/sku/s2978831-main-zoom.jpg?imwidth=270,4.6388,659,False,True,False,False,False,False,False,,2026-06-25T01:04:52.756228+00:00
P520547,LYS Beauty,Higher Standard Cream and Powder Multidimensional Longwear Blush Duo,,https://www.sephora.com/product/higher-standard-cream-powder-multidimensional-longwear-blush-duo-P520547?skuId=2977791,"A vibrant blush duo featuring a satin-matte cream and velvety powder blush for double the dimension, color, and impact.","What it is: A vibrant blush duo featuring a satin-matte cream and velvety powder blush for double the dimension, color, and impact. Highlighted Ingredients: - Green Tea Extract: Antioxidant benefits that soothe and replenish skin. - Sodium Hyaluronate: Retains moisture and visibly plumps fine lines and wrinkles. - Niacinamide: Reduces appearance of pores and limits excess shine. Ingredient Callouts: Free of parabens, formaldehydes, formaldehyde-releasing agents, phthalates, mineral oil, retinyl palmitate, oxybenzone, coal tar, hydroquinone, sulfates SLS & SLES, triclocarban, triclosan, and contains less than one percent synthetic fragrance. These products are also vegan, gluten-free, and cruelty-free. What Else You Need to Know: This is a vibrant blush duo featuring a satin-matte cream and velvety powder blush for double the dimension, color, and impact. Formulated with green tea extract, sodium hyaluronate, and niacinamide, they soothe, hydrate, visibly plump, and diminish the look of pores. Blueberry seed oil, prickly pear seed oil, and cloudberry seed oil act as an antioxidant-rich blend that intensely hydrates, soothes, and brightens skin.","Suggested Usage: -Apply the cream blush to the apples of your cheeks using fingertips or your favorite blush brush, blending outward toward the temples. -Follow with the powder blush to amplify the color or lock in the look. -Wear each formula alone for a soft, diffused finish—or layer for added dimension.","A vibrant blush duo featuring a satin-matte cream and velvety powder blush for double the dimension, color, and impact.",,6215.0,https://www.sephora.com/productimages/sku/s2977791-main-zoom.jpg?imwidth=270&pb=clean-at-sephora,4.9592,49,False,True,False,False,True,False,False,,2026-06-25T01:04:56.915500+00:00
P515462,VIOLETTE_FR,BISOU BLUSH Marbled Cream Blush Stick,,https://www.sephora.com/product/bisou-blush-cream-blush-brush-P515462?skuId=2864395,"A marbled cream blush stick with an attached blending brush to deliver a multidimensional kiss of color—for a natural, skin-like flush.","What it is: A marbled cream blush stick with an attached blending brush to deliver a multidimensional kiss of color—for a natural, skin-like flush. Highlighted Ingredients: - Ginger Root Extract: Is a soothing antioxidant. Ingredient Callouts: This product is vegan, gluten-free, and cruelty-free. What Else You Need to Know: A flush, not a blush—this marbled cream blends two shades for a seamless, multidimensional wash of color inspired by the ""sfumato"" painting technique. The result? You’re left with a natural, fresh-faced, radiant flush. Build your color with the detachable, washable blending brush, without disturbing your makeup underneath. Clean Clean at Sephora is our commitment to offering effective products without certain ingredients, such as parabens, sulfates, phthalates, and mineral oils. Learn more here .","Suggested Usage: -For a fresh-faced flush, dot onto your cheeks. -Use attached brush to blend.","A marbled cream blush stick with an attached blending brush to deliver a multidimensional kiss of color—for a natural, skin-like flush.",,37546.0,https://www.sephora.com/productimages/sku/s2864395-main-zoom.jpg?imwidth=270&pb=clean-at-sephora,4.4525,263,False,False,True,False,False,False,False,,2026-06-25T01:05:00.514881+00:00
P522043,Sarah Creal,Coming in Hot Blurring Pressed-Mousse Blush,,https://www.sephora.com/product/coming-in-hot-blurring-pressed-mousse-blush-P522043?skuId=2921336,"A long-wearing, buildable blush that visibly hydrates for up to 8 hours—it melts into skin for a natural lit-from-within flush and soft-focus finish.","What it is: A long-wearing, buildable blush that visibly hydrates for up to 8 hours—it melts into skin for a natural lit-from-within flush and soft-focus finish. Coverage: Medium Formulation: Cream Highlighted Ingredients: - Peptides: Nourish and support skin's natural resilience. - Lightweight Emollients: Create a silky, cushiony texture and glowing finish. - Vitamin E: Defend against environmental stressors and maintain skin's moisture. Ingredient Callouts: Free of parabens, formaldehydes, formaldehyde-releasing agents, phthalates, mineral oil, retinyl palmitate, oxybenzone, coal tar, hydroquinone, sulfates SLS & SLES, triclocarban, triclosan, and contains less than one percent synthetic fragrance. It is also vegan, gluten-free, and cruelty-free. What Else You Need to Know: It’s the best of all blush worlds: A long-wearing soft-focus blush that provides eight hours of hydration while reducing patchiness and streakiness on real skin. The unique oil-powder matrix and special pigments make it blendable, buildable, and effortless to apply. Your natural-looking flush stays comfortably smooth—and in place—all day long. Clinical Results: Clinical measurements taken on 32 volunteers, ages 40+, after 8 hours of wear: - All-day wear - 94% showed up to 35% improvement in skin hydration - 84% showed improvement in skin texture Consumer survey of 32 volunteers, ages 40+, after 2 weeks of daily use: - 94% said it applies evenly and blends effortlessly Consumer survey of 32 volunteers, ages 40+, after one application: - 94% said it never looks heavy, powdery, or cakey",Suggested Usage: -Sweep color from the high points of cheeks up to your temples for a subtle lifting effect. -Apply with the Blush and Blur Brush (sold separately) for the most seamless blend.,"A long-wearing, buildable blush that visibly hydrates for up to 8 hours—it melts into skin for a natural lit-from-within flush and soft-focus finish.",,16174.0,https://www.sephora.com/productimages/sku/s2921336-main-zoom.jpg?imwidth=270&pb=clean-at-sephora,4.5873,126,False,True,True,False,False,False,False,,2026-06-25T01:05:04.652851+00:00
P507326,MAKE UP FOR EVER,Artist Longwear Skin-fusing Powder Blush,,https://www.sephora.com/product/artist-longwear-skin-fusing-powder-blush-P507326?skuId=2690030,A skin-fusing powder blush with buildable pigments that melt into skin for ultimate versatility and payoff to achieve a soft flush or bold look.,"What it is: A skin-fusing powder blush with buildable pigments that melt into skin for ultimate versatility and payoff to achieve a soft flush or bold look. Ingredient Callouts: Free of parabens, formaldehydes, formaldehyde-releasing agents, phthalates, mineral oil, retinyl palmitate, oxybenzone, coal tar, hydroquinone, sulfates SLS & SLES, triclocarban, triclosan, and contains less than one percent synthetic fragrance. What Else You Need to Know: The buttery soft texture melts into the skin, allowing you to blend effortlessly for long-lasting impact. The blush is available in matte and shimmery finishes in an array of shades, including three that complement MAKE UP FOR EVER’s most iconic Artist Color Pencils.","Suggested Usage: -Starting from the back of the cheek, brush forward towards the apple of the using a ""figure eight"" motion for seamless color application.",A skin-fusing powder blush with buildable pigments that melt into skin for ultimate versatility and payoff to achieve a soft flush or bold look.,,25914.0,https://www.sephora.com/productimages/sku/s2690030-main-zoom.jpg?imwidth=270,4.6142,127,False,False,False,False,False,False,False,c,2026-06-25T01:05:08.623871+00:00
P516091,Westman Atelier,Baby Cheeks + Face Trace Sculpting Powder Duo,,https://www.sephora.com/product/baby-cheeks-face-trace-sculpting-powder-duo-P516091?skuId=2869105,"A talc-free, buildable powder contour and blush duo for a naturally sculpted, flush of color in a soft matte finish.","What it is: A talc-free, buildable powder contour and blush duo for a naturally sculpted, flush of color in a soft matte finish. Finish: Matte Formulation: Pressed Powder Highlighted Ingredients: - Phytosqualane (Plant-Derived): Smooth, streak-free application, restores suppleness. - Volcanic Rock and Special Effects Pigments: Absorbs excess oil, mattifies without clogging, boosts lasting power. - Pomegranate Extract: Antioxidant-rich to neutralize free radicals, supports healthy-looking skin. Ingredient Callouts: It is gluten-free, and cruelty-free. What Else You Need to Know: Curated color combinations create authentic definition and dimension—use the contour to lift cheekbones and the blush for a joyful pop of color. The silky, smooth, matte formula layers effortlessly over makeup to look like a second skin. Nourishing ingredients provide streak-free payoff that lasts. Also available in Baby Cheeks Powder Blush Duo (powder blush x2). Clean Clean at Sephora is our commitment to offering effective products without certain ingredients, such as parabens, sulfates, phthalates, and mineral oils. Learn more here .",Suggested Usage: -Swirl the Westman Atelier Powder II Brush (sold separately) into Face Trace Sculpting Powder and tap off excess. -Sweep under the cheekbones and blend in an upward and outward motion. -Swirl brush into Baby Cheeks Powder Blush and tap off excess. -Sweep onto cheeks in a horizontal motion. -Start with a light-handed approach and build to your desired impact. -Gucci Westman’s tip: Start with the deeper shade to add dimension and finish with the lighter shade for a pop of color.,"A talc-free, buildable powder contour and blush duo for a naturally sculpted, flush of color in a soft matte finish.",,23094.0,https://www.sephora.com/productimages/sku/s2869105-main-zoom.jpg?imwidth=270&pb=clean-at-sephora,3.6471,34,True,False,False,False,False,False,False,,2026-06-25T01:05:13.621566+00:00
P509414,MILK MAKEUP,Cooling Water Jelly Tint Lip + Cheek Blush Stain,,https://www.sephora.com/product/milk-makeup-cooling-water-jelly-tint-lip-cheek-blush-stain-P509414?skuId=2872380,"A long-lasting blush and lip stain with a hydrating, bouncy jelly texture that glides on for a sheer, buildable burst of color that lasts.","What it is: A long-lasting blush and lip stain with a hydrating, bouncy jelly texture that glides on for a sheer, buildable burst of color that lasts. Highlighted Ingredients: - Vegan Collagen: Visibly firms skin. - Aloe: Soothes and refreshes skin. - Seawater: Helps hydrate skin and gives a refreshing, cooling effect. Ingredient Callouts: Free of phthalates. What Else You Need to Know: This easy-to-use lip and cheek tint goes on sheer and builds to a vibrant watercolor-like finish that won't fade. Packed with skincare like vegan collagen and aloe, this innovative non-comedogenic formula has a refreshing, cooling effect and leaves skin looking healthy and bouncy. Now available in a new pH-adaptive pink shade. Clean at Sephora is our commitment to offering effective products without certain ingredients, such as parabens, sulfates, phthalates, and mineral oils. Learn more here .","Suggested Usage: *DISCLAIMER: This product is not edible. Do not eat. -On first use: Gently twist off the protective cap to remove and discard. -Gently swipe or swirl the stick directly onto lip and cheeks. -It dries fast, so work one cheek at a time and blend quickly with fingers, brush or sponge. -Build to your desired payoff. -Close cap back on tightly (listen for the click!) and store at room temperature, away from direct sunlight. -To completely remove stain from skin, use an oil-based cleanser like Hydro Ungrip Cleansing Balm (sold separately). -Pro Tip: Sweep brush over stick, then onto cheeks for a softer, more diffused blush look. For more intense color, swipe on multiple layers. Want an even cooler refresh? Store your stick in the fridge.","A long-lasting blush and lip stain with a hydrating, bouncy jelly texture that glides on for a sheer, buildable burst of color that lasts.",,527251.0,https://www.sephora.com/productimages/sku/s2872380-main-zoom.jpg?imwidth=270&pb=clean-at-sephora,4.0677,4003,False,False,True,False,False,False,False,,2026-06-25T01:05:17.693917+00:00
P516171,SEPHORA COLLECTION,Colorful Blush and Highlighter Glaze,,https://www.sephora.com/product/colorful-blush-glaze-P516171?skuId=2871028,A blush and highlighter hybrid that has a one-stroke color payoff for a light-reflecting glazed effect.,"What it is: A blush and highlighter hybrid that has a one-stroke color payoff for a light-reflecting glazed effect. What Else You Need to Know: This iconic blush now comes in an ultra-luminous, multidimensional formula that combines the pigmentation of a blush with the pearlescence of a luminizer. The silky-smooth powder floats over skin seamlessly—leaving behind a luxurious, long-wearing finish and a soft-focus, streak-free radiance.","Suggested Usage: -Load Sephora Collection PRO Blush Brush #93 (sold separately) with product. -For a lifted effect, apply to cheekbones and blend toward your upper temples. -For a sunkissed look, spread horizontally, going over the bridge of your nose. -Continue to build color until you achieve your desired intensity.",A blush and highlighter hybrid that has a one-stroke color payoff for a light-reflecting glazed effect.,,26643.0,https://www.sephora.com/productimages/sku/s2871028-main-zoom.jpg?imwidth=270&pb=2023-03-sephora-value-2023,4.3906,64,False,False,False,False,False,False,False,,2026-06-25T01:05:21.343434+00:00
P502188,Gucci,Luminous Matte Powder Blush,,https://www.sephora.com/product/luminous-matte-beauty-blush-P502188?skuId=2587319,"A buildable blush for cheeks and eyes with a hydrating, ultra-thin powder.","What it is: A buildable powder blush that can be applied on the cheeks to create a natural flush that lasts all day. Highlighted Ingredients: - Shea Butter: Reduces the overall feeling of dryness. - Hyaluronic Acid: Provides immediate and long-lasting nourishment. - Black Rose Oil: Provides antioxidant benefits that soothe skin. What Else You Need to Know: Comes in nine shades for a natural-looking glow. The pastel pink compact with star detail is perfect for on-the-go. Infused with shea butter, hyaluronic acid & black rose oil, the buildable formula suits all skin types, delivering long-lasting color with a seamless, second-skin finish.",Suggested Usage: - Pick up some product with an angled contour brush and tap off any excess. - Apply the powder blush to the cheeks. - Build up layers for more intensity if desired.,"A buildable blush for cheeks and eyes with a hydrating, ultra-thin powder.",,215376.0,https://www.sephora.com/productimages/sku/s2587319-main-zoom.jpg?imwidth=270,4.6931,808,False,False,False,False,False,False,False,,2026-06-25T01:05:25.039868+00:00
P513474,caliray,Blurry Blush Longwear Cream Blush,,https://www.sephora.com/product/caliray-blurry-blush-pore-minimizing-cream-blush-with-niacinamide-P513474?skuId=2794451,"A long-wearing, blurring, and visibly pore-minimizing cream-to-powder blush that delivers transfer-free, buildable color with a demi-matte finish.","What it is: A long-wearing, blurring, and visibly pore-minimizing cream-to-powder blush that delivers transfer-free, buildable color with a demi-matte finish. Highlighted Ingredients: - Copper Peptides: Condition skin, calm redness, and improve the look of texture. - Niacinamide: Boosts hydration, visibly evens skin tone, and reduces the appearance of pores. - Kaolin Clay: Creates blurred-out effect that's long wearing, transfer-free, and absorbs oil. Ingredient Callouts: This product is cruelty-free. What Else You Need to Know: This clean, lightweight, velvety liquid blush lays down vibrant color to cheeks with a soft-focus effect. Bonus: The high-tech formula is packed with skin-loving niacinamide, copper peptides, and kaolin clay, making it long wearing, hydrating, and good for your skin. Clean at Sephora Clean at Sephora is our commitment to offering effective products without certain ingredients, such as parabens, sulfates, phthalates, and mineral oils. Learn more here .","Suggested Usage: -Using the boxing-glove-shaped applicator, apply one or two dots directly onto cheeks—a little goes a long way. -Immediately blend out the highly pigmented cream-to-powder blush with a blush brush or tap gently into skin with your fingertips. -The buildable formula allows you to layer; increase pigment for vibrant color that lasts. Recycling Instructions: -Curbside recycle the cotton paper unit carton. -Unscrew the 50 percent PCR vial and cap and clean out the remaining blush formula with warm water and dish soap. -Take the clean vial and cap and recycle at your local Sephora Pact Collective bin or mail to Pact Collective by visiting caliraybeauty.com.","A long-wearing, blurring, and visibly pore-minimizing cream-to-powder blush that delivers transfer-free, buildable color with a demi-matte finish.",,43764.0,https://www.sephora.com/productimages/sku/s2794451-main-zoom.jpg?imwidth=270&pb=clean-planet-aware,4.6683,398,False,False,False,False,False,False,False,,2026-06-25T01:05:29.786632+00:00
P516090,Westman Atelier,Baby Cheeks Powder Blush Duo,,https://www.sephora.com/product/westman-atelier-baby-cheeks-powder-blush-duo-P516090?skuId=2869147,"A talc-free, buildable powder blush duo for a dimensional flush of color with a soft matte finish.","What it is: A talc-free, buildable powder blush duo for a dimensional flush of color with a soft matte finish. Finish: Matte Formulation: Pressed Powder Highlighted Ingredients: - Phytosqualane (Plant-Derived): Smooth, streak-free application, restores suppleness. - Volcanic Rock and Special Effects Pigments: Absorbs excess oil, mattifies without clogging, boosts lasting power. - Pomegranate Extract: Antioxidant-rich to neutralize free radicals, supports healthy-looking skin. Ingredient Callouts: It is gluten-free and cruelty-free. What Else You Need to Know: Curated blush pairings give cheeks authentic dimension—use the deeper to create realistic depth and the lighter for a pop of joyful color. The silky, smooth, matte formula layers effortlessly over makeup to look like a second skin. Nourishing ingredients provide streak-free payoff that lasts. Also available in Baby Cheeks + Face Trace Sculpting Powder Duo (powder contour + blush). Clean Clean at Sephora is our commitment to offering effective products without certain ingredients, such as parabens, sulfates, phthalates, and mineral oils. Learn more here .",Suggested Usage: -Swirl the Westman Atelier Powder II Brush (sold separately) into Baby Cheeks Powder Blush and tap off excess. -Sweep onto cheeks in a horizontal motion. -Start with a light-handed approach and build to your desired impact. -Gucci Westman’s tip: Start with the deeper shade to add dimension and finish with the lighter shade for a pop of color.,"A talc-free, buildable powder blush duo for a dimensional flush of color with a soft matte finish.",,16377.0,https://www.sephora.com/productimages/sku/s2869147-main-zoom.jpg?imwidth=270&pb=clean-at-sephora,4.5397,365,True,False,False,False,False,False,False,,2026-06-25T01:05:33.228244+00:00
P512314,Hourglass,Unreal Liquid Blush,,https://www.sephora.com/product/hourglass-unreal-liquid-blush-P512314?skuId=2785194,"A liquid blush that visibly plumps with hydration and delivers unreal, buildable color for a natural finish that stays in place for up to 12 hours.","What it is: A liquid blush that visibly plumps with hydration and delivers unreal, buildable color for a natural finish that stays in place for up to 12 hours. Coverage: Light Finish: Natural Formulation: Liquid Highlighted Ingredients: - Hyaluronic Acid: Helps attract water to visibly plump skin with hydration. - Upcycled White Lupin Seed Extract: Visibly firms skin for a smooth look. Ingredient Callouts: Free of parabens, phthalates, mineral oil, and triclosan. It is also vegan, gluten-free, and cruelty-free. What Else You Need to Know: Infused with Hourglass’s Unreal Lifting Complex, this serum-like formula instantly hydrates to visibly firm and lift cheeks with color for all-day, weightless wear. The innovative packaging features a precision dropper to customize your desired look, from a soft wash of color to a vibrant flush.","Suggested Usage: -Shake well with cap on before use. -Remove cap and turn the bottle upside down and gently press the soft button on the bottom to dispense one drop on the back of the hand. -Next, use No. 15 Blush Brush (sold separately) to pick up a small amount of product using a stippling motion. -Lightly tap the brush starting at the apple of the cheek, then buff and blend upward toward the cheekbone.","A liquid blush that visibly plumps with hydration and delivers unreal, buildable color for a natural finish that stays in place for up to 12 hours.",,147198.0,https://www.sephora.com/productimages/sku/s2785194-main-zoom.jpg?imwidth=270,4.5956,1098,False,False,False,False,False,False,False,,2026-06-25T01:05:37.670316+00:00
P522127,Too Faced,Sun Bunny Luminous Blushing Bronzer,,https://www.sephora.com/product/sun-bunny-luminous-blushing-bronzer-P522127?skuId=2966083,"A glowing dual-shaded blushing bronzer that delivers bronzer, blush, and highlighter all in one compact.","What it is: A glowing dual-shaded blushing bronzer that delivers bronzer, blush, and highlighter all in one compact. Ingredient Callouts: It is cruelty-free. What Else You Need to Know: This glowing dual-shaded blushing bronzer delivers bronzer, blush, and highlighter all in one compact.","Suggested Usage: -Using a soft powder brush, sweep over face where the sun naturally kisses: forehead, cheeks, chin, and neck. -Swirl together or use individual shades to sculpt, bronze, blush, and highlight.","A glowing dual-shaded blushing bronzer that delivers bronzer, blush, and highlighter all in one compact.",,10068.0,https://www.sephora.com/productimages/sku/s2966083-main-zoom.jpg?imwidth=270,4.7105,152,False,False,False,False,False,False,False,,2026-06-25T01:05:40.898201+00:00
P518972,HUNG VANNGO BEAUTY,Very Beautiful Matte Velvet Blush,,https://www.sephora.com/product/very-beautiful-matte-velvet-blush-P518972?skuId=2903821,"A creamy, velvet powder blush that blends perfectly into skin with a cloud-matte finish that wears all day.","What it is: A creamy, velvet powder blush that blends perfectly into skin with a cloud-matte finish that wears all day. Highlighted Ingredients: - Shea Butter: Helps hydrate and comfort, preventing an overly powdery finish. - Kaolin: Nourishes and balances; great for sensitive skin. - Silica Microspheres: Blur imperfections with a soft-focus effect. Ingredient Callouts: Free of parabens, formaldehydes, formaldehyde-releasing agents, phthalates, mineral oil, retinyl palmitate, oxybenzone, coal tar, hydroquinone, sulfates SLS & SLES, triclocarban, triclosan, and contains less than one percent synthetic fragrance. It is also vegan and cruelty-free. What Else You Need to Know: This cashmere-inspired formula quickly melts into skin to add radiance with smooth, blurring coverage. The highly pigmented formula features a second-skin technology that wears perfectly over makeup and gives a long-wearing finish in six expertly crafted shades: three warm and three cool.","Suggested Usage: -Lightly apply with your brush, tap off any excess before applying onto skin. Build for intensity. -Hung's artistry tip: Apply gently using one side of your brush, use the other side of the brush to blend it out. Build to your desired look.","A creamy, velvet powder blush that blends perfectly into skin with a cloud-matte finish that wears all day.",,16553.0,https://www.sephora.com/productimages/sku/s2903821-main-zoom.jpg?imwidth=270,4.898,49,False,False,True,False,False,False,False,,2026-06-25T01:05:44.465965+00:00
P522575,Dolce&Gabbana,Cherry Glaze Bar 24H Lasting Glow & Waterproof Cream Blush Stick with Vegan Collagen,,https://www.sephora.com/product/dolce-gabbana-cherry-glaze-bar-blush-P522575?skuId=2986123,"A cream blush stick designed to stamp, swipe, and glaze on the skin for a 3-D glossy pop of color.","What it is: A cream blush stick designed to stamp, swipe, and glaze on the skin for a 3-D glossy pop of color. Benefits: Hydrating, Long- wearing, and Transfer-resistant What Else You Need to Know: Available in five vibrant shades tested to cover all skin tones, this blush stick boasts 24-hour glow and 24-hour hydration in a waterproof and sweatproof formula that lasts all day. With its unique bar shape for easy application and cloud-like blendability, it delivers a burst of color with buildable intensity that melts seamlessly into the cheeks. The active ingredients include Italian cherry oil, known for its nourishing properties, and vegan collagen, to support the skin barrier and moisturize. Clinical Results: In an instrumental test, results show the blush is: - Long lasting and hydrating for 24 hours - Waterproof - Sweatproof In a self-evaluation test: - 100% agree it has a smooth and gliding texture - 97% agree it delivers an instant glow",Suggested Usage: -Twist up the blush and apply directly onto the cheeks with a stamping or swiping gesture. -Blend it with a brush or fingertips for a diffused finish.,"A cream blush stick designed to stamp, swipe, and glaze on the skin for a 3-D glossy pop of color.",,10442.0,https://www.sephora.com/productimages/sku/s2986123-main-zoom.jpg?imwidth=270,4.5761,276,False,True,False,False,True,False,False,,2026-06-25T01:05:47.959121+00:00
P504020,Charlotte Tilbury,Matte Beauty Blush Wand,,https://www.sephora.com/product/matte-beauty-blush-wands-P504020?skuId=2697829,"A highly pigmented matte, liquid blush for a fresh, flushed look to revive your complexion. Inspired by Charlotte’s best-selling beauty light wands, dot and blend to apply.","What it is: A highly pigmented matte, liquid blush for a fresh, flushed look to revive your complexion. Inspired by Charlotte’s best-selling beauty light wands, dot and blend to apply. Ingredient Callouts: Free of parabens, mineral oil, retinyl palmitate, oxybenzone, coal tar, hydroquinone, sulfates SLS & SLES, triclocarban, triclosan, and contains less than one percent synthetic fragrance. It is also gluten-free and cruelty-free. What Else You Need to Know: Twist to open the sponge applicator, dot onto cheeks, blend, and don’t forget to twist and close the applicator after use. This product is light-weight and blends beautifully with other makeup products. Pro Tip: Apply over cream and liquid products, before setting with powders.","Suggested Usage: -Dial up the dots: Charlotte’s signature cushion applicator allows for a buildable application: 1 dot for a natural flush, 2-3 dots for an intensified blushing look. -Blend: using the Hollywood Complexion Brush (sold separately), blend after each application up along the cheekbones towards the temples. -Charlotte Tilbury Tip: The quick drying formula sets in seconds! -Remember: Twist to open the sponge applicator, dot onto cheeks, blend, and twist and close the applicator after use.","A highly pigmented matte, liquid blush for a fresh, flushed look to revive your complexion. Inspired by Charlotte’s best-selling beauty light wands, dot and blend to apply.",,280587.0,https://www.sephora.com/productimages/sku/s2697829-main-zoom.jpg?imwidth=270,4.2229,821,False,False,False,False,False,False,False,,2026-06-25T01:05:51.800115+00:00
P509435,BASMA,The Hydrating Long-wearing Cream Blush,,https://www.sephora.com/product/basma-the-cream-blush-P509435?skuId=2739274,"A cream blush that delivers a natural flush of color that starts subtle, builds easily, and lasts all day.","What it is: A cream blush that delivers a natural flush of color that starts subtle, builds easily, and lasts all day. Ingredient Callouts: Free of parabens, phthalates, and retinyl palmitate. It is also gluten-free and cruelty-free. What Else You Need to Know: The Cream Blush has a balm-like texture that melts into the skin for an effortless blend. It wears comfortably all day without fading, clinging to dry patches, or emphasizing texture. The natural-looking color starts subtle, but is easy to build up to your liking without feeling heavy or sticky. Clean at Sephora is our commitment to offering effective products without certain ingredients, such as parabens, sulfates, phthalates, and mineral oils. Learn more here .","Suggested Usage: -Rub your finger in a circular motion to warm up the formula. -Once creamy, dot the product that’s on your finger on both cheeks. -Blend the formula out by tapping it into the skin using your finger or brush. -To increase the pigment, repeat steps two and three. -Too much pigment? Diffuse the color by tapping a beauty sponge over the blush. Pro Tip: -For textured skin, apply blush after setting your foundation.","A cream blush that delivers a natural flush of color that starts subtle, builds easily, and lasts all day.",,49916.0,https://www.sephora.com/productimages/sku/s2739274-main-zoom.jpg?imwidth=270&pb=clean-at-sephora,4.7651,447,False,False,False,False,False,False,False,,2026-06-25T01:05:55.649665+00:00
P508700,Charlotte Tilbury,Mini Hollywood Blush & Glow Palette,,https://www.sephora.com/product/mini-hollywood-blush-glow-set-shade-1-P508700?skuId=2705440,"A pocket-size blush and highlighter palette for glowing, lifted-looking skin and pretty, blushed cheeks.","What it is: A pocket-size blush and highlighter palette for glowing, lifted-looking skin and pretty, blushed cheeks. Highlighted Ingredients: - Silky Squalane: Glides onto skin for an even glow that is never patchy, dry, or cakey. - Smoothing Emollients: Perfect and hydrate the skin for a visibly smooth texture. Ingredient Callouts: Free of parabens, formaldehydes, formaldehyde-releasing agents, phthalates, mineral oil, retinyl palmitate, oxybenzone, coal tar, hydroquinone, sulfates SLS & SLES, triclocarban, triclosan, and contains less than one percent synthetic fragrance. These products are also cruelty-free. What Else You Need to Know: Housed in a stunning mini compact inspired by Old Hollywood glamour, it's the perfect duo for a red-carpet-ready look. Blush is easy to blend and build for the perfect, healthy, even glow. Hollywood Glow Glide Highlighter gives skin an instant, skin-perfecting filter. This Palette Contains: - 2 x 0.26 oz/ 7.5 g Hollywood Blush & Glow – Fair-Medium","Suggested Usage: -Swipe the blush shade from the apples of the cheeks up and along the cheekbones for a pop of color. -Glide the highlighter shade along the cheekbones, temples, jawline, brow bone, Cupid’s bow, and across the décolletage to achieve a glowing, defined-looking facial framework in seconds.","A pocket-size blush and highlighter palette for glowing, lifted-looking skin and pretty, blushed cheeks.",,165834.0,https://www.sephora.com/productimages/sku/s2705440-main-zoom.jpg?imwidth=270,4.2604,192,False,False,False,False,False,False,False,wf,2026-06-25T01:05:59.343441+00:00
P472489,PAT McGRATH LABS,Skin Fetish: Divine Powder Blush,,https://www.sephora.com/product/pat-mcgrath-labs-skin-fetish-divine-powder-blush-P472489?skuId=2464881,"A petal-soft powder Blush with blendable colour and a unique featherlight, silk-velvet finish.","What it is: A petal-soft powder Blush with blendable colour and a unique featherlight, silk-velvet finish. Coverage: Medium Formulation: Pressed Powder Ingredient Callouts: Free of parabens, phthalates, and sulfates SLS & SLES. What Else You Need to Know: This satiny powder Blush features buildable layers of colour for even, mistake-proof application. Sweep over foundation for rich saturation or after powder for a softly diffused look. Available in an array of modern vibrant shades, each expertly blended to beautify all skin tones.","Suggested Usage: -Using a blush brush, sweep onto the apples of the cheeks or in a ""C"" shape from cheekbones to temples. -For effortless vibrancy, mix colors for a subtle multidimensional effect.","A petal-soft powder Blush with blendable colour and a unique featherlight, silk-velvet finish.",,134391.0,https://www.sephora.com/productimages/sku/s2464881-main-zoom.jpg?imwidth=270,4.7341,741,False,False,True,False,False,False,False,,2026-06-25T01:06:03.357358+00:00
P522605,Dolce&Gabbana,Cheeks&Eyes Match Long-Lasting Powder Blush with Italian Raspberry,,https://www.sephora.com/product/cheeks-eyes-match-long-lasting-powder-blush-with-italian-raspberry-P522605?skuId=2986388,A lasting blush powder designed to create a full monochromatic look.,"What it is: A lasting blush powder designed to create a full monochromatic look. What Else You Need to Know: This beautiful powder does not crease on the eyelids and keeps the skin feeling hydrated throughout wear. This beautifully sensorial blush powder is infused with Italian raspberry and grapes, two ingredients known to help retain skin moisture. Clinical Results: In a self-evaluation test: - 100% feel comfortable, all-day color - 100% agree skin feels hydrated throughout wear - 97% agree it doesn’t crease on the eyelids","Suggested Usage: -To use as a blush, apply the powder on the high points of the cheeks blending upwards. -To use as an eyeshadow, apply all over the eyelid blending outwards. -Pro tip: Match your cheeks and eyes for a full monochromatic look.",A lasting blush powder designed to create a full monochromatic look.,,5927.0,https://www.sephora.com/productimages/sku/s2986388-main-zoom.jpg?imwidth=270,4.8525,217,False,True,False,False,True,False,False,,2026-06-25T01:06:06.770492+00:00
P38347,Benefit Cosmetics,Dandelion Baby-Pink Brightening Blush,,https://www.sephora.com/product/dandelion-box-o-powder-blush-P38347?skuId=2520104,A cult-favorite powder blush in a baby-pink shade that gives a subtle brightening boost.,"What it is: A cult-favorite powder blush in a baby-pink shade that gives a subtle brightening boost. Ingredient Callouts: Free of parabens, formaldehydes, formaldehyde-releasing agents, phthalates, mineral oil, oxybenzone, coal tar, hydroquinone, sulfates SLS & SLES, triclocarban, triclosan, and contains less than one percent synthetic fragrance. What Else You Need to Know: This silky-soft powder blush feels ultra-fine, weightless, and creamy on skin. It‘s blendable, buildable, and sweeps effortlessly onto cheeks for an airbrushed effect and a soft-satin finish that lasts all day. The iconic Dandelion Blush is a part of Benefit Cosmetics‘ WANDERful World collection. Clinical Results: In an instrumental test on 25 participants, results showed: - Up to 8 hours of wear and brightening","Suggested Usage: -Sweep this highlighting powder onto cheeks as a soft blush, or apply it all over the face as a brightening finishing powder.",A cult-favorite powder blush in a baby-pink shade that gives a subtle brightening boost.,,114626.0,https://www.sephora.com/productimages/sku/s2520104-main-zoom.jpg?imwidth=270,4.4454,1998,True,False,False,False,False,False,False,,2026-06-25T01:06:10.162095+00:00
P519836,MAKEUP BY MARIO,Jelly Jar™ Lip & Cheek Multi-Use Balm,,https://www.sephora.com/product/makeup-by-mario-jelly-jar-lip-cheek-multi-use-balm-P519836?skuId=2933026,"A bouncy, jelly-like formula for lip and cheek that feels lightweight and nourishing with a wash of juicy color.","What it is: A bouncy, jelly-like formula for lip and cheek that feels lightweight and nourishing with a wash of juicy color. Formulation Type: Lip Balm & Treatment Benefits: Hydrating, Long-wearing, Plumping Highlighted Ingredients: - Vitamin E, Hyaluronic Acid, and Castor Oil: Known to enhance nourishing feel while ensuring smooth and comfortable wear. Ingredient Callouts: Free of parabens, formaldehydes, formaldehyde-releasing agents, phthalates, mineral oil, retinyl palmitate, oxybenzone, coal tar, hydroquinone, sulfates SLS & SLES, triclocarban, and triclosan. What Else You Need to Know: This multiuse lip balm and blush has a unique, sensorial texture that melts into skin effortlessly with the tap of a finger or lip brush—ideal for on-the-go use. The comfortable formula can be layered on top of makeup or worn on bare skin for a ""no makeup"" makeup look. Clinical Results: Based on a consumer panel study of 30 participants: - 100% agree their lips look healthier and feel more nourished - 100% agree it has a radiant finish on lips and cheeks - 100% agree they can achieve a glowy look quickly","Suggested Usage: -Gently swirl product with finger or lip brush and tap and blend into lips and cheeks. -Bouncy, jelly-like formula retains shape and returns to a smooth texture with gentle use. -Mario’s Lip Lift™ technique featuring Jelly Jar™: -STEP ONE: ENHANCE Slightly overline outside the upper lip line with Ultra Suede® Sculpting Lip Pencil (sold separately), focusing on the Cupid's bow. -STEP TWO: LIFT Slightly overline the center of the bottom lip line, then extend the liner upwards to the outer corners moving the liner inside the lip line. -STEP THREE: FILL Softly diffuse and blend the lip pencil from the corners inward and finish with your favorite shade of Jelly Jar™ Lip and Cheek Balm.","A bouncy, jelly-like formula for lip and cheek that feels lightweight and nourishing with a wash of juicy color.",,47215.0,https://www.sephora.com/productimages/sku/s2933026-main-zoom.jpg?imwidth=270,4.4107,280,False,False,True,True,False,False,False,,2026-06-25T01:06:13.498510+00:00
P515194,Urban Decay,Face Bond Long-Lasting Powder Blush Suede,,https://www.sephora.com/product/urban-decay-face-bond-long-lasting-blush-suede-P515194?skuId=2845378,"A long-lasting blush with a suede-soft feel, a blurred-matte finish, and a waterproof, sweatproof, and fade-resistant formula that delivers up to 24 hours of rich color.","What it is: A long-lasting blush with a suede-soft feel, a blurred-matte finish, and a waterproof, sweatproof, and fade-resistant formula that delivers up to 24 hours of rich color. Finish: Matte Formulation: Pressed Powder Ingredient Callouts: Free of parabens, phthalates, and sulfates SLS & SLES. It is also cruelty-free. What Else You Need to Know: This blush delivers an all-day flush with a unique oil-in-powder formula that's waterproof and sweatproof. Micro-milled powders create a suede-soft formula that combines rich color with a blurred-matte finish. Comfortable, weightless, and breathable, it stays true to color all day, without settling into imperfections.","Suggested Usage: -Begin by applying the foundation/concealer you would normally wear. -Use a blush brush to apply Face Bond Long-Lasting Blush Suede to the apples of your cheeks, blending upward. -Layer for more intensity, then finish with All Nighter Setting Spray (sold separately) for a long-lasting, vibrant flush.","A long-lasting blush with a suede-soft feel, a blurred-matte finish, and a waterproof, sweatproof, and fade-resistant formula that delivers up to 24 hours of rich color.",,13665.0,https://www.sephora.com/productimages/sku/s2845378-main-zoom.jpg?imwidth=270,4.6392,194,False,False,False,False,False,False,False,,2026-06-25T01:06:16.795605+00:00
P512301,NUDESTIX,Nudestix Stax Blush Balm,,https://www.sephora.com/product/nudestix-nudestix-stax-all-over-color-blush-balm-P512301?skuId=2788321,,,,,,,https://www.sephora.com/productimages/sku/s2788321-main-zoom.jpg?imwidth=270&pb=clean-at-sephora,4.4736,834,False,False,False,False,False,True,False,,2026-06-25T01:06:19.955891+00:00
P475156,REFY,Cream Blush,,https://www.sephora.com/product/refy-beauty-cream-blush-P475156?skuId=2493898,"A lightweight cream blush with buildable pigment that melts into skin for a natural flush or deeper glow—simplified, fresh, and easy to apply.","What it is: A lightweight cream blush with buildable pigment that melts into skin for a natural flush or deeper glow—simplified, fresh, and easy to apply. Ingredient Callouts: Free of parabens. It is also vegan, cruelty-free, and comes in recyclable packaging. What Else You Need to Know: Blush made simple. This long-lasting cream formula is designed to enhance your natural coloring with minimal effort and a fresh, dewy finish. Developed for all skin types and tones, with shades co-created with the REFY community. It's also non-sticky and not greasy, non-comedogenic, and has a silicone-free formula.","Suggested Usage: -For best results use REFY Duo Brush (sold separately) to apply Cream Blush -Use a dense brush or your fingertips to press onto the apples of your cheeks, blending upwards -For deeper color repeat application","A lightweight cream blush with buildable pigment that melts into skin for a natural flush or deeper glow—simplified, fresh, and easy to apply.",,113750.0,https://www.sephora.com/productimages/sku/s2493898-main-zoom.jpg?imwidth=270,4.2124,193,False,False,True,False,False,False,False,,2026-06-25T01:06:23.632391+00:00
P516070,SEPHORA COLLECTION,Color Twister Color Changing Oil-in-Stick for Lip + Cheek,,https://www.sephora.com/product/color-twister-color-changing-oil-in-stick-lip-cheek-P516070?skuId=2870749,"A cheek and lip oil-in-stick with buildable, gel-like pigments that change color on contact.","What it is: A cheek and lip oil-in-stick with buildable, gel-like pigments that change color on contact. Formulation Type: Lipstick What Else You Need to Know: This one-of-a-kind stick shifts color before your eyes: Yellow turns into juicy coral, fuchsia becomes fresh pink, and midnight blue morphs into soft berry. Made of 90 percent oils, the light jelly texture melts in like second skin. Clinical Results: In a measured scientific study on 11 volunteers, 12 hours after application: - Infuses lips and cheeks with high-shine color and rich moisture for 12 hour","Suggested Usage: -Remove the safety cap. -For easier removal, twist the stick once or twice before pulling the tab. For a Sunkissed Effect: -Position the stick vertically. -Draw a wide horizontal line from cheek to cheek and across the bridge of your nose. -Blend in. For a Plumped Effect: -Apply the stick only to the rounded part of your cheekbone. -Using your finger, spread out and blend. For a Lifted Effect: -Starting at the outside of your cheekbone (without covering the rounded part), glide upward towards your temple. -Blend in.","A cheek and lip oil-in-stick with buildable, gel-like pigments that change color on contact.",,47491.0,https://www.sephora.com/productimages/sku/s2870749-main-zoom.jpg?imwidth=270&pb=2023-03-sephora-value-2023,4.2687,134,False,False,False,True,False,False,False,,2026-06-25T01:06:28.412356+00:00
P516915,Anastasia Beverly Hills,Magic Touch Cream Blush & Lip Trio,,https://www.sephora.com/product/anastasia-beverly-hills-magic-touch-blush-trio-P516915?skuId=2873594,A high-pigment cream blush trio featuring three vibrant shades enriched with skin-nourishing ingredients that blend weightlessly to a natural matte flush.,"What it is: A high-pigment cream blush trio featuring three vibrant shades enriched with skin-nourishing ingredients that blend weightlessly to a natural matte flush. Highlighted Ingredients: - Pomegranate Oil: Provides antioxidants for a youthful look. - Spherical Powder: Provides a soft-focus effect. Ingredient Callouts: Free of parabens, phthalates, mineral oil, sulfates SLS & SLES, and contains less than one percent synthetic fragrance. It is also vegan and cruelty-free. What Else You Need to Know: This multipurpose cream formula for cheeks and lips features a silky, gel-like texture that seamlessly blends with a soft, blurred finish for a flawless, natural look. Go sheer to bold with buildable, versatile shades that can be worn individually or paired together to customize your perfect flush.","Suggested Usage: -Apply desired shade or layer shades together using a brush, sponge, or fingertips. -One shade: For a subtle flush, apply the desired shade to the center of the cheeks and blend upward. -Two shades: For an ombré effect, select two shades. Apply the lighter shade to the center of the cheeks and blend. Then, apply the deeper shade to the upper cheek area, closest to the hairline. -Three shades: For high-impact color, apply the lightest shade to the center of the cheek. Then apply the medium shade to the upper-cheek area, closest to the hairline. Finish by applying the deepest shade to the cheekbone to add definition. Blend edges for a seamless finish. Pro Tips: -Tap off the brush or sponge on the back of your hand before applying to the face. -Wear shades individually or pair them together for a customized blush look. -Works beautifully alone or layered with cream, liquid, and powder formulas. -Press onto the lips for a blurring, blushed effect. -Blend blush upward for a lifted effect. -Mix and match for custom colors and effects.",A high-pigment cream blush trio featuring three vibrant shades enriched with skin-nourishing ingredients that blend weightlessly to a natural matte flush.,,16098.0,https://www.sephora.com/productimages/sku/s2873594-main-zoom.jpg?imwidth=270,4.5052,382,False,False,False,False,False,False,False,,2026-06-25T01:06:33.497784+00:00
P514909,NATASHA DENONA,Hy-Blush Cloudy Cream Cheek Duo,,https://www.sephora.com/product/hy-blush-cloudy-cream-cheek-duo-P514909?skuId=2933190,"A unique cream blush and highlighter duo with a semi-matte finish for a natural, buildable, and long-lasting flush of color.","What it is: A unique cream blush and highlighter duo with a semi-matte finish for a natural, buildable, and long-lasting flush of color. Ingredient Callouts: Free of parabens and mineral oil. It is also cruelty-free and vegan. What Else You Need to Know: Natasha’s latest HY-BRID innovation, Hy-Blush, is a blush duo that melts into the skin for a balmy glow and natural flush of color. Available in shades that complement all skin tones, its lightweight gel texture offers versatile, buildable coverage, delivering a weightless second skin feel. Enriched with nourishing ingredients, including vegan squalane and sunflower wax, HY-BLUSH maintains the skin's natural hydration without drying it out. The highlighter formula contains a unique ratio of pigments and emollient pearls for a sheer, tinted glow. Palette Size: 2.76""w x 0.59""d x 2.68""h (full size)","Suggested Usage: -Using fingers or a dense face brush, apply the blush to the apples of the cheeks and the highlighter on the higher cheekbones. -Use on top of skincare for a natural no-makeup-makeup look or over makeup for a blushing cheek look with a radiant finish. -For a fresh and healthy flush of color, blend both formulas together.","A unique cream blush and highlighter duo with a semi-matte finish for a natural, buildable, and long-lasting flush of color.",,31295.0,https://www.sephora.com/productimages/sku/s2933190-main-zoom.jpg?imwidth=270,4.729,856,False,False,False,False,False,False,False,,2026-06-25T01:06:38.603369+00:00
P506581,Givenchy,Prisme Libre Loose Powder Long-Wearing Radiant Blush,,https://www.sephora.com/product/prisme-libre-blush-P506581?skuId=2691178,A four-color loose powder blush that provides 12 hours of radiance and an instant pop of color.,"What it is: A four-color long-wearing loose powder blush that provides 12 hours of radiance and an instant pop of color. What Else You Need to Know: Prisme Libre Loose Powder Blush comes in six harmonies, where each shade combines four unique colors, designed to be mixed together, to create the perfect shade, flattering all skin tones. The ultra-fine, weightless texture blends into the skin, diffusing color for a natural, second-skin finish. For a more intense payoff, build the powder on the cheeks. Clinical Results: In an instrumental test performed on 27 volunteers, results showed: - 12 hours of radiance","Suggested Usage: Application with puff: -After opening, use the puff to press onto the opening and shake twice to deliver the perfect amount of powder on the puff. -Stamp onto the cheekbone or apples of the cheeks. -Blend in light upward, circular strokes. Repeat as necessary for a more intense look. Application with brush: -Remove the puff, close the pack, and turn the blush upside down. Shake or tap the underside twice to deliver the optimum dose of powder. -Open the container with product in the cap and swirl the brush in the cap mixing all four colors together. Tap off excess powder.",A four-color loose powder blush that provides 12 hours of radiance and an instant pop of color.,,98690.0,https://www.sephora.com/productimages/sku/s2691178-main-zoom.jpg?imwidth=270,4.6259,933,False,False,False,False,False,False,False,wf,2026-06-25T01:06:42.533033+00:00
P520529,MAC Cosmetics,Multisculpt Matte Liquid Eyeshadow + All-over Colour,,https://www.sephora.com/product/mac-multisculpt-matte-liquid-eyeshadow-and-all-over-colour-P520529?skuId=2944106,"A 24-hour, multiuse, matte liquid color that sculpts eyes and face with buildable, blendable coverage in iconic nude shades.","What it is: A 24-hour, multiuse, matte liquid color that sculpts eyes and face with buildable, blendable coverage in iconic nude shades. Ingredient Callouts: Free of parabens, phthalates, and sulfates SLS & SLES. What Else You Need to Know: This 24-hour liquid formula can be used as both an eyeshadow or face contour. It delivers buildable, blendable color and a natural cloud-matte finish in a comfortable, lightweight formula. Plus, it provides water-, sweat-, humidity- and transfer-resistant wear that won’t settle or crease.","Suggested Usage: -Apply directly to skin using the applicator, clean fingertips, or a concealer brush. -Blend with fingertips, sponge, or a brush. Soft sculpting for diffused looks: -Apply more color to intensify. Eyes: -Apply two to three dots directly from the applicator to your eyelids and/or creases. -Blend with clean fingertips or an eye shadow brush. Face: -Apply two to three dots directly from the applicator in the contours of your face and cheeks. -Blend with a blush brush.","A 24-hour, multiuse, matte liquid color that sculpts eyes and face with buildable, blendable coverage in iconic nude shades.",,40982.0,https://www.sephora.com/productimages/sku/s2944106-main-zoom.jpg?imwidth=270,4.6301,565,False,False,True,False,False,False,False,,2026-06-25T01:06:47.214663+00:00
P520117,Bobbi Brown,Skin Enhancer Blush Stick,,https://www.sephora.com/product/bobbi-brown-skin-enhancer-blush-stick-P520117?skuId=2941672,"A hybrid skincare-makeup blush stick for face, cheeks, and lips that delivers color, up to 24 hours of hydration, and up to eight hours of glow.","What it is: A hybrid skincare-makeup blush stick for face, cheeks, and lips that delivers color, up to 24 hours of hydration, and up to eight hours of glow. Highlighted Ingredients: - Hyaluronic Acid Spheres: Hydrate and plump the look of skin. - Micro-Fine Pearlescent Pigments: Reflect light for a subtle glow. - Jojoba, Sunflower Seed, and Safflower Blend Oils: Nourish and condition skin. What Else You Need to Know: Skin Enhancer Blush Stick blends seamlessly and won’t disturb makeup. Swipe on to instantly wake up skin with fresh, glowy color. The non-creasing, non-settling, non-poring formula provides up to 24 hours of moisture, up to eight hours of wear, and up to eight hours of visible plumping and glow. Clinical Results: In clinical testing on 35 women, after 24 hours: - 24-hour moisture In clinical testing on 33 women, after 8 hours: - 8-hour wear - 8-hour plump look and glow - 8-hour non-settling, non-creasing, and non-poring","Suggested Usage: -Swipe blush stick directly onto cheeks, lips, or face. -Blend with fingers or a brush. -Wear alone or over makeup.","A hybrid skincare-makeup blush stick for face, cheeks, and lips that delivers color, up to 24 hours of hydration, and up to eight hours of glow.",,4617.0,https://www.sephora.com/productimages/sku/s2941672-main-zoom.jpg?imwidth=270,4.7533,150,False,False,False,False,False,False,False,,2026-06-25T01:06:50.966643+00:00
P519549,Laura Geller,The Wonder Balm Cream Blush with Squalane,,https://www.sephora.com/product/the-wonder-balm-for-face-lips-P519549?skuId=2922797,"A weightless, multitasking cream balm for cheeks and lips that delivers sheer, dewy color and hydration for a naturally radiant finish.","What it is: A weightless, multitasking cream balm for cheeks and lips that delivers sheer, dewy color and hydration for a naturally radiant finish. Coverage: Light Finish: Radiant Formulation: Cream Highlighted Ingredients: - Sunflower Seed Oil: Supports skin's moisture barrier. - Squalane: Plant sugar-derived moisturizer balances skin by limiting moisture loss. What Else You Need to Know: Created for mature and dry skin, this skincare-meets-makeup balm hydrates while delivering sheer, dewy color with a weightless, never-greasy feel. Swipe onto cheeks or lips anywhere you want a touch of moisture and a natural-looking flush. The universal shade blends seamlessly for easy, everyday wear. Choose from soft highlighters for a natural-looking glow or radiant blush shades for a sheer wash of color.","Suggested Usage: -Swirl a finger or brush into the pan to warm up the balm. -Tap and blend onto cheeks, lips, or anywhere you want a touch of color. -Repeat to build as desired. -Reapply throughout the day for a fresh boost.","A weightless, multitasking cream balm for cheeks and lips that delivers sheer, dewy color and hydration for a naturally radiant finish.",,1942.0,https://www.sephora.com/productimages/sku/s2922797-main-zoom.jpg?imwidth=270,5.0,4,False,False,False,False,True,False,False,,2026-06-25T01:06:54.453470+00:00
P520082,Benefit Cosmetics,Play Daze Airy Liquid Blush,,https://www.sephora.com/product/play-daze-airy-liquid-blush-P520082?skuId=2936250,"A transformative liquid-to-air formula that sets into weightless, cloud-like color with a natural-matte finish for an instant airbrushed flush.","What it is: A transformative liquid-to-air formula that sets into weightless, cloud-like color with a natural-matte finish for an instant airbrushed flush. Benefits: Long-wearing, Waterproof Formulation: Liquid Highlighted Ingredients: - Microsphere Powder: Diffuses light and creates a soft-focus effect. Ingredient Callouts: Free of parabens and sulfates SLS & SLES. What Else You Need to Know: Heavy blushes getting you down? Not with Play Daze. This airy blush practically floats onto cheeks thanks to its weightless formula. Microsphere powder creates a blurred, caught-in-the-clouds effect. Just dot it on, build, and blend for a diffused, natural-matte finish that lasts all day. Clinical Results: In a self-evaluation by 114 participants, after 1 week: - 98% said it feels weightless - 95% said it blends seamlessly - 93% said it gives an airbrushed effect to skin.",Suggested Usage: -Pump applicator up and down. -Dot onto cheeks and blend.,"A transformative liquid-to-air formula that sets into weightless, cloud-like color with a natural-matte finish for an instant airbrushed flush.",,3069.0,https://www.sephora.com/productimages/sku/s2936250-main-zoom.jpg?imwidth=270,4.6111,1471,False,False,False,False,False,False,False,,2026-06-25T01:06:57.958743+00:00
P454506,Charlotte Tilbury,Cheek to Chic Blush - Pillow Talk Collection,,https://www.sephora.com/product/charlotte-tilbury-cheek-to-chic-blush-pillow-talk-collection-P454506?skuId=2309425,A compact of two universally flattering pink nude blushes—the original Pillow Talk and new Pillow Talk Intense—to make your cheeks glow.,"What it is: A compact of two universally flattering pink nude blushesthe original Pillow Talk and new Pillow Talk Intenseto make your cheeks glow. Ingredient Callouts: This product is cruelty-free. What Else You Need to Know: Richly pigmented for long-lasting wear, Charlotte Tilbury's two-step application blush will brighten any complexion. The shades are buildable so you can adjust the color suit your look. The formula is blendable and colors are uniform. Swish the outer shade across cheekbones to sculpt, then dab the inner color on the apples of your cheeks for a pretty, youthful glow. Light Flex Technology captures light and re-emits it for a luminous complexion. Color-rich pigments are rolled into finely crushed pearls that smooth and buff the skin for excellent blendability and uniform color. The formula is buildable for the perfect, healthy, even glow. ""I've dialed up my iconic nude-pink Pillow Talk shade by adding warmth and deeper, sweeter rose tones for every skin toneexpanding the Pillow Talk universe for every moment, every mood, and everyone!""Charlotte Tilbury","Suggested Usage: -Swish the brush around the outer shade and tap off the excess. -Run the brush flat, up the cheek bone starting from the apple of the cheek to structure the look of the face. -Pop the shade by taking the pointy end of the brush, dipping it in the center color, and tapping off the excess. -Apply to the apples of your cheeks to make them pop and glow, then blend together. -Charlotte's Tip: Always apply your blush at the end of a makeup look so you can see how much color you need. Use Wonderglow face primer (sold separately) throughout the day, dotted on cheekbones to revitalize the complexion.",A compact of two universally flattering pink nude blushes—the original Pillow Talk and new Pillow Talk Intense—to make your cheeks glow.,,72565.0,https://www.sephora.com/productimages/sku/s2309425-main-zoom.jpg?imwidth=270,3.9502,261,False,False,False,False,False,False,False,,2026-06-25T01:07:01.729778+00:00
P517844,Too Faced,Cloud Crush Whipped Lip & Cheek Blush,,https://www.sephora.com/product/too-faced-cloud-crush-whipped-lip-cheek-blur-blush-P517844?skuId=2886000,"A creamy, multiuse, whipped lip and cheek color that hydrates skin and delivers a soft-focus flush of blendable, blurring color.","What it is: A creamy, multiuse, whipped lip and cheek color that hydrates skin and delivers a soft-focus flush of blendable, blurring color. Highlighted Ingredients: -Hyaluronic Oil Ingredient Callouts: Free of parabens, formaldehydes, formaldehyde-releasing agents, phthalates, mineral oil, retinyl palmitate, oxybenzone, coal tar, hydroquinone, sulfates SLS & SLES, triclocarban, triclosan, and contains less than one percent synthetic fragrance. It is also vegan, gluten-free, and cruelty-free. What Else You Need to Know: This blurring, color-true, multiuse lip and cheek color is infused with hyaluronic oil and smooths dry, fine lines. The non-feathering, non-bleeding formula doesn’t disrupt foundation, and it smells like toasted marshmallow.","Suggested Usage: Lips: -Using the doe-foot applicator, sweep over lips until desired level of coverage is reached. -Tap to blur if desired. Cheeks: -Using the doe-foot applicator, apply one to three dots on cheeks and blend with fingers or brush. Pro Tip: -Use a clean finger to blend the hydrating formula on your lips for a blurred effect, then tap the excess product from your finger on your cheeks for a simple and pretty pop of natural-looking color.","A creamy, multiuse, whipped lip and cheek color that hydrates skin and delivers a soft-focus flush of blendable, blurring color.",,13082.0,https://www.sephora.com/productimages/sku/s2886000-main-zoom.jpg?imwidth=270,4.429,711,False,False,False,False,False,False,False,,2026-06-25T01:07:07.390526+00:00
P520123,Benefit Cosmetics,Juice Stick Dewy Gel-Cream Blush,,https://www.sephora.com/product/juice-stick-dewy-gel-cream-blush-P520123?skuId=2938884,"A hydrating gel-cream blush with juicy, sheer, buildable color in one swipe and a dewy glow that’s water resistant, sweatproof, and humidity-proof.","What it is: A hydrating gel-cream blush with juicy, sheer, buildable color in one swipe and a dewy glow that’s water resistant, sweatproof, and humidity-proof. Highlighted Ingredients: - Goji Berry Seed Oil: Nourishes. What Else You Need to Know: Juice Stick blends effortlessly for a fresh, radiant finish. It’s formulated with goji berry seed oil to condition skin with omega 6 fatty acids and coconut water to provide a refreshing, cooling feel for comfortable, long-lasting wear that keeps color looking fresh all day. Clinical Results: In a self-evaluation by 65 participants, after 1 week: - 97% said it gives a natural-looking flush - 95% said it gives skin a healthy-looking glow - 94% said skin looks dewy and that it applies evenly",Suggested Usage: -Twist to open. -Apply to cheeks. -Build and blend. -Seal Juice Stick with its inner cap to keep things fresh.,"A hydrating gel-cream blush with juicy, sheer, buildable color in one swipe and a dewy glow that’s water resistant, sweatproof, and humidity-proof.",,3925.0,https://www.sephora.com/productimages/sku/s2938884-main-zoom.jpg?imwidth=270,4.5071,1686,False,False,True,False,False,False,False,,2026-06-25T01:07:17.822312+00:00
P520514,MAC Cosmetics,Powder Kiss Lip & Cheek Matte Liquid Mousse,,https://www.sephora.com/product/powder-kiss-lip-cheek-mousse-P520514?skuId=2958262,"A multiuse, hazy-matte blush mousse for lips and cheeks that delivers 10-hour hydrating long wear on lips and a soft-focus flush on cheeks.","What it is: A multiuse, hazy-matte blush mousse for lips and cheeks that delivers 10-hour hydrating long wear on lips and a soft-focus flush on cheeks. Ingredient Callouts: Free of parabens, formaldehydes, formaldehyde-releasing agents, triclosan, and Sulfates SLS & SLES. What Else You Need to Know: This multiuse mousse wears like a liquid blush and matte lip color with a whipped, weightless texture. Its hourglass applicator precisely delivers smooth, hazy-matte color that instantly blurs lips and effortlessly enhances your complexion for a natural-looking flush. Clinical Results: In a consumer test on 116 panelists after 1 week of product use on the lips: - 94% said it provided buildable coverage - 95% said it deposited the right amount of color - 95% said it applied smoothly onto lips","Suggested Usage: Lips: -Apply matte lip color directly to lips as desired with the hourglass-shaped applicator that perfectly hugs lips to fill in lines and enhance lips with a smoothing and blurring effect. Cheeks: -Apply matte liquid blush directly to skin with fingertips or a brush, building to desired color intensity and blending out for a blurred look. -Dab one to two dots on cheeks for a soft-focus flush of natural-looking color, or add two or more dots for bolder payoff.","A multiuse, hazy-matte blush mousse for lips and cheeks that delivers 10-hour hydrating long wear on lips and a soft-focus flush on cheeks.",,16805.0,https://www.sephora.com/productimages/sku/s2958262-main-zoom.jpg?imwidth=270,4.7284,243,False,False,False,False,False,False,False,,2026-06-25T01:07:26.782149+00:00
P515575,Bobbi Brown,Pot Rouge Velvet Matte Cream Blush for Cheeks & Lips,,https://www.sephora.com/product/pot-rouge-matte-velvet-cream-blush-for-cheeks-and-lips-P515575?skuId=2873834,A two-in-one multitasking cream blush for cheeks and lips with a soft-matte finish and velvety whipped formula that makes it easy to build any blush look.,"What it is: A two-in-one multitasking cream blush for cheeks and lips with a soft-matte finish and velvety whipped formula that makes it easy to build any blush look. Finish: Matte Ingredient Callouts: Free of parabens, formaldehydes, phthalates, and mineral oil. What Else You Need to Know: This cream-to-powder blush formula melts into skin for a smooth, airy application. The powdery-matte finish helps blur the look of skin for a soft-focus, natural-looking flush. It is available in versatile, easy-to-blend blush shades, from soft pinks to tawny browns, flattering all skin tones. The formula is fade-resistant, non-settling, non-creasing, non-caking, and color true for up to eight hours.","Suggested Usage: -Gently tap blush into cheeks with fingertips or a brush. -Blend to sheer it out, build for more intensity, or layer multiple shades for a dimensional look. -Pat lip tint onto lips for a stain effect.",A two-in-one multitasking cream blush for cheeks and lips with a soft-matte finish and velvety whipped formula that makes it easy to build any blush look.,,13848.0,https://www.sephora.com/productimages/sku/s2873834-main-zoom.jpg?imwidth=270,4.7857,112,False,False,False,False,False,False,False,,2026-06-25T01:07:37.504283+00:00
P519540,Laura Geller,Blush and Brighten Marbleized Baked Powder Blush,,https://www.sephora.com/product/baked-blush-n-brighten-marbleized-blush-P519540?skuId=2922516,"A marbleized baked blush that delivers a natural-looking, multidimensional flush with weightless color and a soft, radiant finish.","What it is: A marbleized baked blush that delivers a natural-looking, multidimensional flush with weightless color and a soft, radiant finish. Finish: Radiant Highlighted Ingredients: - Centella Asiatica: Soothes and calms skin. - White Tea Extract: Is rich in antioxidants to defend against environmental stress. What Else You Need to Know: This silky baked blush delivers long-wearing, smooth coverage with brightening pigments for a fresh flush. Ideal for mature skin, it won’t cake or settle into fine lines. Marbleized swirls create multidimensional color that blends beautifully on any skin tone while antioxidants and white tea extract leave skin feeling soothed and hydrated. It’s handcrafted in Italy and baked on terracotta tiles for 24 hours for an effortless blend.",Suggested Usage: -Use Laura Geller’s angled blush brush (sold separately). -Apply to the apples of your cheeks with a brush -Blend upward toward the hairline -Repeat as needed to build your desired color.,"A marbleized baked blush that delivers a natural-looking, multidimensional flush with weightless color and a soft, radiant finish.",,9971.0,https://www.sephora.com/productimages/sku/s2922516-main-zoom.jpg?imwidth=270,4.5514,107,False,False,False,False,True,False,False,,2026-06-25T01:07:46.087619+00:00
P520538,MAKE UP FOR EVER,Artist Liquid Color Waterproof Liquid Blush for Lip + Cheek,,https://www.sephora.com/product/artist-liquid-color-P520538?skuId=2943249,"A lightweight, transfer-proof cheek and lip color with a comfortable, creamy texture and blurred, matte finish.","What it is: A lightweight, transfer-proof cheek and lip color with a comfortable, creamy texture and blurred, matte finish. Formulation: Liquid Ingredient Callouts: Free of parabens, formaldehydes, formaldehyde-releasing agents, phthalates, mineral oil, retinyl palmitate, oxybenzone, coal tar, hydroquinone, sulfates SLS & SLES, triclocarban, triclosan, and contains less than one percent synthetic fragrance. What Else You Need to Know: This multiuse, weightless formula leaves a semi-matte, non-drying finish that wears all day. The soft pigment melts into skin for buildable color that is long-lasting and waterproof. Perfect to be worn boldly or sheered out for a soft-focus, effortless flush on the lips or cheeks.","Suggested Usage: -Gently wipe off excess product from the tip of the applicator. -Apply a small amount near your temple and buff toward the apple of your cheeks using a dampened sponge or a dense dome brush. -For a monochromatic look, apply one dot to the center of your lips, then blend with your finger. -Pro tip: MAKE UP FOR EVER recommends working on one side at a time and blending quickly before the formula sets, ensuring a smooth, even blend.","A lightweight, transfer-proof cheek and lip color with a comfortable, creamy texture and blurred, matte finish.",,7318.0,https://www.sephora.com/productimages/sku/s2943249-main-zoom.jpg?imwidth=270,4.8229,175,False,False,False,False,False,False,False,,2026-06-25T01:07:52.998774+00:00
P514459,SEPHORA COLLECTION,"Colorful Face Bronzer, Blush & Highlighter Palette",,https://www.sephora.com/product/colorful-face-palettes-P514459?skuId=2820041,"An all-in-one face palette that offers four essential shades—two blushes, one bronzer, and one highlighter—to warm, color, and illuminate the face.","What it is: An all-in-one face palette that offers four essential shades—two blushes, one bronzer, and one highlighter—to warm, color, and illuminate the face. What Else You Need to Know: A must-have for a flawless complexion, SEPHORA COLLECTION’s Colorful Face Palette is a multi-functional palette. It offers four makeup essentials to easily achieve an even, radiant complexion. Warm your face with the bronzing powder and color your cheekbones with the blushes in cool and warm shades. Illuminate your complexion and finalize your look with the highlighter for a glowing radiant result. This Palette Contains: - 2 x Blush Shades - Highlighter - Bronzing Powder","Suggested Use -Bronzing powder: For a sunglow, sculpted look, apply powder with the PRO Bronzer Brush #80 (sold separately) to the hollow of the cheeks, along the hairline and jawline. -Blush: To add a touch of color to cheekbones, dip in blush with the PRO Blush Brush #93 (sold separately) and blend the product, spreading it towards the temples for a subtle lifted effect. Choose your favorite shade or wear both, depending on the look you want. -Highlighter: Use the PRO Highlighter Brush #90 (sold separately) for optimal texture distribution. Perform sweeping movements on curved areas of the face. To add radiance and depth to the complexion, target the bridge of the nose, brow bone, and cupid’s bow.","An all-in-one face palette that offers four essential shades—two blushes, one bronzer, and one highlighter—to warm, color, and illuminate the face.",,39277.0,https://www.sephora.com/productimages/sku/s2820041-main-zoom.jpg?imwidth=270&pb=2023-03-sephora-value-2023,3.7071,297,False,False,False,False,False,False,False,,2026-06-25T01:07:57.257296+00:00
P506965,Valentino,Liquirosso 2 in 1 Soft Matte Liquid Lipstick & Blush,,https://www.sephora.com/product/valentino-liquirosso-P506965?skuId=2874097,"An easy-to-wear, buildable, soft-matte liquid lipstick and liquid blush in one.","What it is: A velvety soft matte liquid lipstick and blush that delivers a smooth, radiant finish with buildable coverage in one swipe. Formulation Type: Liquid Lipstick Benefits: Hydrating Highlighted Ingredients: - Peony Extract: Up to 12 hour comfort. - Roma-Light Complex: Light-reflecting pearls for a radiant finish. What Else You Need to Know: This 2-in-1 lipstick delivers soft matte color for lip and cheeks, suitable for a natural look or an intense color impact. Blendable, hydrating with 12H comfortable wear.","Suggested Usage: -Apply on your lips and cheeks, and gently blend outward with fingertips to blur color. -For full intensity, fill in lips completely with applicator and build to meet desired color payoff. -Use the pointed applicator to line your lips and fill in with the flat side for desired coverage.","An easy-to-wear, buildable, soft-matte liquid lipstick and liquid blush in one.",,56010.0,https://www.sephora.com/productimages/sku/s2874097-main-zoom.jpg?imwidth=270,4.5918,539,False,False,False,False,False,False,False,,2026-06-25T01:08:01.765836+00:00
P270553,Bobbi Brown,Pot Rouge Cream Blush for Lips and Cheeks,,https://www.sephora.com/product/pot-rouge-for-lips-cheeks-P270553?skuId=1418078,"A bestselling, multitasking cream color blush for lips and cheeks that comes in a mirrored flip-top compact for on-the-spot application.","What it is: A bestselling, multitasking cream color blush for lips and cheeks that comes in a mirrored flip-top compact for on-the-spot application. Ingredient Callouts: Free of parabens, formaldehydes, phthalates, mineral oil, and triclosan. What Else You Need to Know: Discover two products in one, giving cheeks a just-pinched natural blush look and lips a soft, stained finish. The mirrored flip-top compact allows for on-the-spot application. A multitasking, lightweight cream color in a wide range of shades, from pale pink to coral glow and rosy red.","Suggested Usage: - For cheek tint, press cream blush onto apples of cheeks with fingertips or brush (sold separately), blending out and down toward hairline. - For lip color, apply with fingertips or a lip brush for a soft, stain-like lip tint. - Pot Rouge Blush can be worn alone or with Lip Liner Pencil and Lip Gloss.","A bestselling, multitasking cream color blush for lips and cheeks that comes in a mirrored flip-top compact for on-the-spot application.",,37705.0,https://www.sephora.com/productimages/sku/s1418078-main-zoom.jpg?imwidth=270,4.6252,627,False,False,False,False,False,False,False,,2026-06-25T01:08:06.214791+00:00
P515912,MAC Cosmetics,Strobe Beam Illuminating Liquid Blush with Buildable Coverage,,https://www.sephora.com/product/strobe-beam-liquid-blush-P515912?skuId=2837466,"An iridescent liquid blush with sheer, buildable coverage in artist-developed shades to strobe, sculpt, shape, and underpaint for personalized payoff.","What it is: An iridescent liquid blush with sheer, buildable coverage in shades to strobe, sculpt, shape and underpaint for personalized payoff. Ingredient Callouts: Free of parabens, formaldehydes, formaldehyde-releasing agents, phthalates, sulfates SLS & SLES, triclocarban, and triclosan. What Else You Need to Know: Get extra-cheeky with this iridescent liquid blush made for sunlight or spotlight. This sheer, buildable, water-based gel formula instantly illuminates and bends light for a natural-looking glow. Each shade is infused with a conditioning blend that feels as good as it looks on your skin. This product is an Allure Best of Beauty award winner.","Suggested Usage: - Apply Liquid Blush directly to skin with fingertips or a brush, building to desired colour intensity. - Dab one to two dots on cheeks for a soft flush of blush - or add two or more dots for a glam look. - Blush can be used over liquid and powder formulas. - Pro tip: Layer two shades for a multidimensional blush look.","An iridescent liquid blush with sheer, buildable coverage in artist-developed shades to strobe, sculpt, shape, and underpaint for personalized payoff.",,6220.0,https://www.sephora.com/productimages/sku/s2837466-main-zoom.jpg?imwidth=270&pb=allure-2025-best-of-beauty-award-winner,4.5429,140,False,False,False,False,False,False,False,,2026-06-25T01:08:10.986121+00:00
P512208,Anastasia Beverly Hills,Blurring Serum Liquid Blush,,https://www.sephora.com/product/anastasia-beverly-hills-blurring-serum-liquid-blush-P512208?skuId=2771996,"A serum-enriched, hydrating liquid blush that has a blurring soft-matte finish. This innovative skin-loving formula delivers buildable vibrant color","What it is: A serum-enriched, hydrating liquid blush that has a blurring soft-matte finish. This innovative skin-loving formula delivers buildable vibrant color. Highlighted Ingredients: - Niacinamide - Pomegranate Peels Extract Ingredient Callouts: Free of parabens, formaldehydes, formaldehyde-releasing agents, phthalates, mineral oil, retinyl palmitate, oxybenzone, coal tar, hydroquinone, sulfates SLS & SLES, triclocarban, triclosan, and contains less than one percent synthetic fragrance. It is also vegan and cruelty-free. What Else You Need to Know: A hydrating, soft-matte liquid blush with a radiant, blurred finish. The innovative, skin-loving formula, enriched with niacinamide and pomegranate peels extract, delivers buildable, vibrant color. The gel-like texture grips to the skin, creating a flushed-from-within effect.","Suggested Usage: -Squeeze directly onto the cheeks using the applicator for buildable color. -One dot for a natural flush, two to three dots for more intensity. -Blend with fingertips using gentle pressing motions. -Build to desired finish. Pro Tips: -Layer two shades to create a custom effect. -Apply to the center of the face for a youthful look. -Use shade Hibiscus to create a ‘sunburnt’ effect.","A serum-enriched, hydrating liquid blush that has a blurring soft-matte finish. This innovative skin-loving formula delivers buildable vibrant color",,44918.0,https://www.sephora.com/productimages/sku/s2771996-main-zoom.jpg?imwidth=270,4.5762,505,False,False,False,False,False,False,False,,2026-06-25T01:08:14.992538+00:00
P520308,Fenty Beauty by Rihanna,Mini Killawatt Freestyle Highlighter,,https://www.sephora.com/product/mini-killwatt-freestyle-highlighter-P520308?skuId=2929537,"A weightless, long-wear, cream-powder hybrid highlighter for the face and eyes in a range of shades, from subtle to supercharged, in solos and expertly-paired duos.","What it is: A weightless, long-wear, cream-powder hybrid highlighter for the face and eyes in a range of shades, from subtle to supercharged, in solos and expertly-paired duos. Ingredient Callouts: Free of parabens and phthalates. This product is also cruelty-free. What Else You Need to Know: This long-wearing highlighter was born in a lineup of solos and duos for all skin tones. The cream-powder hybrid melts into skin and blends with almost zero effort. Loaded with superfine shimmer for an ultra-smooth, creamy texture, it’s your go-to for highlighting your face, eyes, and collarbone.","Suggested Usage: -Each duo features a subtle sheen on the left (perfect for the day) and supercharged shimmer on the right (killer for night). -For the second step of the Fenty Face, layer that highlight. -Use the Cheek-Hugging Highlight Brush 120 (sold separately) to apply onto cheekbones. The brush’s asymmetrical, shark-tooth shape, lets you highlight with more edge and precision. Use the fatter side to supercharge cheeks, the leaner side to luminize your nose and chin, and the precision tip to brighten eyes and your Cupid’s bow.","A weightless, long-wear, cream-powder hybrid highlighter for the face and eyes in a range of shades, from subtle to supercharged, in solos and expertly-paired duos.",,9320.0,https://www.sephora.com/productimages/sku/s2929537-main-zoom.jpg?imwidth=270,4.875,8,False,False,False,True,False,False,False,,2026-06-25T01:08:19.278019+00:00
P522224,NARS,Mini Multiple Blush & Sculpt Stick Duo,,https://www.sephora.com/product/mini-multiple-sculpt-stick-set-P522224?skuId=2974988,A duo of The Multiple and The Multiple Sculpting Stick for on-the-go color.,"What it is: A duo of The Multiple and The Multiple Sculpting Stick for on-the-go color. Highlighted Ingredients: - Peach Kernel Oil: Nourishes the skin for a healthy-looking and supple complexion. - Rhubarb Root Extract: Antioxidant that defends against environmental aggressors. - Soft-Focus Powders: Silky, ultrafine powders provide a blurred, perfected look to skin. Ingredient Callouts: Free of parabens, phthalates, mineral oil, and sulfates SLS & SLES. What Else You Need to Know: Enhance, define, and accentuate cheeks with The Multiple Mini Blush and Sculpt Duo, featuring bestselling shades of The Multiple plus NEW The Multiple Sculpting Stick. This multipurpose cream-to-powder stick blends seamlessly to provide sculpted warmth, soft-focus color, or dynamic dimension. This Set Contains: - 2 x 0.12 oz/ 3.5 g Mini The Multiple Soft Blur Blush Stick for Cheeks, Eyes, and Lips","Suggested Usage: The Mini Multiple: -Swipe onto the cheeks, lips, and eyes for a monochromatic look, or apply to one area for targeted color. -Blend with fingertips to diffuse color using short sweeping or tapping motions. -If brush application is desired, pick up product directly from the stick with brush and blend onto skin. -For cheeks, we recommend #15 Precision Powder Brush (sold separately) or #16 Blush Brush (sold separately). -For eyes, we recommend #21 Small Eyeshadow Brush (sold separately), #24 High-Pigment Eyeshadow Brush (sold separately), or #25 Smudge Brush (sold separately). -For an unexpected color pairing, layer under your favorite powder Blush. -Choose a deeper shade and apply to lower cheek bones, then blend upward to create a color contouring effect. The Mini Multiple Sculpting Stick: -To create the ultimate sculpt, swipe product directly onto skin, starting across the forehead near the hairline, directly below the cheekbone, and along the jawline. -Tap and buff into the skin using the #17 Cream Cheek Brush (sold separately). -For a naturally bronzed effect, pick up product directly from the stick with #17 Cream Cheek Brush (sold separately). -Tap the brush underneath cheekbones blending upwards and across the forehead.",A duo of The Multiple and The Multiple Sculpting Stick for on-the-go color.,,3183.0,https://www.sephora.com/productimages/sku/s2974988-main-zoom.jpg?imwidth=270,2.8,5,False,True,False,False,False,False,False,,2026-06-25T01:08:29.102008+00:00
P509533,NATASHA DENONA,My Mini Dream Glow Blush,,https://www.sephora.com/product/natasha-denona-my-mini-dream-glow-blush-P509533?skuId=2743375,"A soft, hybrid powder blush-and-highlighter trio in a radiant matte finish, featuring different tones and textures of the iconic mauve shade Natasha.","What it is: A soft, hybrid powder blush-and-highlighter trio in a radiant matte finish, featuring different tones and textures of the iconic mauve shade Natasha. Ingredient Callouts: Free of parabens and mineral oil. It is also cruelty-free. What Else You Need to Know: Inspired by Natasha’s best-selling My Dream collection, the My Mini Dream Glow Blush is the perfect on-the-go, everyday cheek essential. Combining high-performing textures, a flexible, hydrated feel, and a long-lasting, lightweight finish, the My Mini Dream Glow Blush delivers a natural pop of color and a dreamy radiant-to-matte finish to the skin. This Set Contains: - 3 x 0.02 oz/ 6 g shades in Icy Rosy Ivory, Nude Pink, Vintage Rose Palette Size: 1.89""w x 2.76""d x 0.47""h (mini size)","Suggested Usage: -Using a blush brush, apply the blush shades to the apples of the cheeks in circular motions, blending upwards onto the cheekbones. -Using a blush brush or your fingertips, apply the highlighter on the highest points of the cheekbones to add dimension and radiance. -To achieve a radiant and flushed look, blend all three shades together and apply.","A soft, hybrid powder blush-and-highlighter trio in a radiant matte finish, featuring different tones and textures of the iconic mauve shade Natasha.",,27899.0,https://www.sephora.com/productimages/sku/s2743375-main-zoom.jpg?imwidth=270,4.527,148,False,False,False,False,False,False,False,,2026-06-25T01:08:36.863473+00:00
P520071,NARS,Mini Multiple Soft Blur Blush Stick Duo,,https://www.sephora.com/product/mini-multiple-soft-blur-blush-stick-duo-P520071?skuId=2927366,A set of two mini duos of The Multiple in coveted color pairings.,"What it is: A set of two mini duos of The Multiple in coveted color pairings. Highlighted Ingredients: - Peach Kernel Oil: Nourishes the skin for a healthy-looking, supple complexion. - Rhubarb Root Extract: Antioxidant that helps defend against environmental aggressors. - Soft-Focus Powders: Silky, ultrafine powders that provide a blurred, perfected look to skin. Ingredient Callouts: Free of parabens and sulfates SLS & SLES. This Set Contains: - 1 x Mini The Multiple Soft Blur Blush Stick for Cheeks, Eyes, and Lips in Orgasm Crave - 1 x Mini The Multiple Soft Blur Blush Stick for Cheeks, Eyes, and Lips in Bad Habit","Suggested Usage: -Swipe onto the cheeks, lips, and eyes for a monochromatic look, or apply to one area for targeted color. -Blend with fingertips to diffuse color using short sweeping or tapping motions. -If brush application is desired, pick up product directly from the stick with brush and blend onto skin. -For cheeks, try the #15 Precision Powder Brush or #16 Blush Brush (sold separately). -For eyes, try the #21 Small Eyeshadow Brush, #24 High-Pigment Eyeshadow Brush, or #25 Smudge Brush (sold separately). -For an unexpected color pairing, layer under your favorite powder blush. -Choose a deeper shade and apply to lower cheek bones, then blend upward to create a color-contouring effect.",A set of two mini duos of The Multiple in coveted color pairings.,,9995.0,https://www.sephora.com/productimages/sku/s2927366-main-zoom.jpg?imwidth=270,3.6667,3,False,False,True,True,False,False,False,,2026-06-25T01:08:40.926457+00:00
P442793,DIOR,Rouge Blush,,https://www.sephora.com/product/rouge-blush-P442793?skuId=2686962,"An ultra-pigmented, long-wearing blush for intense cheek color.","What it is: The iconic powder blush that gives a glowing look with a second-skin feel now comes in a 90%* natural-origin formula and 4 finishes. What Else You Need to Know: Available in matte and satin finishes, this blush brings a year-round glow to a wide range of complexions while keeping skin hydrated for all-day comfort. The long-wearing, ultra-pigmented formula delivers buildable couture color for subtle to intense makeup looks.","Suggested Usage: -Use a blush brush to sweep Rouge Blush from the top of the cheeks, blending downwards. -In a circular motion, blend onto the apples of your cheeks. -For a sculpting, illuminating effect, apply the blush at the top of the cheeks, blending out towards the temple and over the brow arch.","An ultra-pigmented, long-wearing blush for intense cheek color.",,84759.0,https://www.sephora.com/productimages/sku/s2686962-main-zoom.jpg?imwidth=270,4.6429,28,False,False,False,False,True,False,False,,2026-06-25T01:08:45.140086+00:00
P507343,Mango People,Mango Cream Blush & Lip Multistick,,https://www.sephora.com/product/mango-cream-blush-lip-multistick-P507343?skuId=2717791,"A hydrating, multiuse cream blush and lip color that melts into skin for a natural flush of color.","What it is: A hydrating, multiuse cream blush and lip color infused with adaptogens from Ayurveda that melts into skin for a natural flush of color. Finish: Radiant Formulation: Stick Highlighted Ingredients: - Mango Butter: Highly moisturizing butter that leaves skin healthy and hydrated. - Ashwagandha: Ayurvedic herb that calms skin. - Cherry Extract: Helps protect skin against free radicals. Ingredient Callouts: This product is vegan, gluten-free, cruelty-free, and comes in recyclable packaging. What Else You Need to Know: This blush and lip multi-stick is formulated with the perfect blend of fruit extracts and ayurvedic herbs to nourish and protect your skin while adding rich and long-wearing pigments that look and, most importantly, feel incredible on the skin. Products formulated without certain ingredients, including parabens, sulfates, phthalates, and mineral oils, from brands that have met our specific criteria for ingredient sourcing and formulation, packaging, environmental commitments, and consumer transparency. Learn more here .","Suggested Usage: -Apply directly onto eyes, lips, and cheeks. -Blend the product into your skin with a brush or a sponge. -For a natural flush of color, use the warmth of your fingertips to pick up the product and blend into your skin. -Pro tip: to improve longevity, set cheeks and eyes with a setting powder or spray.","A hydrating, multiuse cream blush and lip color that melts into skin for a natural flush of color.",,30224.0,https://www.sephora.com/productimages/sku/s2717791-main-zoom.jpg?imwidth=270&pb=clean-planet-aware,4.5229,262,False,False,True,False,True,False,False,wf,2026-06-25T01:08:49.614302+00:00
P474813,Anastasia Beverly Hills,Cream Stick Blush with Brush Applicator,,https://www.sephora.com/product/anastasia-beverly-hills-stick-blush-P474813?skuId=2474419,"A buildable, ultra-lightweight cream blush that melts into skin and creates radiant, natural-looking color with a seamless finish.","What it is: A buildable, ultra-lightweight cream blush that melts into skin and creates radiant, natural-looking color with a seamless finish. Finish: Radiant Formulation: Stick Ingredient Callouts: This product is free of parabens, phthalates, mineral oil, sulfates SLS & SLES, and contains less than one percent synthetic fragrance. This product is also cruelty-free. What Else You Need to Know: This Stick Blush glides onto skin with ease, creating long-lasting color with a soft-focus effect that blurs and diffuses for fresh-faced, glowing skin. This buildable and blendable formula means that you can easily go from a sheer wash to a more intense, vivid pop, and it will not streak or smudge.","Suggested Usage: -Swipe a small amount of Stick Blush to the center of the cheek directly from the stick. -Blend upwards towards the hairline using the brush. -Use circular motions to blend and tapping motions to build color. -Layer for desired intensity. Pro tips: -Can be applied with fingertips or brush. -For a light flush, tap on with your fingers and blend out edges. -For a bold blush look, use pressing motions in desired placement and blend out edges. -Apply a dab of color to the center of the bridge of the nose for a youthful look. -Apply to bare lips for a natural flush of color.","A buildable, ultra-lightweight cream blush that melts into skin and creates radiant, natural-looking color with a seamless finish.",,103180.0,https://www.sephora.com/productimages/sku/s2474419-main-zoom.jpg?imwidth=270,4.5895,799,False,False,False,False,False,False,False,,2026-06-25T01:08:54.108020+00:00
P519542,Laura Geller,Serum Blush Liquid Cheek Tint,,https://www.sephora.com/product/serum-blush-cheek-tint-P519542?skuId=2922706,"A refreshing serum blush that melts into skin for a watercolor-like flush of color with a hydrating, cooling feel.","What it is: A refreshing serum blush that melts into skin for a watercolor-like flush of color with a hydrating, cooling feel. Highlighted Ingredients: - Hyaluronic Acid: A powerful hydrator that draws moisture into the skin to intensely hydrate. - Polysaccharide: Moisturizers that strengthen the skin barrier. What Else You Need to Know: This silky blush-serum glides on with a sheer tint that blends effortlessly without disrupting makeup underneath. Infused with skin-plumping hydrators, it delivers a cooling sensation and a natural-looking flush that lasts. It’s fragrance-free and 100 percent vegan.",Suggested Usage: -Twist the base to dispense product through the sponge tip. -Dab onto cheeks. -Blend with clean fingertips or a blush brush. -Build as desired for more color.,"A refreshing serum blush that melts into skin for a watercolor-like flush of color with a hydrating, cooling feel.",,1939.0,https://www.sephora.com/productimages/sku/s2922706-main-zoom.jpg?imwidth=270,4.6667,3,False,False,False,False,True,False,False,,2026-06-25T01:08:58.282314+00:00
P506540,PAT McGRATH LABS,Divine Cream Blush: Legendary Glow Color Balm,,https://www.sephora.com/product/divine-cream-blush-legendary-glow-color-balm-P506540?skuId=2766780,"A glow-boosting cream blush stick that imparts a nourishing veil of glossy, gleaming color.","What it is: A glow-boosting cream blush stick that imparts a nourishing veil of glossy, gleaming color. Coverage: Light Finish: Radiant Formulation: Stick Highlighted Ingredients: - Shea Butter: Antioxidant rich, anti-inflammatory, and boosts skin's moisture. - Squalane: Non-comedogenic, smoothes skin, and help's control oil production. - Passion Fruit Extract: Antioxidant rich, promotes collagen production. Ingredient Callouts: Free of parabens, phthalates, and sulfates SLS & SLES. What Else You Need to Know: This versatile, nongreasy formula suits all skin tones, ensuring the perfect touch of color. Enriched with shea butter, squalane, and passion fruit extract, Divine Blush: Legendary Glow Colour Balm keeps your complexion smooth and supple. Its glossy finish delivers a lustrous, radiant reflection.","Suggested Usage: Soft blush veil: -Gently swipe or dot the balm onto the apples of the cheek and blend with fingers or brush. -Blend and diffuse the balm for a sheer effect using either brush and/ or the warmth of the fingertips. Rich color saturation: -Swipe the balm directly onto the face and blend out the edges for bolder blush looks. -Blend with a brush, fingertips, or sponge using tapping gestures to build color intensity. Pat’s tips: -Swipe the balm from the cheekbones toward the temples and diffuse the color to lift and accentuate bone structure. -Blend a dot of the balm onto the apples of the cheeks and nose bridge for a sunkissed look. -Use a fingertip to press balm onto the lips for a sheer wash of color or layer for extra opacity.","A glow-boosting cream blush stick that imparts a nourishing veil of glossy, gleaming color.",,55010.0,https://www.sephora.com/productimages/sku/s2766780-main-zoom.jpg?imwidth=270,4.424,375,False,False,False,False,False,False,False,,2026-06-25T01:09:03.352951+00:00
P476712,MILK MAKEUP,Bionic Liquid Blush with Hyaluronic Acid,,https://www.sephora.com/product/milk-makeup-bionic-buildable-liquid-blush-P476712?skuId=2486967,A liquid blush that can be blended sheer or layered for more intense payoff and is infused with hyaluronic acid and mushroom for a hydrated flush of color.,"What it is: A liquid blush that can be blended sheer or layered for more intense payoff and is infused with hyaluronic acid and mushroom for a hydrated flush of color. Highlighted Ingredients: - Snow Mushroom, Reishi Mushroom, and Hyaluronic Acid: Combine to hydrate for plumper-, smoother-looking skin. - Plant-Derived Collagen: Helps improve the look of skin texture, elasticity, and firmness. Ingredient Callouts: This product is vegan, gluten-free, and cruelty-free. What Else You Need to Know: This weightless, buildable liquid blush is 90 percent natural, clean, vegan, and cruelty-free. It blends and builds into skin effortlessly for a healthy flush of color that can be dialed up or down, while the powdery finish layers seamlessly over other makeup. Clean at Sephora is our commitment to offering effective products without certain ingredients, such as parabens, sulfates, phthalates, and mineral oils. Learn more here .","Suggested Usage: - For best results, shake well before use. -Gently squeeze tube to dispense a tiny dot of formula. - Softly blend into skin with fingertips, brush, or sponge. - Add more to build and intensify color. - Can be worn alone or applied seamlessly over any makeup. - Due to the high natural content of this formula, some variation in viscosity may occur. If this happens, shake or massage tube in palms.",A liquid blush that can be blended sheer or layered for more intense payoff and is infused with hyaluronic acid and mushroom for a hydrated flush of color.,,43078.0,https://www.sephora.com/productimages/sku/s2486967-main-zoom.jpg?imwidth=270&pb=clean-at-sephora,4.2843,1087,False,False,True,False,False,False,False,,2026-06-25T01:09:08.313746+00:00
P513035,MAKE UP FOR EVER,HD Skin Blush & Glow Longwear Cream Face Palette,,https://www.sephora.com/product/hd-skin-blush-glow-longwear-cream-face-palette-P513035?skuId=2844660,"An easy-to-use cream palette with universal blush and highlighter shades that softly build to your desired intensity for endless glowy, colorful looks.","What it is: An easy-to-use cream palette with universal blush and highlighter shades that softly build to your desired intensity for endless glowy, colorful looks. Ingredient Callouts: Free of parabens, formaldehydes, formaldehyde-releasing agents, phthalates, mineral oil, retinyl palmitate, oxybenzone, coal tar, hydroquinone, sulfates SLS & SLES, triclocarban, triclosan, and contains less than one percent synthetic fragrance. These products are also vegan, gluten-free, cruelty-free, and come in recyclable packaging. What Else You Need to Know: This 12-pan palette elevates your cheek game. It includes six multi-finish blushes and six sheer, shimmering highlighters. The lightweight formula delivers a natural, lit-from-within glow that can be customized and layered to create any look. Comfortable yet long-lasting with up to 12 hours of wear. This Palette Contains: - 6 x 0.07 oz/ 2.2 g Blushes in 202 - Semi Matte Cool Pink, 300 - Shimmering Warm Pink, 220 - Semi Matte Berry, 310 - Semi Matte Coral, 322 - Semi Matte Plum, 222 - Shimmering Vibrant Orange","- 6 x 0.07 oz/ 2.2 g Highlighters in 118 - Shimmering Warm Coral, 112 - Shimmering Pink Gold, 116 - Shimmering Peach, 110 - Shimmering Ivory, 100 - Shimmering Gold, 114 - Shimmering Pearl","An easy-to-use cream palette with universal blush and highlighter shades that softly build to your desired intensity for endless glowy, colorful looks.",,48245.0,https://www.sephora.com/productimages/sku/s2844660-main-zoom.jpg?imwidth=270,4.75,200,False,False,False,False,False,False,False,,2026-06-25T01:09:12.923087+00:00
P19700127,Fenty Beauty by Rihanna,Cheeks Out Freestyle Cream Blush,,https://www.sephora.com/product/fenty-beauty-rihanna-cheeks-out-freestyle-cream-blush-P19700127?skuId=2700938,,,,,,,https://www.sephora.com/productimages/sku/s2700938-main-zoom.jpg?imwidth=270,4.271,1557,False,False,False,False,False,True,False,,2026-06-25T01:09:17.264632+00:00
P511282,IT Cosmetics,Glow with Confidence Sun Cream Blush with Hyaluronic Acid,,https://www.sephora.com/product/it-cosmetics-glow-with-confidence-sun-blush-P511282?skuId=2773349,A cream blush and bronzer in one with a 92% solid serum skincare base that provides 24HR hydration and a pop of color for a naturally sun-kissed look.,"What it is: A cream blush and bronzer in one with a 92% solid serum skincare base that provides 24HR hydration and a pop of color for a naturally sun-kissed look. Finish: Natural Formulation: Cream Highlighted Ingredients: - Vitamin E: Nourishes and provides antioxidant protection. - Peptides: Support collagen and visibly firm. - Hyaluronic Acid: Intensely hydrates and visibly plumps. Ingredient Callouts: Free of parabens. What Else You Need to Know: Available in 5 easily buildable shades, this blush + bronzer with a weightless creamy balm texture seamlessly melts into skin while smoothing and adding back dimension and lift to your face. Apply on bare skin or layer over foundation for a youthful, glowing skin appearance.","Suggested Usage: -Using light pressure, swirl your fingers or tap your favorite blush brush into the jar 1-2 times. -Gently tap blush slightly above the apple of the cheek, blending up and out toward the temple to create the look of lift. -Blend any remaining product on brush along the hairline and/or jawline.",A cream blush and bronzer in one with a 92% solid serum skincare base that provides 24HR hydration and a pop of color for a naturally sun-kissed look.,,17764.0,https://www.sephora.com/productimages/sku/s2773349-main-zoom.jpg?imwidth=270,4.6685,368,False,False,False,False,False,False,False,,2026-06-25T01:09:21.140393+00:00
P525115,Fara Homidi,Essential Blonzer Refillable Compact,,https://www.sephora.com/product/essential-blonzer-refillable-compact-P525115?skuId=2971521,An ultra-smooth blonzing powder with a cream-like feel to amp up the heat and pair with Fara Homidi’s Essential Bronzer Compact (sold separately) for burnished and blazed cheeks.,"What it is: An ultra-smooth blonzing powder with a cream-like feel to amp up the heat and pair with Fara Homidi’s Essential Bronzer Compact (sold separately) for burnished and blazed cheeks. Finish: Matte Formulation: Pressed Powder Highlighted Ingredients: - Snow Mushroom: Locks in moisture with powerful hydration and antioxidants. - Passionfruit Seed Oil: Visibly plumps and improves softness and suppleness. - Squalane: Prevents loss of hydration and supports elasticity and firmness. What Else You Need to Know: Lumi-Matte technology, a term coined by Fara Homidi, consists of two oils, one richer and one lighter, that help in the adhesion of the powder and give a creamy texture to the touch. A very light silicone allows for a smooth, lightweight feel. Clean at Sephora Clean at Sephora is our commitment to offering effective products without certain ingredients, such as parabens, sulfates, phthalates, and mineral oils. Learn more here .","Suggested Usage: -To a prepped complexion, use the Shader Brush (sold separately) for either an all-over soft dusting or for precise blonzing and burnishing. -For an all-over blonzed effect, dip brush directly into the compact and swirl until product is evenly dispersed onto bristles. -Gently sweep over the inner face areas that the sun would touch; cheeks, nose, and forehead. The finish is a feather-light luminous-matte flush. Refill Product Instructions: -Insert your fingertip or a small pin into the compact notch to lift the empty pan from the clamshell base. -Insert a new refill pan into the empty compact and feel the magnetic click. -Once the Fara Homidi logo in the pan and on the base have aligned, the refill is oriented and secure.",An ultra-smooth blonzing powder with a cream-like feel to amp up the heat and pair with Fara Homidi’s Essential Bronzer Compact (sold separately) for burnished and blazed cheeks.,,560.0,https://www.sephora.com/productimages/sku/s2971521-main-zoom.jpg?imwidth=270&pb=clean-at-sephora,5.0,5,False,True,True,False,True,False,False,,2026-06-25T01:09:25.642366+00:00
P515454,ISAMAYA,Skin Enhancing Duo- Cream Blush and Highlighter,,https://www.sephora.com/product/skin-enhancing-duo-cream-blush-highlighter-P515454?skuId=2855559,Shop ISAMAYA’s Skin Enhancing Duo- Blush and Highlighter at Sephora. This dreamy blush and highlighter pair elevates your cheek game.,"What it is: An ultra-blendable cream blush and highlighter duo delivers glow while boosting hydration and radiance. Highlighted Ingredients: - Specialist Phytocomplex: Smooths skin. - Lanolin-Like Film Former: Hydrates skin. Ingredient Callouts: These products are vegan, gluten-free, cruelty-free, and come in recyclable packaging. What Else You Need to Know: The unique solid-to-cream formula is designed for cheeks, lips, and eyes to elevate your cheek game. Lightweight and ultra-blendable, it’s your go-to for a refined, luminous finish. This Set / Palette Contains: - 0.18 oz/ 5.3 mL Blush - 0.18 oz/ 5.3 mL Highlighter","Suggested Usage: -Apply blush to cheeks, lips, eyelids. -Apply highlighter to cheek, eyelids, and high points for shine.",Shop ISAMAYA’s Skin Enhancing Duo- Blush and Highlighter at Sephora. This dreamy blush and highlighter pair elevates your cheek game.,,14430.0,https://www.sephora.com/productimages/sku/s2855559-main-zoom.jpg?imwidth=270,4.0645,31,False,False,True,False,False,False,False,,2026-06-25T01:09:29.205569+00:00
P525084,Ogee,Sculpted Cream Blush Stick,,https://www.sephora.com/product/sculpted-face-stick-blush-P525084?skuId=3004868,"A multiuse cream blush stick that delivers buildable color with a natural finish and a lightweight, hydrating feel.","What it is: A multiuse cream blush stick that delivers buildable color with a natural finish and a lightweight, hydrating feel. Coverage: Light Finish: Radiant Formulation: Stick Highlighted Ingredients: - Green Coffee Oil: Supports collagen and elastin production to promote firmness and fullness. - Cold-Pressed Jojoba Oil: Noncomedogenic liquid wax that hydrates, nourishes, and smooths. - Elderberry Extract: Antioxidant-rich superfruit that visibly tightens and reduces signs of aging. Ingredient Callouts: This product is cruelty-free. What Else You Need to Know: Seamless, buildable color that enhances natural radiance, with a formula suitable for sensitive skin. This cream blush features a skincare-first blend with 88 percent skincare and 12 percent makeup, infused with nourishing botanicals like jojoba and green coffee oil. Dermatologically tested. Clinical Results: In an in-vivo study done on the key ingredient, jojoba oil, at 10 percent, results show it’s clinically proven to: - Help reduce sebum production and pore size - Improve skin radiance - Improve skin moisturization In a 2-week consumer study of 60 participants: - 100% said skin felt hydrated - 97% said skin felt more comfortable - 90% said skin looked more radiant, smoother, and more even Clean at Sephora Clean at Sephora is our commitment to offering effective products without certain ingredients, such as parabens, sulfates, phthalates, and mineral oils. Learn more here .","Suggested Usage: -Swipe directly onto cheeks, lips, or eyelids for a natural-looking flush of color. -Blend with fingertips or a brush, tapping gently for a seamless, natural finish. -Layer to build color and dimension, from a soft wash to a more vibrant pop.","A multiuse cream blush stick that delivers buildable color with a natural finish and a lightweight, hydrating feel.",,273.0,https://www.sephora.com/productimages/sku/s3004868-main-zoom.jpg?imwidth=270&pb=clean-at-sephora,4.8444,135,False,True,False,False,True,False,False,,2026-06-25T01:09:32.307368+00:00
P433527,Charlotte Tilbury,Cheek To Chic Blush,,https://www.sephora.com/product/cheek-to-chic-P433527?skuId=2115905,An easy swish-and-pop powder blush duo.,"What it is: An easy swish-and-pop powder blush duo. What it does: Richly pigmented for long-lasting wear, Charlotte Tilbury's two-step application blush will brighten any complexion. The shades are buildable so you can adjust the color suit your look. The formula is blendable and colors are uniform. Swish the outer shade across cheekbones to sculpt, then dab the inner color on the apples of your cheeks for a pretty, youthful glow. Light Flex Technology captures light and re-emits it for a luminous complexion. Color-rich pigments are rolled into finely crushed pearls that smooth and buff the skin for excellent blendability and uniform color. The formula is buildable for the perfect, healthy, even glow. What it is formulated WITHOUT: - Parabens","Suggested Usage: -Swish the brush around the outer shade and tap off the excess. -Run the brush flat, up the cheek bone starting from the apple of the cheek to structure the look of the face. -Pop the shade by taking the pointy end of the brush, dipping it in the center color, and tapping off the excess. -Apply to the apples of your cheeks to make them pop and glow, then blend together. -Charlotte's Tip: Always apply your blush at the end of a makeup look so you can see how much color you need. Use Wonderglow face primer (sold separately) throughout the day, dotted on cheekbones to revitalize the complexion.",An easy swish-and-pop powder blush duo.,,140233.0,https://www.sephora.com/productimages/sku/s2115905-main-zoom.jpg?imwidth=270,3.8538,301,False,False,False,False,False,False,False,,2026-06-25T01:09:36.075805+00:00
P408286,NUDESTIX,Tinted Gel Lip Balm,,https://www.sephora.com/product/gel-color-lip-cheek-balm-P408286?skuId=1825975,,,,,,,https://www.sephora.com/productimages/sku/s1825975-main-zoom.jpg?imwidth=270&pb=clean-at-sephora,4.4151,106,False,False,False,False,False,True,False,,2026-06-25T01:09:40.852644+00:00
P436152,Kaja,Cheeky Stamp Blendable Blush,,https://www.sephora.com/product/cheeky-stamp-blendable-blush-P436152?skuId=2252112,"A cushion blush formula, with a heart-shaped applicator, that blends out to a sheer-to-buildable flush of color.","What it is: A cushion blush formula, with a heart-shaped applicator, that blends out to a sheer-to-buildable flush of color. What it does: Show cheeks some love with this cushion blush that delivers a crush-worthy flush. For best use, twist the top to reveal the heart-shaped sponge, pop open bottom, and press the applicator into the cushion compact. Stamp once for a natural-looking glow, and twice for a bold pop of color. Kaja is cruelty-free. This product is vegan. What it is formulated WITHOUT: - Parabens - Sulfates - Phthalates","Suggested Usage: -Twist top to reveal heart-shaped applicator. -Pop open bottom compact. -Press sponge into product and stamp on the apples of cheeks. -Blend immediately with fingertips. -Tip: Stamp once for a natural-looking flush, or twice to build to a bold color.","A cushion blush formula, with a heart-shaped applicator, that blends out to a sheer-to-buildable flush of color.",,131874.0,https://www.sephora.com/productimages/sku/s2252112-main-zoom.jpg?imwidth=270,4.3259,1666,False,False,True,False,False,False,False,,2026-06-25T01:09:44.946660+00:00
P521064,LIXR Beauty,Lixstick™ Creamy Lip +Cheek Tint Stick,,https://www.sephora.com/product/lixr-lixstick-multi-tint-P521064?skuId=2955201,"A creamy two-in-one tint that hydrates lips and cheeks with effortless, buildable colour.","What it is: A creamy two-in-one tint that hydrates lips and cheeks with effortless, buildable colour. Coverage: Medium Formulation: Stick Highlighted Ingredients: - Hyaluronic Acid: Hydrates. - Raspberry Seed Oil: Provides antioxidant benefits. - Jojoba Esters: Enhances hydration while supporting a healthier-looking barrier. Ingredient Callouts: This product is vegan, gluten-free, and cruelty-free. What Else You Need to Know: This ultra-concentrated, waterless lip and cheek tint is designed with no skin-barrier damaging ingredients, less packaging, less waste, and more colour per swipe. A little goes a long way, delivering buildable satin pigment and hydration powered by hyaluronic acid, in a perfectly portable stick. Clean at Sephora Clean at Sephora is our commitment to offering effective products without certain ingredients, such as parabens, sulfates, phthalates, and mineral oils. Learn more here .","Suggested Usage: -Apply directly to lips or cheeks. -Layer and blend for desired coverage. -Blend with your fingertips, or a brush. -Apply lightly for sheer color or build coverage for a bold pop of color. -The lixstick blends effortlessly over the Lixr Skin Shake Bi-Phase Tinted Serum and the Multi-Use Complexion Stick (both sold separately).","A creamy two-in-one tint that hydrates lips and cheeks with effortless, buildable colour.",,2517.0,https://www.sephora.com/productimages/sku/s2955201-main-zoom.jpg?imwidth=270&pb=clean-planet-aware,5.0,7,False,False,True,False,False,False,False,,2026-06-25T01:09:49.183209+00:00
P510918,Kaja,Dewy Bar Blush & Lip Balm,,https://www.sephora.com/product/kaja-dewy-blush-bar-P510918?skuId=2775013,A hydrating cheek and lip balm multi-stick that effortlessly melts onto cheeks and lips to create the perfect flushed and dewy look.,"What it is: A hydrating blush and lip balm multi-stick that effortlessly melts onto cheeks and lips to create the perfect flushed and dewy look. Highlighted Ingredients: - Apple Extract: Improves the appearance of skin texture and tone. - Green Tangerine Extract: Strengthens the skin’s moisture barrier. - VIT-HA: A blend of vitamin C and hyaluronic acid which moisturizes and brightens the look of skin. Ingredient Callouts: Free of parabens, formaldehydes, formaldehyde-releasing agents, phthalates, mineral oil, retinyl palmitate, oxybenzone, coal tar, hydroquinone, sulfates SLS & SLES, triclocarban, triclosan, and contains less than one percent synthetic fragrance. It is also gluten-free and cruelty-free. What Else You Need to Know: Dewy Bar is a lightweight and buildable cheek and lip balm multi-stick that reveals a natural, dewy glow. Formulated with skin-nourishing fruit oils, Dewy Bar helps strengthen the skin’s barrier and moisturizes your skin and lips.",Suggested Usage: -Swipe and blend onto cheeks for a dewy pop of color. -Swipe onto lips for moisturized and a pop of color.,A hydrating cheek and lip balm multi-stick that effortlessly melts onto cheeks and lips to create the perfect flushed and dewy look.,,18136.0,https://www.sephora.com/productimages/sku/s2775013-main-zoom.jpg?imwidth=270,4.748,512,False,False,False,False,True,False,False,,2026-06-25T01:09:53.329871+00:00
P522109,TOM FORD,Soleil Sunkissed Liquid Cream Blush,,https://www.sephora.com/product/soleil-sunkissed-liquid-cream-blush-P522109?skuId=2966547,A diffused wash of sun-kissed blush color that seamlessly melts into skin.,"What it is: A diffused wash of sun-kissed blush color that seamlessly melts into skin. Formulation: Cream What Else You Need to Know: The liquid, velvety whipped-blush formula transforms into a cloud-like, soft-matte finish. This weightless, whipped blush is buildable and blendable, creating an airy flush of natural summer color. The ultra-sensorial formula delivers a diffused, all-day flush. Clinical Results: Testing showed: - All-day wear - Blendable, buildable, and breathable comfort","Suggested Usage: -Use the applicator to place one to two dots of blush on each cheek. -Gently tap fingers over the area to blend. -For more control and an airbrushed finish, use a brush in a circular motion to diffuse seamlessly into the skin. -For a healthy-looking flush of color, apply on the apples of your cheeks, cheekbones, or anywhere the sun naturally hits. -Pair with the Shade and Illuminate Cream Contour Duo (sold separately) to sculpt contours and enhance the dimension of the face.",A diffused wash of sun-kissed blush color that seamlessly melts into skin.,,1398.0,https://www.sephora.com/productimages/sku/s2966547-main-zoom.jpg?imwidth=270,3.0,2,False,True,False,False,False,False,False,,2026-06-25T01:09:58.292706+00:00
P509340,Iris&Romeo,Ceramide Multi-balm Lip+Cheek Cream Blush Stick,,https://www.sephora.com/product/ceramide-multi-balm-lip-cheek-cream-blush-stick-P509340?skuId=2787935,"A lip & cheek stick that gives skin a soft-focus wash of color, feels weightless, and protects the skin barrier.","What it is: A lip & cheek stick that gives skin a soft-focus wash of color, feels like a weightless balm, and protects the skin barrier leaving the skin with a hydrated dewy finish. Highlighted Ingredients: - Ceramide NP: Plant-based ceramides from organic olive oil supplement your natural levels. - Mango Butter: Antioxidant used in ayurveda; high in omegas 6 and 9 and vitamins C and E. - Avocado Oil: Contains omega-3 fatty acids, antioxidants, and soothing properties. Ingredient Callouts: It is cruelty-free, vegan, and comes in recyclable packaging. What Else You Need to Know: This long-lasting, hydrating balm gives a healthy glow wherever you want it—cheeks, lips, bridge of nose—blending easily with just your fingers. It uses serum-strength ceramides, the building blocks of bouncy-looking skin, for moisture barrier health with an oxygenated flush of youthful color that brings skin alive. Clean at Sephora is our commitment to offering effective products without certain ingredients, such as parabens, sulfates, phthalates, and mineral oils. Learn more here .","Suggested Usage: -Start with a can’t-mess-up sheer flush; swipe again if you want a bolder look. -Adds a pop of healthy color, no matter where you place it on the face—and skin still shines through. -Swipe directly onto cheeks, lips, or face and blend. -Can apply with your fingers, a brush, or a sponge. Recycling Instructions: -Tube is made from 50% recycled plastic; separate cap from tube to recycle. -Remove any excess product from tube before recycling. -Recycle box, made of 100% post-consumer recycled paper and printed with soy-based inks.","A lip & cheek stick that gives skin a soft-focus wash of color, feels weightless, and protects the skin barrier.",,31609.0,https://www.sephora.com/productimages/sku/s2787935-main-zoom.jpg?imwidth=270&pb=2023-03-sephora-value-2023,4.6159,138,False,False,True,False,True,False,False,,2026-06-25T01:10:11.751065+00:00
P522518,Lancôme,Juicy Tubes Cheeks Jelly Long-wear Blush Tint,,https://www.sephora.com/product/juicy-tubes-cheeks-jelly-long-wear-blush-tint-P522518?skuId=2974947,"A jelly blush tint with a refreshing formula that blends seamlessly, leaving behind a juicy flush of color that lasts all day.","What it is: A jelly blush tint with a refreshing formula that blends seamlessly, leaving behind a juicy flush of color that lasts all day. Key Benefits: - Longwearing - Transfer-resistant Highlighted Ingredients: - Caffeine: Known for its anti-inflammatory benefits. Ingredient Callouts: Free of parabens. What Else You Need to Know: A burst of juicy color and delicious scents in a jelly blush. The weightless, buildable formula blends effortlessly onto cheeks, with plenty of playtime, for a natural, healthy flush that sets to a blush stain. Clinical Results: In a consumer test when mixed with cream: - All-day wear - Blends easily, doesn’t look patchy - Not sticky or greasy","Suggested Usage: -For a natural, healthy flush, squeeze a pea-size amount onto the back of your hand. -Gently apply to cheeks and blend with your fingers for a delicate wash of color or use a dense brush blending upwards along your cheekbones for a vibrant blush look.","A jelly blush tint with a refreshing formula that blends seamlessly, leaving behind a juicy flush of color that lasts all day.",,351.0,https://www.sephora.com/productimages/sku/s2974947-main-zoom.jpg?imwidth=270,4.25,460,False,True,False,False,False,False,False,,2026-06-25T01:10:27.809715+00:00
P507768,NUDESTIX,Nudies Matte Blush + Glow Core,,https://www.sephora.com/product/nudestix-nudies-matte-glow-core-all-over-face-blush-P507768?skuId=2692481,,,,,,,https://www.sephora.com/productimages/sku/s2692481-main-zoom.jpg?imwidth=270&pb=clean-at-sephora,4.4549,543,False,False,False,False,False,True,False,,2026-06-25T01:10:39.781273+00:00
P473304,Drunk Elephant,O-Bloos™ Rosi Blush Drops with Vitamin F,,https://www.sephora.com/product/drunk-elephant-o-bloos-trade-rosi-drops-P473304?skuId=2460475,This omega-rich serum adds a rosy allover flush while supporting healthy barrier function for a natural day-in-the-sun look (without the sun damage).,"What it is: This omega-rich serum adds a rosy allover flush while supporting healthy barrier function for a natural day-in-the-sun look (without the sun damage). Skin Type: Normal, Dry, Combination, and Oily Skincare Concerns: Dryness and Dullness Formulation: Lightweight Liquid Highlighted Ingredients: - Vitamin F (Linoleic and Linolenic Acids): Visibly improves texture and suppleness while calming sensitive skin. - Caesalpinia Sappan Bark Extract: A vegan pigment from the sappanwood tree that gives this formula its warm, pinkish-red tone. - Virgin Marula Oil: Moisturizes, nourishes, and visibly rejuvenates skin for a youthful-looking glow. Ingredient Callouts: This product is vegan, cruelty-free, and comes in recyclable packaging. What Else You Need to Know: The concentrated but flattering, watercolor-light formula is buildable for a natural ""nobody knows why you’re flushed"" flush. Like Drunk Elephant's other color serum drops D-Bronzi and B-Goldi, O-Bloos is dermatologist tested and can be mixed with any Drunk Elephant moisturizer or serum to add the prettiest hint of color. Drunk Elephant is committed to using only ingredients that either directly benefit the health of the skin or support the integrity of their formulations. The brand focuses on healthy pH levels, formulations the skin recognizes, small molecular structure that’s easily absorbed, and effective active ingredients that also support the skin’s acid mantle. All of their products are designed to be mixed together—what Drunk Elephant calls making a smoothie. (This is true for all of their products except their sunscreen, Umbra, which sits on top of the skin, protecting it from UV damage.) The result is skin that is reset to its happiest, healthiest state. Clinical Results: In a consumer-perception study with 34 people after immediate application: - 91% agreed O-Bloos looked natural on their skin tone - 88% agreed skin felt replenished - 85% agreed skin looked moisturized Clean at Sephora is our commitment to offering effective products without certain ingredients, such as parabens, sulfates, phthalates, and mineral oils. Learn more here .","Suggested Usage: -Shake before use. -Add a drop or more to any Drunk Elephant serum, oil, or cream for a rosy allover flush and barrier-supportive omega fatty acids. -For best dispensing, store upside down. Tip: -Dab directly onto cheeks or anywhere you want a warm, natural-looking flush of peachy-pink color. Skincare Smoothie: -Try a Drunk Elephant Beach Your Heart Out Smoothie by mixing 1 drop O-Bloos + 1 drop D-Bronzi + 1 pump of Lala Retro™ in the palm of your hand and applying all at once for a radiant, bronzy, natural-looking flush (each product sold separately).",This omega-rich serum adds a rosy allover flush while supporting healthy barrier function for a natural day-in-the-sun look (without the sun damage).,,156995.0,https://www.sephora.com/productimages/sku/s2460475-main-zoom.jpg?imwidth=270&pb=clean-at-sephora,3.9736,493,False,False,False,False,False,False,False,,2026-06-25T01:10:54.527448+00:00
P507322,caliray,Socal Superbloom Dewy Lip & Cheek Soft Stain Tint,,https://www.sephora.com/product/socal-superbloom-lip-cheek-blush-hydrating-soft-stain-with-hyaluronic-acid-P507322?skuId=2698306,"A longwearing, hydrating, semi-sheer lip and cheek tint that comfortably glides for a natural, glowy flush of color.","What it is: A longwearing, hydrating, semi-sheer lip and cheek tint that comfortably glides for a natural, glowy flush of color. Highlighted Ingredients: - Hyaluronic Acid: Provides skin and lip hydration. - Niacinamide and Squalane: Condition to provide a silky finish. - Three-Step Stain Mixing Technology: Creates a transfer-proof hint of color. Ingredient Callouts: This product is cruelty-free. What Else You Need to Know: This clean, noncomedogenic dewy lip and cheek soft stain provides a sheer, radiant wash of color with a cushiony-yet-silky, featherweight feel that’s never dry or sticky. Bonus—the formula hydrates with hyaluronic acid and squalane and the oversized applicator makes it easy to use on the go. Clean + Planet Aware at Sephora Products formulated without certain ingredients, including parabens, sulfates, phthalates, and mineral oils, from brands that have met our specific criteria for ingredient sourcing and formulation, packaging, environmental commitments, and consumer transparency. Learn more here .","Suggested Usage: For Lips: -Glide evenly on lips for all-over color. -Pro tip: For popsicle lips, apply more in the center and tap out toward the edges. For Cheeks: -Apply a few dots on cheeks and gently tap into skin using fingers, a brush, or a sponge. -Build the color from a sheer wash to more vibrant by tapping in additional product. -Pro tip: The sheer stain has some playtime so no need to rush the application. Recycling Instructions: -Curbside recycle the cotton paper carton. -Clean out the remaining formula from the bottle. -Unscrew and discard the applicator and 50 percent post-consumer recycled cap. -Take the clean bottle and recycle at your local Sephora Pact Collective bin or mail to Pact Collective on Caliray at caliraybeauty.com.","A longwearing, hydrating, semi-sheer lip and cheek tint that comfortably glides for a natural, glowy flush of color.",,70266.0,https://www.sephora.com/productimages/sku/s2698306-main-zoom.jpg?imwidth=270&pb=clean-planet-aware,4.5116,344,False,False,False,False,False,False,False,,2026-06-25T01:11:04.710468+00:00
P525072,Ogee,Crystal Contour Collection - Cream Bronzer Blush and Highlighter Set,,https://www.sephora.com/product/crystal-contour-collection-bronzer-blush-highlighter-face-sticks-P525072?skuId=3009859,"A value set of three blendable cream face sticks—bronzer, blush, and highlighter—for buildable color and a natural, radiant finish.","What it is: A value set of three blendable cream face sticks—bronzer, blush, and highlighter—for buildable color and a natural, radiant finish. Highlighted Ingredients: - Cold-Pressed Jojoba Oil: Noncomedogenic liquid wax hydrates and nourishes with antioxidants. - Green Coffee Oil: Supports collagen and elastin production to promote firmness and fullness. - Elderberry Extract: An antioxidant-rich superfruit that visibly tightens and reduces signs of aging. Ingredient Callouts: These products are cruelty-free. What Else You Need to Know: This value set features a skincare-first formula with 88 percent skincare and 12 percent makeup, delivering buildable, blendable color that enhances facial definition while adding natural luminosity. Dermatologically tested and suitable for sensitive skin. This Set Contains: - 3 x 0.3 oz/ 8.5 g Cream Face Sticks in Rose Quartz (matte rose blush), Copper (radiant cocoa shimmer), and Opal (starlight white shimmer) Clinical Results: In an in-vivo study done on the key ingredient, jojoba oil, at 10 percent, results show it’s clinically proven to: - Help reduce sebum production and pore size - Improve skin radiance - Improve skin moisturization In a 2-week consumer study of 60 participants: - 100% said skin felt hydrated - 97% said skin felt more comfortable - 90% said skin looked more radiant, smoother, and more even Clean at Sephora Clean at Sephora is our commitment to offering effective products without certain ingredients, such as parabens, sulfates, phthalates, and mineral oils. Learn more here .","Suggested Usage: -Trace the hollows of cheekbones with Copper to add warmth and sculpt a radiant, bronzed contour. -Tap Rose Quartz onto the apples of cheeks and blend for a soft, rosy flush. -Sweep Opal onto the tops of cheekbones to enhance radiance with a luminous highlight.","A value set of three blendable cream face sticks—bronzer, blush, and highlighter—for buildable color and a natural, radiant finish.",,303.0,https://www.sephora.com/productimages/sku/s3009859-main-zoom.jpg?imwidth=270&pb=clean-at-sephora,4.9021,235,False,True,False,False,True,False,False,,2026-06-25T01:11:13.220711+00:00
P521595,Laura Geller,Baked Blush and Glow Powder Blush & Highlighters Trio,,https://www.sephora.com/product/baked-blush-and-glow-powder-blush-highlighters-trio-P521595?skuId=2965853,"A three-in-one baked blush and highlighter compact that delivers buildable color and a soft, lit-from-within finish.","What it is: A three-in-one baked blush and highlighter compact that delivers buildable color and a soft, lit-from-within finish. Highlighted Ingredients: - Jojoba Seed Oil: Hydrates and softens. - Centella Asiatica Extract: Soothes and supports. - Green Tea Extract: Antioxidant that calms and protects. What Else You Need to Know: Handmade in Italy and baked on terracotta tiles for 24 hours, this three-in-one compact features Baked Blush-n-Brighten in Wildflower and two Baked Natural Glow Highlighters in French Vanilla and Portofino. Ideal for mature skin, the velvety-soft, weightless formula blends seamlessly and won’t cake or settle into fine lines. It blurs imperfections without emphasizing texture and delivers buildable, natural-looking luminosity with self-adjusting pigments. Blush and highlighters can be worn individually or swirled together to deliver a soft, lit-from-within glow. This Palette Contains: - 0.63 oz/ 17.8 g Baked Blush and Glow Powder Blush & Highlighters Trio","Suggested Usage: -Wear individually or swirl together to customize your look using Laura Geller’s Angled Blush Brush (sold separately). Baked Blush-n-Brighten: -Apply to the apples of the cheeks and blend upward toward the hairline. Baked Natural Glow Highlighters: -Sweep onto the high points of the face to lift and define, or dust lightly all over for an illuminated finish. -Can be applied wet or dry for added intensity.","A three-in-one baked blush and highlighter compact that delivers buildable color and a soft, lit-from-within finish.",,179.0,https://www.sephora.com/productimages/sku/s2965853-main-zoom.jpg?imwidth=270,0.0,0,False,True,False,False,True,False,False,,2026-06-25T01:11:18.984502+00:00
P506509,Fenty Beauty by Rihanna,Match Stix Color-Adaptive Cheek + Lip Stick,,https://www.sephora.com/product/match-stix-color-adaptive-cheek-lip-stick-P506509?skuId=2709368,"A hydrating multi-use stick that plays by your rules. Using color-shift technology, this formula brings out the most flattering universal rosy color of cheeks + lips for all skin tones.","What it is: A hydrating multi-use stick that plays by your rules. Using color-shift technology, this formula brings out the most flattering universal rosy color of cheeks + lips for all skin tones. Formulation Type: Lip Stain What Else You Need to Know: A juicy swipe of this gel-stick reacts to your skin’s natural chemistry to deliver a customized, rosy shade that flatters all skin tones. Feeling refreshing to the touch, the nourishing and moisturizing formula applies evenly and smoothly for a soft dewy finish.","Suggested Usage: -For Lips: Glide onto lips for a sheer, effortless wash of color. Feel free to layer on product and build as desired. -For Cheeks: Gently swipe across cheeks and blend out with fingers, brush, or sponge. Feel free to layer on product and build as desired.","A hydrating multi-use stick that plays by your rules. Using color-shift technology, this formula brings out the most flattering universal rosy color of cheeks + lips for all skin tones.",,48370.0,https://www.sephora.com/productimages/sku/s2709368-main-zoom.jpg?imwidth=270,4.0569,123,False,False,False,False,False,False,False,,2026-06-25T01:11:23.674447+00:00
P525196,Armani Beauty,Dolci Blush Smoothing Cream-to-Powder Soft-Matte Balm,,https://www.sephora.com/product/dolci-blush-smoothing-cream-to-powder-soft-matte-balm-P525196?skuId=2989093,"A long-lasting hybrid cream-to-powder blush that melts into skin, smooths imperfections, and delivers a soft-matte finish.","What it is: A long-lasting hybrid cream-to-powder blush that melts into skin, smooths imperfections, and delivers a soft-matte finish. Finish: Matte Formulation: Cream What Else You Need to Know: A versatile texture that blends seamlessly over liquid, cream, and powder for an even application with no greasy feel. The buildable, non-cakey formula smooths imperfections and stays vibrant all day. Perfect for multiuse layering.","Suggested Usage: -For best results, first warm up product with fingers or on the back of hand. -Apply with a fluffy, semi-dense brush using tapping motions to blend. -Color is buildable and can be layered over or underneath powders.","A long-lasting hybrid cream-to-powder blush that melts into skin, smooths imperfections, and delivers a soft-matte finish.",,743.0,https://www.sephora.com/productimages/sku/s2989093-main-zoom.jpg?imwidth=270,0.0,0,False,True,False,False,False,False,False,,2026-06-25T01:11:27.449578+00:00
P512183,NARS,Mini Afterglow Liquid Blush & Lip Shine Duo,,https://www.sephora.com/product/nars-mini-afterglow-blush-lip-shine-duo-P512183?skuId=2773380,A glow-boosting mini duo that includes an Afterglow Liquid Blush and an Afterglow Lip Shine.,"What it is: A glow-boosting mini duo that includes an Afterglow Liquid Blush and an Afterglow Lip Shine. Ingredient Callouts: Free of parabens and sulfates SLS & SLES. What Else You Need to Know: The Afterglow Liquid Blush’s lightweight, hydrating formula has a lasting luminosity. The Afterglow Lip Shine has a sheer tint of color and a comfortable, mirror-like shine. This Set Contains: - 1 X 0.11 Oz / 3.2 mL Afterglow Liquid Blush in Dolce Vita (dusty rose) - 1 X 0.11 Oz / 3.7 mL Afterglow Lip Shine in Aragon (red chestnut)","Suggested Usage: Mini Afterglow Liquid Blush: -For a second-skin wash of color, use applicator to deposit on back of hand. -Use fingers to gently tap one coat onto cheeks. -For a natural effect, gently tap a second coat of color on cheeks. -For an intensified impact, use applicator to apply one swipe directly on cheeks and blend with fingers. -Layer and build to desired color intensity. Mini Afterglow Lip Shine: -Apply to bare lips for an effortless wash of color with high shine. -Layer over other lip formulas to add dimension.",A glow-boosting mini duo that includes an Afterglow Liquid Blush and an Afterglow Lip Shine.,,12384.0,https://www.sephora.com/productimages/sku/s2773380-main-zoom.jpg?imwidth=270,4.5,8,False,False,True,True,False,False,False,wf,2026-06-25T01:11:31.146902+00:00
P405290,NUDESTIX,Intense Matte Lip Pencil + Cheek,,https://www.sephora.com/product/intense-matte-lip-cheek-pencil-P405290?skuId=1783794,,,,,,,https://www.sephora.com/productimages/sku/s1783794-main-zoom.jpg?imwidth=270&pb=clean-at-sephora,4.328,375,False,False,False,False,False,True,False,,2026-06-25T01:11:36.938442+00:00
P504365,Kaja,Jelly Charm Glazed Lip Stain & Blush With Keychain,,https://www.sephora.com/product/kaja-jelly-charm-lip-blush-glazed-stain-with-keychain-P504365?skuId=2646545,Shop Kaja’s Jelly Charm Lip & Blush Glazed Stain With Keychain at Sephora. This is a buildable lip and blush stain.,"What it is: A lightweight, buildable lip and blush stain formulated with moisturizing ingredients for a jelly pop of color. Highlighted Ingredients: - Triple Berry Complex: Skin-protecting properties. - Lemon Fruit Extract: Moisturizes and visibly brightens skin. - Olive Squalane: Moisturizes skin and provides antioxidant action. Ingredient Callouts: Free of parabens, formaldehydes, formaldehyde-releasing agents, phthalates, mineral oil, retinyl palmitate, oxybenzone, coal tar, hydroquinone, sulfates SLS & SLES, triclocarban, triclosan, and contains less than one percent synthetic fragrance. It is also cruelty-free. What Else You Need to Know: This versatile lip and blush stain comes in six juicy shades for a jelly pop of color. The skin-loving formula helps to moisturize, brighten, and protect, keeping your skin looking and feeling healthy. With its keychain design, you can attach Jelly Charm to your keys or purse to get glazed, any time.","Suggested Usage: -Use the doe-foot applicator to apply directly on lips or dot on cheeks and blend with fingertips. -Apply multiple layers to intensify the color. -Attach keychain to your keys, headphones, backpack, or belt and be ready to shine anywhere, any time.",Shop Kaja’s Jelly Charm Lip & Blush Glazed Stain With Keychain at Sephora. This is a buildable lip and blush stain.,,107774.0,https://www.sephora.com/productimages/sku/s2646545-main-zoom.jpg?imwidth=270,4.4802,1112,False,False,False,False,False,False,False,,2026-06-25T01:11:40.639516+00:00
P521353,Glow Recipe,Glow Recipe X Beautyblender Watermelon Glow Bestsellers,,https://www.sephora.com/product/glow-recipe-x-beautyblender-watermelon-glow-bestsellers-P521353?skuId=2947141,A limited-edition prep set with bestselling glow-boosting formulas & first-ever custom-made Beautyblender for both skincare and makeup.,"What it is: A limited-edition prep set with bestselling glow-boosting formulas & first-ever custom-made Beautyblender for both skincare and makeup. Skin Type: Dry, Combination, and Oily Skincare Concerns: Uneven Tone, Pores, and Dullness Highlighted Ingredients: - Niacinamide: Visibly reduces hyperpigmentation and minimizes the appearance of pores. - Hyaluronic Acid: Hydrates skin by holding up to 1000x its weight in moisture - Watermelon Extract and Centella Asiatica: Intensely hydrates and visibly plumps while calming redness. Ingredient Callouts: These products are vegan, gluten-free, and cruelty-free. What Else You Need to Know: Glow Recipe teamed up with Beautyblender to create a skincare-powered set where skin prep meets performance. Dew Drops, Dewy Flush & Watermelon Glow Mist boost hydration and glow, while the set-exclusive Watermelon Glow Beautyblender’s new, ultra-soft texture seamlessly blends formulas into skin. This Set Contains: - 0.5 oz/ 15 mL Watermelon Glow Niacinamide Dew Drops™ - 0.4 oz/ 12 mL Watermelon Glow Niacinamide Dewy Flush™ (Watermelon Flush) - 1 oz/ 30 mL Watermelon Glow® Ultra-Fine Mist - Watermelon Glow Beautyblender™ Clinical Results: Watermelon Glow Niacinamide Dew Drops Serum Based on a consumer use study of 32 participants, after 4 weeks: - 97% agree this product made their skin look more glowy - 94% agree this product made their skin look brighter - 94% agree this product made their skin look and feel more hydrated Watermelon Glow Niacinamide Dewy Flush Based on a consumer use study of 32 participants after four weeks: -94% of panelists showed improvement in hyperpigmentation Clean at Sephora Clean at Sephora is our commitment to offering effective products without certain ingredients, such as parabens, sulfates, phthalates, and mineral oils. Learn more here .","Suggested Usage: This kit contains every ingredient needed for a hydrated, glowing base and flush of color. Follow this easy step-by-step recipe for healthy, glowing skin: -Wet the Watermelon Glow Beautyblender™ with water and squeeze out excess. For an extra glow & hydration boost, lightly mist with Watermelon Glow® Ultra-Fine Mist. -Apply one to two pumps of Watermelon Glow Niacinamide Dew Drops™ to skin and use the flat sides of the Beautyblender to smooth across the face and neck. -Apply Watermelon Glow Niacinamide Dewy Flush™ directly to cheeks and gently tap with the rounded side of the Beautyblender to blend. Wear on bare skin or with dewy makeup. -Define with the precision point to contour and target smaller areas, or tap Dew Drops onto the high points of the face for a soft glow. -Finish by misting Watermelon Glow® Ultra-Fine Mist two to three times over the face to refresh skin or set makeup. -Clean Beautyblender with Blendercleanser® after each use and allow it to fully air dry.",A limited-edition prep set with bestselling glow-boosting formulas & first-ever custom-made Beautyblender for both skincare and makeup.,,14583.0,https://www.sephora.com/productimages/sku/s2947141-main-zoom.jpg?imwidth=270,4.8293,82,False,False,True,True,False,False,False,,2026-06-25T01:11:43.877323+00:00
P417320,Benefit Cosmetics,Dandelion Twinkle Shimmer Finish Powder Highlighter,,https://www.sephora.com/product/dandelion-twinkle-P417320?skuId=2520484,"A soft nude-pink, superfine powder highlighter with a shimmer finish.","What it is: A soft nude-pink, superfine powder highlighter with a shimmer finish. Ingredient Callouts: Free of parabens, formaldehydes, formaldehyde-releasing agents, phthalates, mineral oil, retinyl palmitate, oxybenzone, coal tar, hydroquinone, sulfates SLS & SLES, triclocarban, triclosan, and contains less than one percent synthetic fragrance. What Else You Need to Know: This superfine baked powder highlighter gives a light-reflecting, luminous glow, a soft-focus blurring effect, and a shimmer finish. It builds effortlessly, blends seamlessly, and feels weightless.","Suggested Usage: -To highlight, sweep along the high points of your face—the bridge of your nose, cheekbones, and brow bone. -Apply delicately all over your face as a luminizer.","A soft nude-pink, superfine powder highlighter with a shimmer finish.",,64978.0,https://www.sephora.com/productimages/sku/s2520484-main-zoom.jpg?imwidth=270,4.0772,246,False,False,False,False,False,False,False,,2026-06-25T01:11:48.385379+00:00
P502073,NATASHA DENONA,"My Dream Cheek Trio - Cream Blush, Glow Cream Base and Glow Powder Highlighter",,https://www.sephora.com/product/my-dream-cheek-trio-cream-blush-glow-cream-base-glow-powder-highlighter-P502073?skuId=2597672,A cheek trio with lightweight formulas that visibly boost your glow from subtle to stunning in three effortless steps.,"What it is: A cheek trio with lightweight formulas that visibly boost your glow from subtle to stunning in three effortless steps. Highlighted Ingredients: - Antioxidant Lychee Extract: Contains antioxidant benefits. - Luminous Hydrating Oil: Intensely boosts hydration and replenishes and revitalizes skin. Ingredient Callouts: Free of parabens and mineral oil. It is also cruelty-free. What Else You Need to Know: The Cream Blush is a new, lightweight formula that combines advanced gel technology with specialized resin for one-stroke, creamy coverage and a subtle, flushed finish. The Glow Cream Base is Natasha’s dewy highlighter made with antioxidant lychee extract and luminous hydrating oils and is the first poured cream formula on the market using textured 3-D printing technology to elevate the formula’s payoff. The Dream Glow Highlighter introduces an innovative, new gel-to-powder formula that adds a smooth, ultra-high-shine radiance to all skin tones. This Set Contains: - 0.08 oz/ 2.5 g Cream Blush (dusty neutral pink) - 0.09 oz/ 2.8 g Glow Cream Base (universal neutral nude) - 0.12 oz/ 3.5 g Dream Glow Highlighter (universal neutral champagne) Palette Size: 2.66""w x 4.78""d x 0.54""h (mini size)","Suggested Usage: Cream Blush: -For a sheer finish, apply to the apples of the cheeks with a blush brush or fingertips and sweep up toward the temples. -For more intense color, add a second coat with a dense, fluffy brush. Glow Cream Base and Dream Glow Highlighter: -Can be applied to the cheekbones, browbones, and Cupid’s bow of the lip with fingers or highlighter brush.",A cheek trio with lightweight formulas that visibly boost your glow from subtle to stunning in three effortless steps.,,19907.0,https://www.sephora.com/productimages/sku/s2597672-main-zoom.jpg?imwidth=270,4.6786,224,False,False,False,False,False,False,False,,2026-06-25T01:11:52.762669+00:00
P461220,Iconic London,Sheer Cream Blush,,https://www.sephora.com/product/sheer-blush-P461220?skuId=2380343,"A water rich blush that melts into the skin, giving your cheeks a beautiful veil of soft-focus color.","What it is: A unique gel-to-watercolor blush that melts into the skin, giving cheeks and lips a beautiful veil of soft-focus color. Highlighted Ingredients: - Marrubium Vulgare Extract (Horehound Extract): Contains antipollution benefits. Ingredient Callouts: Free of parabens and mineral oil. This product is also vegan and cruelty-free. What Else You Need to Know: This blush is formulated with a plant extract known for its anti-pollution benefits. ICONIC London Sheer Blush melts into the skin, giving your cheeks a beautiful veil of soft-focus color - the ultimate complexion pick me up.","Suggested Usage: -Squeeze a small amount onto fingertips and pat onto the cheeks and/or lips. -Blend out over the cheeks using fingertips, a blush brush, or a beauty sponge. -Mix and build in sheer layers to create your perfect level of blush.","A water rich blush that melts into the skin, giving your cheeks a beautiful veil of soft-focus color.",,41273.0,https://www.sephora.com/productimages/sku/s2380343-main-zoom.jpg?imwidth=270,3.8454,97,False,False,False,False,False,False,False,,2026-06-25T01:11:58.323201+00:00
P509948,Danessa Myricks Beauty,"Groundwork: Blooming Romance - Palette For Eyes, Brows, Face & Lips",,https://www.sephora.com/product/danessa-myricks-beauty-groundwork-palette-blooming-romance-eyeshadow-palette-P509948?skuId=2738649,"A multiuse, talc-free palette with velvet pomades and oil-absorbing powders that define eyes, brows, cheeks, and lips in shades of berries and mauves.","What it is: A multiuse, talc-free palette with velvet pomades and oil-absorbing powders that define eyes, brows, cheeks, and lips in shades of berries and mauves. Highlighted Ingredients: - Upsalite: Absorbs oil, smooths the look of texture, and ensures lasting wear. Ingredient Callouts: Free of parabens, formaldehydes, formaldehyde-releasing agents, phthalates, mineral oil, retinyl palmitate, oxybenzone, coal tar, hydroquinone, sulfates SLS & SLES, triclocarban, triclosan, and contains less than one percent synthetic fragrance. It is also cruelty-free. What Else You Need to Know: Create a range of looks, from natural to bold, with this essential, everyday face and eye palette. It contains 10 soft, buildable, wearable, and universally flattering shades in two unique textures. The high-performance, lightweight Velvet Pomade shades apply effortlessly to define your look, while the coordinating Shape N’ Fix Powders mop up oil, smooth the look of texture, and lock in shape and definition. This Palette Contains: - 10 x Velvet Pomades and Shape N' Fix Powders in Crush (soft-pink daisy), Smitten (light-mauve rosebud), Dreamy (blushing-pink peony), Allure (medium-mauve orchid), Desire (soft-peach dahlia), Adorn (burgundy-red hibiscus), Lovesick (burnt-garnet tulip), Bliss (toasted-burgundy gladiola), Evermore (dark-mahogany cosmos), XO (blackberry calla lily) Palette Size: 8.43""w x 0.65""d x 3.54""h","Suggested Usage: Shape eyes: -Apply Velvet Pomade shades for structure and definition. -Combine with Shape N' Fix Powders in lighter shades to lock in, soften, or enhance your look. Sculpt and add blush: -Sculpt, drape, or add blush with Velvet Pomades. -Apply to cheekbones and temples with a fluffy, angled brush, or softly contour and define with Shape N’ Fix Powders. -Use coordinating shades together for even more dimension. Fill in brows: -Use Velvet Pomades to add structure and definition. -Apply Shape N' Fix Powders with a small, angled brush to fill in and soften. -Pair formulas together for a dramatic, dimensional effect. -Perfectly match red-brown, burgundy, and pink hair colors. Line and define lips: -Trace, line, and wing with Velvet Pomades. -Layer with Shape N' Fix Powders to set, smudge, and fill.","A multiuse, talc-free palette with velvet pomades and oil-absorbing powders that define eyes, brows, cheeks, and lips in shades of berries and mauves.",,42811.0,https://www.sephora.com/productimages/sku/s2738649-main-zoom.jpg?imwidth=270,4.197,198,False,False,False,False,False,False,False,c,2026-06-25T01:12:05.751668+00:00
P483702,TOM FORD,Soleil Lip Blush Balm with pH-Adaptive Pink Stain,,https://www.sephora.com/product/tom-ford-soleil-lip-blush-P483702?skuId=2573418,"A lip blush that imparts a sheer veil onto lips and then transforms into a sultry, personalized pink stain based on your own unique skin pH.","What it is: A 24-karat gold-infused, hydrating lip balm that swipes on clear and then transforms to a sultry, personalized pink stain based on your unique skin pH. Formulation Type: Lip Balm & Treatment, Lip Stain Ingredient Callouts: Free of parabens, formaldehydes, formaldehyde-releasing agents, phthalates, mineral oil, retinyl palmitate, oxybenzone, coal tar, hydroquinone, sulfates SLS & SLES, triclocarban, and triclosan. What Else You Need to Know: This decadent, moisturizing, uniquely shade-shifting lip balm perfectly captures the gilded glow of Tom Ford Soleil with exclusive gold-toned flecks and packaging. Its sheer veil transforms to a pink stain that works with your pH for personalized color.",Suggested Usage: -Apply directly to lips. -Use bullet or lip brush.,"A lip blush that imparts a sheer veil onto lips and then transforms into a sultry, personalized pink stain based on your own unique skin pH.",,14774.0,https://www.sephora.com/productimages/sku/s2573418-main-zoom.jpg?imwidth=270,4.4912,452,False,False,False,False,False,False,False,,2026-06-25T01:12:14.912795+00:00
P519807,HUDA BEAUTY,Berries and Cream Liquid Blush and Lip Gloss Set,,https://www.sephora.com/product/berries-cream-cheek-lip-duo-P519807?skuId=2932325,"A limited-edition kit of HUDA BEAUTY’s iconic Blush Filter Liquid Blush and Faux Filler Jelly Oil–perfect for creating a soft, berry-glow look.","What it is: A limited-edition kit of HUDA BEAUTY’s iconic Blush Filter Liquid Blush and Faux Filler Jelly Oil–perfect for creating a soft, berry-glow look. Ingredient Callouts: These products are also cruelty-free. What Else You Need to Know: Discover Blush Filter Liquid Blush in Strawberry Cream—a filtered finish, without the filter. Blush Filter is a lightweight liquid blush with buildable pigments and finely milled micro-pearls for a soft-focus, ""airblushed"" finish that has major staying power. With Faux Filler Lip Oil in Juicy Goji, enjoy juicy jelly lips in just one swipe. Faux Filler Lip Oil is a softening, ultra-hydrating tinted and flavored lip oil packed with peptides and shea butter for extra juicy, nonsticky, ultra-shine lips. This Set Contains: - 0.13 oz/ 3.9 mL Faux Filler Lip Oil in Juicy Goji - 0.15 oz/ 4.5 mL Blush Filter Liquid Blush in Strawberry Cream","Suggested Usage: Blush Filter Liquid Blush in Strawberry Cream: -Add three dots of blush onto targeted areas with peanut-shaped doe foot. -Blend with fingertips for a luminous glow. Huda’s Hacks: -Combine two shades for an ombre blush effect, starting with three dots of the lightest shade at the center of the cheek. -Add two dots of a darker shade higher up the cheekbone -Blend with fingers. -Set with Easy Bake Loose Baking and Setting Powder (sold separately) for an ""airblushed"" finish. Faux Filler Lip Oil in Juicy Goji: -Use the tip of the oil to line the lips and then fill in with the juicy applicator for full jelly lips. Huda’s Hack for Jelly-Stained Lips: -Start with clean, dry lips. -Apply Lip Contour Stain to the lip perimeter (sold separately). -Dab and blend quickly. -Layer Faux Filler Jelly Oil on top for a juicy pout.","A limited-edition kit of HUDA BEAUTY’s iconic Blush Filter Liquid Blush and Faux Filler Jelly Oil–perfect for creating a soft, berry-glow look.",,9620.0,https://www.sephora.com/productimages/sku/s2932325-main-zoom.jpg?imwidth=270,2.9091,22,False,False,True,True,False,False,False,,2026-06-25T01:12:27.699143+00:00
P510087,NATASHA DENONA,Hy-per Natural Face Palette,,https://www.sephora.com/product/natasha-denona-hyper-natural-face-palette-P510087?skuId=2743383,"An essential no-makeup-makeup palette showcasing five hybrid eyeshadows, a creamy powder-blush duo, and a bronzer and contour trio.","What it is: An essential no-makeup-makeup palette showcasing five hybrid eyeshadows, a creamy powder-blush duo, and a bronzer and contour trio. Ingredient Callouts: Free of parabens and mineral oil. It is also cruelty-free. What Else You Need to Know: In this palette, you’ll find five eyeshadows named after different moods and occasions. Now featuring a talc-free Hy-Per Silk formula, these eyeshadows have a silky-soft gel-powder texture and come in four wearable shades along with one sparkling topper finish. Use each individually to create a natural, monochromatic look or pair them up to add rich dimension. The palette also includes a creamy powder-blush duo and a versatile Hy-Tech bronzer and contour trio, providing you with the perfect no-makeup-makeup routine in a travel-friendly format. Plus, all the formulas support your skin's ability to maintain natural hydration. This Palette Contains: - 2 x 0.18 oz/ 5 g Blushes (pink, coral pink) - 3 x 0.13 oz/ 3.69 g Contours/Bronzers (light, medium, dark) - 5 x 0.02 oz/ 0.57 g Eyeshadows in Everyday (medium light brown), Dreamy (sparkling wet-effect nude champagne), Statement (medium dark brown), Soft (rosy vintage peach), Casual (silk-satin taupe) Palette Size: 3.35""w x 5.67""d x 0.59""h (full size)","Suggested Usage: Eyeshadows: -Use your finger or a dense eyeshadow brush to glide one shade across your eyelid. -Blend into your crease and/or blend shades together. Contours/bronzers: -With a face brush, apply shades individually to contour and highlight based on your skin tone. -Alternatively, blend all shades together and buff onto cheekbones, temples, jawline, and nose. Blushes: -Using a blush brush, apply shades to apples of cheeks in circular motions, blending upwards onto cheekbones. -The darker shade adds a pop of color, while the lighter shade blends and diffuses. -Use separately or combined for the perfect pink cheek.","An essential no-makeup-makeup palette showcasing five hybrid eyeshadows, a creamy powder-blush duo, and a bronzer and contour trio.",,20524.0,https://www.sephora.com/productimages/sku/s2743383-main-zoom.jpg?imwidth=270,4.5938,384,False,False,False,False,False,False,False,wf,2026-06-25T01:12:39.409690+00:00
P520151,Benefit Cosmetics,Benetint Bliss Liquid Lip + Cheek Blush Stain Duo Makeup Gift Set,,https://www.sephora.com/product/benetint-bliss-liquid-lip-cheek-blush-stain-duo-makeup-gift-set-P520151?skuId=2947588,A gift set with two full sizes of the viral sensation Benetint and a limited-edition makeup bag.,"What it is: A gift set with two full sizes of the viral sensation Benetint and a limited-edition makeup bag. Highlighted Ingredients: - Glycerin: Helps skin retain moisture. Ingredient Callouts: Free of parabens, formaldehydes, formaldehyde-releasing agents, phthalates, mineral oil, retinyl palmitate, oxybenzone, coal tar, hydroquinone, sulfates SLS & SLES, triclocarban, triclosan, and contains less than one percent synthetic fragrance. What Else You Need to Know: Benefit Cosmetics isn’t saying this bestselling tint duo is going to help you reach a state of total bliss, but you’ll definitely look like you did. Gift or self-gift this Benetint set and get a sheer, buildable, natural-looking flush on your lips and cheeks in both original rose and raspberry shades. The tints come in a limited-edition makeup bag for a gift that’s all wrapped up and ready to go. The bag might feel a little stiff at first. To close it, pull the drawstrings tight. After you open and close it a few times, the strings will loosen up and the bag will close smoothly as intended. This Set Contains: - 0.2 oz/ 6 mL Benetint Original Rose (full size) - 0.2 oz/ 6 mL Benetint Raspberry (full size) - Makeup bag",Suggested Usage: -Pick a tint. -Glide across lips. -Layer to deepen color. -Dot onto cheeks and blend quickly.,A gift set with two full sizes of the viral sensation Benetint and a limited-edition makeup bag.,,6418.0,https://www.sephora.com/productimages/sku/s2947588-main-zoom.jpg?imwidth=270,4.2,10,False,False,False,True,False,False,False,A gift set with two full-sizes of the viral sensation Benetint and a limited-edition makeup bag,2026-06-25T01:12:56.365296+00:00
P468440,Westman Atelier,Clean Baby Blender Blush Brush,,https://www.sephora.com/product/westman-atelier-baby-blender-brush-P468440?skuId=2434512,A specialized dome-shaped blending brush that distributes color seamlessly without streaking—the perfect match for Baby Cheeks Blush Stick (sold separately).,"What it is: A specialized dome-shaped blending brush that distributes color seamlessly without streaking—the perfect match for Baby Cheeks Blush Stick (sold separately). Highlighted Ingredients: - Sustainable Hardwood Birch: Sourced from a Forest Stewardship Council certified forest in Eastern Europe - Cruelty-free Nylon Fibers: Optimal density, softness and function for ultra smooth application What Else You Need to Know: Luxurious and durable, each brush is handmade in Japan by the most prestigious brush maker in the world, using cruelty-free, super-soft nylon fibers and sustainably sourced birch. Thoughtfully designed shorter handles make for an easy, effortless application. Clean at Sephora is our commitment to offering effective products without certain ingredients, such as parabens, sulfates, phthalates, and mineral oils. Learn more here .","Suggested Usage: -Blend Baby Cheeks Blush Stick (sold separately) into skin, using small circles or tiny buffing strokes for the most natural flush. -This brush can also be used to mix multiple shades for a unique, customized color. -Use the brush to soften and blend Face Trace Contour Stick (sold separately) into skin. -Gently clean your brush with mild soap and water. Gucci Westman's tip: -""I played around with Baby Blender's exact size and shape until I found the precise dimensions for a perfect blush application.""—Gucci Westman, Westman Atelier founder",A specialized dome-shaped blending brush that distributes color seamlessly without streaking—the perfect match for Baby Cheeks Blush Stick (sold separately).,,10072.0,https://www.sephora.com/productimages/sku/s2434512-main-zoom.jpg?imwidth=270&pb=clean-at-sephora,3.8947,19,False,False,False,False,False,False,False,,2026-06-25T01:13:15.063165+00:00
P509877,NUDESTIX,Nudescreen SPF 30 Blush Tint,,https://www.sephora.com/product/nudestix-nudescreen-blush-lip-tint-spf-30-P509877?skuId=2756039,,,,,,,https://www.sephora.com/productimages/sku/s2756039-main-zoom.jpg?imwidth=270&pb=clean-at-sephora,4.2012,169,False,False,False,False,False,True,False,,2026-06-25T01:13:35.737421+00:00
P512304,NUDESTIX,Blush Kit Glamzilla Dirty 30,,https://www.sephora.com/product/nudestix-nudestix-glamzilla-2pc-nudies-kit-P512304?skuId=2799849,,,,,,,https://www.sephora.com/productimages/sku/s2799849-main-zoom.jpg?imwidth=270&pb=clean-at-sephora,4.6933,75,False,False,False,True,False,True,False,c,2026-06-25T01:13:41.475014+00:00
P512862,Fenty Beauty by Rihanna,Fenty Cheeks Suede Waterproof Powder Blush,,https://www.sephora.com/product/fenty-beauty-rihanna-cheeks-suede-waterproof-powder-blush-P512862?skuId=2804441,,,,,,,https://www.sephora.com/productimages/sku/s2804441-main-zoom.jpg?imwidth=270,4.617,705,False,False,False,False,False,True,False,,2026-06-25T01:13:45.184668+00:00
P505577,NUDESTIX,Mini Pink Nude Blush 3 PC Kit,,https://www.sephora.com/product/nudestix-mini-pink-nude-blush-3-pc-kit-P505577?skuId=2647667,,,,,,,https://www.sephora.com/productimages/sku/s2647667-main-zoom.jpg?imwidth=270&pb=clean-at-sephora,4.3392,171,False,False,True,False,False,True,False,,2026-06-25T01:13:49.525281+00:00
P510424,NUDESTIX,Mini Sunkissed Blush & Bronze 3pc Kit,,https://www.sephora.com/product/nudestix-sunkissed-blush-bronze-mini-3pc-kit-P510424?skuId=2756518,,,,,,,https://www.sephora.com/productimages/sku/s2756518-main-zoom.jpg?imwidth=270&pb=clean-at-sephora,4.4174,218,False,False,False,True,False,True,False,wf,2026-06-25T01:13:53.172745+00:00
P518439,SEPHORA COLLECTION,Perfectly Blushed Makeup Blush and Brush Set,,https://www.sephora.com/product/perfectly-blushed-blush-brush-set-P518439?skuId=2907889,,,,,,,https://www.sephora.com/productimages/sku/s2907889-main-zoom.jpg?imwidth=270&pb=2023-03-sephora-value-2023,4.2727,11,False,False,True,True,False,True,False,,2026-06-25T01:13:56.852045+00:00
P518430,SEPHORA COLLECTION,Blush & Go Trio Makeup Gift Set,,https://www.sephora.com/product/blush-go-trio-set-P518430?skuId=2907673,,,,,,,https://www.sephora.com/productimages/sku/s2907673-main-zoom.jpg?imwidth=270&pb=2023-03-sephora-value-2023,2.3333,6,False,False,True,True,False,True,False,,2026-06-25T01:14:00.996871+00:00
P422574,TOM FORD,"Shade And Illuminate Cream Contour Duo for Buildable, Radiant Finish",,https://www.sephora.com/product/shade-illuminate-P422574?skuId=2602852,,,,,,,https://www.sephora.com/productimages/sku/s2602852-main-zoom.jpg?imwidth=270,4.4798,1163,False,False,False,False,False,True,False,,2026-06-25T01:14:05.282021+00:00
P506024,NARS,Afterglow Liquid Blush,,https://www.sephora.com/product/afterglow-liquid-blush-P506024?skuId=2670420,,,,,,,https://www.sephora.com/productimages/sku/s2670420-main-zoom.jpg?imwidth=270,4.2651,664,False,False,True,False,False,True,False,,2026-06-25T01:14:08.792596+00:00
P509277,Melt Cosmetics,Deadly Night Shade Duo Cream Blushlight & Highlight,,https://www.sephora.com/product/melt-cosmetics-deadly-night-shade-duo-cream-blushlight-highlight-P509277?skuId=2728574,,,,,,,https://www.sephora.com/productimages/sku/s2728574-main-zoom.jpg?imwidth=270,4.0,15,False,False,False,True,False,True,False,,2026-06-25T01:14:13.220924+00:00
P516078,NARS,Hot Escape Cheek and Face Palette,,https://www.sephora.com/product/hot-escape-cheek-palette-P516078?skuId=2869352,,,,,,,https://www.sephora.com/productimages/sku/s2869352-main-zoom.jpg?imwidth=270,4.303,33,False,False,False,True,False,True,False,,2026-06-25T01:14:16.665864+00:00
